id,adjustment_type,highest_finish,is_eligible,points,position,round_id,round_number,season_id,session_id,session_number,team_id,win_count,year
197289,0,,t,0,1,,1,,5134,4,191,0,2026
197290,0,,t,0,2,,1,,5134,4,141,0,2026
197291,0,,t,0,3,,1,,5134,4,64,0,2026
197292,0,,f,0,,,1,,5134,4,6,0,2026
197293,0,,f,0,,,1,,5134,4,207,0,2026
197294,0,,f,0,,,1,,5134,4,48,0,2026
197295,0,,f,0,,,1,,5134,4,210,0,2026
197296,0,,f,0,,,1,,5134,4,211,0,2026
197297,0,,f,0,,,1,,5134,4,117,0,2026
197298,0,,f,0,,,1,,5134,4,215,0,2026
197299,0,,f,0,,,1,,5134,4,216,0,2026
197300,0,,t,0,1,,1,,5135,5,191,0,2026
197301,0,,t,0,2,,1,,5135,5,141,0,2026
197302,0,,t,0,3,,1,,5135,5,64,0,2026
197303,0,,f,0,,,1,,5135,5,6,0,2026
197304,0,,f,0,,,1,,5135,5,207,0,2026
197305,0,,f,0,,,1,,5135,5,48,0,2026
197306,0,,f,0,,,1,,5135,5,210,0,2026
197307,0,,f,0,,,1,,5135,5,211,0,2026
197308,0,,f,0,,,1,,5135,5,117,0,2026
197309,0,,f,0,,,1,,5135,5,215,0,2026
197310,0,,f,0,,,1,,5135,5,216,0,2026
197311,0,,t,0,1,,1,,5136,6,191,0,2026
197312,0,,t,0,2,,1,,5136,6,215,0,2026
197313,0,,t,0,3,,1,,5136,6,141,0,2026
197314,0,,t,0,4,,1,,5136,6,64,0,2026
197315,0,,f,0,,,1,,5136,6,6,0,2026
197316,0,,f,0,,,1,,5136,6,207,0,2026
197317,0,,f,0,,,1,,5136,6,48,0,2026
197318,0,,f,0,,,1,,5136,6,210,0,2026
197319,0,,f,0,,,1,,5136,6,211,0,2026
197320,0,,f,0,,,1,,5136,6,117,0,2026
197321,0,,f,0,,,1,,5136,6,216,0,2026
197322,0,1,t,43,1,1174,1,,5137,7,48,1,2026
197323,0,3,t,27,2,1174,1,,5137,7,6,0,2026
197324,0,5,t,10,3,1174,1,,5137,7,117,0,2026
197325,0,6,t,8,4,1174,1,,5137,7,191,0,2026
197326,0,7,t,6,5,1174,1,,5137,7,207,0,2026
197327,0,8,t,4,6,1174,1,,5137,7,211,0,2026
197328,0,9,t,2,7,1174,1,,5137,7,215,0,2026
197329,0,10,t,1,8,1174,1,,5137,7,210,0,2026
197330,0,12,t,0,9,1174,1,,5137,7,141,0,2026
197331,0,16,t,0,10,1174,1,,5137,7,216,0,2026
197332,0,,t,0,11,1174,1,,5137,7,64,0,2026
197333,0,1,t,55,1,,2,,5142,5,48,1,2026
197334,0,3,t,40,2,,2,,5142,5,6,0,2026
197335,0,5,t,18,3,,2,,5142,5,117,0,2026
197336,0,6,t,8,4,,2,,5142,5,191,0,2026
197337,0,7,t,7,5,,2,,5142,5,207,0,2026
197338,0,8,t,6,6,,2,,5142,5,211,0,2026
197339,0,9,t,2,7,,2,,5142,5,215,0,2026
197340,0,10,t,1,8,,2,,5142,5,210,0,2026
197341,0,12,t,0,9,,2,,5142,5,141,0,2026
197342,0,16,t,0,10,,2,,5142,5,216,0,2026
197343,0,,t,0,11,,2,,5142,5,64,0,2026
197344,0,1,t,55,1,,2,,5143,6,48,1,2026
197345,0,3,t,40,2,,2,,5143,6,6,0,2026
197346,0,5,t,18,3,,2,,5143,6,117,0,2026
197347,0,6,t,8,4,,2,,5143,6,191,0,2026
197348,0,7,t,7,5,,2,,5143,6,207,0,2026
197349,0,8,t,6,6,,2,,5143,6,211,0,2026
197350,0,9,t,2,7,,2,,5143,6,215,0,2026
197351,0,10,t,1,8,,2,,5143,6,210,0,2026
197352,0,12,t,0,9,,2,,5143,6,141,0,2026
197353,0,16,t,0,10,,2,,5143,6,216,0,2026
197354,0,,t,0,11,,2,,5143,6,64,0,2026
197355,0,1,t,55,1,,2,,5144,7,48,1,2026
197356,0,3,t,40,2,,2,,5144,7,6,0,2026
197357,0,5,t,18,3,,2,,5144,7,117,0,2026
197358,0,6,t,8,4,,2,,5144,7,191,0,2026
197359,0,7,t,7,5,,2,,5144,7,207,0,2026
197360,0,8,t,6,6,,2,,5144,7,211,0,2026
197361,0,9,t,2,7,,2,,5144,7,215,0,2026
197362,0,10,t,1,8,,2,,5144,7,210,0,2026
197363,0,12,t,0,9,,2,,5144,7,141,0,2026
197364,0,16,t,0,10,,2,,5144,7,216,0,2026
197365,0,,t,0,11,,2,,5144,7,64,0,2026
197366,0,1,t,55,1,,2,,5145,8,48,1,2026
197367,0,3,t,40,2,,2,,5145,8,6,0,2026
197368,0,5,t,18,3,,2,,5145,8,117,0,2026
197369,0,6,t,8,4,,2,,5145,8,191,0,2026
197370,0,7,t,7,5,,2,,5145,8,207,0,2026
197371,0,8,t,6,6,,2,,5145,8,211,0,2026
197372,0,9,t,2,7,,2,,5145,8,215,0,2026
197373,0,10,t,1,8,,2,,5145,8,210,0,2026
197374,0,12,t,0,9,,2,,5145,8,141,0,2026
197375,0,16,t,0,10,,2,,5145,8,216,0,2026
197376,0,,t,0,11,,2,,5145,8,64,0,2026
197377,0,1,t,8,1,65,1,,193,3,7,1,1958
197378,0,2,t,6,2,65,1,,193,3,6,0,1958
197379,0,4,t,3,3,65,1,,193,3,2,0,1958
197380,0,1,t,16,1,66,2,,196,3,7,2,1958
197381,0,2,t,12,2,66,2,,196,3,6,0,1958
197382,0,4,t,3,3,66,2,,196,3,2,0,1958
197383,0,5,t,2,4,66,2,,196,3,34,0,1958
197384,0,6,f,0,,66,2,,196,3,58,0,1958
197385,0,,f,0,,66,2,,196,3,49,0,1958
197386,0,1,t,19,1,67,3,,199,3,7,2,1958
197387,0,2,t,14,2,67,3,,199,3,6,0,1958
197388,0,1,t,8,3,67,3,,199,3,49,1,1958
197389,0,2,t,8,4,67,3,,199,3,34,0,1958
197390,0,4,t,3,5,67,3,,199,3,2,0,1958
197391,0,6,f,0,,67,3,,199,3,58,0,1958
197392,0,11,f,0,,67,3,,199,3,57,0,1958
197393,0,1,t,19,1,68,4,,202,3,7,2,1958
197394,0,2,t,14,2,68,4,,202,3,6,0,1958
197395,0,1,t,8,3,68,4,,202,3,49,1,1958
197396,0,2,t,8,4,68,4,,202,3,34,0,1958
197397,0,4,t,3,5,68,4,,202,3,2,0,1958
197398,0,6,f,0,,68,4,,202,3,58,0,1958
197399,0,11,f,0,,68,4,,202,3,57,0,1958
197400,0,2,t,20,1,69,5,,205,3,6,0,1958
197401,0,1,t,19,2,69,5,,205,3,7,2,1958
197402,0,1,t,16,3,69,5,,205,3,49,2,1958
197403,0,2,t,10,4,69,5,,205,3,34,0,1958
197404,0,4,t,3,5,69,5,,205,3,58,0,1958
197405,0,4,t,3,6,69,5,,205,3,2,0,1958
197406,0,11,f,0,,69,5,,205,3,57,0,1958
197407,0,1,t,28,1,70,6,,208,3,6,1,1958
197408,0,1,t,22,2,70,6,,208,3,49,2,1958
197409,0,1,t,19,3,70,6,,208,3,7,2,1958
197410,0,2,t,10,4,70,6,,208,3,34,0,1958
197411,0,4,t,6,5,70,6,,208,3,2,0,1958
197412,0,4,t,3,6,70,6,,208,3,58,0,1958
197413,0,11,f,0,,70,6,,208,3,57,0,1958
197414,0,1,t,36,1,71,7,,211,3,6,2,1958
197415,0,1,t,25,2,71,7,,211,3,49,2,1958
197416,0,1,t,23,3,71,7,,211,3,7,2,1958
197417,0,2,t,12,4,71,7,,211,3,34,0,1958
197418,0,4,t,6,5,71,7,,211,3,2,0,1958
197419,0,4,t,3,6,71,7,,211,3,58,0,1958
197420,0,11,f,0,,71,7,,211,3,57,0,1958
197421,0,,f,0,,71,7,,211,3,40,0,1958
197422,0,1,t,37,1,72,8,,214,3,6,2,1958
197423,0,1,t,33,2,72,8,,214,3,49,3,1958
197424,0,1,t,29,3,72,8,,214,3,7,2,1958
197425,0,2,t,12,4,72,8,,214,3,34,0,1958
197426,0,4,t,6,5,72,8,,214,3,2,0,1958
197427,0,4,t,3,6,72,8,,214,3,58,0,1958
197428,0,6,f,0,,72,8,,214,3,57,0,1958
197429,0,,f,0,,72,8,,214,3,40,0,1958
197430,0,1,t,41,1,73,9,,217,3,49,4,1958
197431,0,1,t,40,2,73,9,,217,3,6,2,1958
197432,0,1,t,29,3,73,9,,217,3,7,2,1958
197433,0,2,t,15,4,73,9,,217,3,34,0,1958
197434,0,4,t,6,5,73,9,,217,3,2,0,1958
197435,0,4,t,3,6,73,9,,217,3,58,0,1958
197436,0,6,f,0,,73,9,,217,3,57,0,1958
197437,0,,f,0,,73,9,,217,3,40,0,1958
197438,0,1,t,46,1,74,10,,220,3,49,5,1958
197439,0,1,t,40,2,74,10,,220,3,6,2,1958
197440,0,1,t,31,3,74,10,,220,3,7,2,1958
197441,0,2,t,15,4,74,10,,220,3,34,0,1958
197442,0,4,t,6,5,74,10,,220,3,2,0,1958
197443,0,4,t,3,6,74,10,,220,3,58,0,1958
197444,0,6,f,0,,74,10,,220,3,57,0,1958
197445,0,,f,0,,74,10,,220,3,40,0,1958
197446,0,1,t,48,1,75,11,9,223,3,49,6,1958
197447,0,1,t,40,2,75,11,9,223,3,6,2,1958
197448,0,1,t,31,3,75,11,9,223,3,7,2,1958
197449,0,2,t,18,4,75,11,9,223,3,34,0,1958
197450,0,4,t,6,5,75,11,9,223,3,2,0,1958
197451,0,4,t,3,6,75,11,9,223,3,58,0,1958
197452,0,6,f,0,,75,11,9,223,3,57,0,1958
197453,0,,f,0,,75,11,9,223,3,40,0,1958
197454,0,1,t,8,1,76,1,,226,3,59,1,1959
197455,0,2,t,6,2,76,1,,226,3,6,0,1959
197456,0,6,f,0,,76,1,,226,3,60,0,1959
197457,0,,f,0,,76,1,,226,3,34,0,1959
197458,0,,f,0,,76,1,,226,3,58,0,1959
197459,0,,f,0,,76,1,,226,3,57,0,1959
197460,0,1,t,8,1,77,2,,229,3,59,1,1959
197461,0,2,t,6,2,77,2,,229,3,6,0,1959
197462,0,6,f,0,,77,2,,229,3,60,0,1959
197463,0,,f,0,,77,2,,229,3,34,0,1959
197464,0,,f,0,,77,2,,229,3,58,0,1959
197465,0,,f,0,,77,2,,229,3,57,0,1959
197466,0,1,t,14,1,78,3,,232,3,59,1,1959
197467,0,1,t,8,2,78,3,,232,3,34,1,1959
197468,0,2,t,8,3,78,3,,232,3,6,0,1959
197469,0,4,t,3,4,78,3,,232,3,58,0,1959
197470,0,6,f,0,,78,3,,232,3,60,0,1959
197471,0,10,f,0,,78,3,,232,3,57,0,1959
197472,0,,f,0,,78,3,,232,3,64,0,1959
197473,0,1,t,18,1,79,4,,235,3,59,1,1959
197474,0,1,t,16,2,79,4,,235,3,6,1,1959
197475,0,1,t,8,3,79,4,,235,3,34,1,1959
197476,0,4,t,3,4,79,4,,235,3,58,0,1959
197477,0,6,f,0,,79,4,,235,3,60,0,1959
197478,0,8,f,0,,79,4,,235,3,2,0,1959
197479,0,10,f,0,,79,4,,235,3,57,0,1959
197480,0,,f,0,,79,4,,235,3,64,0,1959
197481,0,1,t,26,1,80,5,,238,3,59,2,1959
197482,0,1,t,16,2,80,5,,238,3,6,1,1959
197483,0,1,t,14,3,80,5,,238,3,34,1,1959
197484,0,4,t,3,4,80,5,,238,3,58,0,1959
197485,0,6,f,0,,80,5,,238,3,60,0,1959
197486,0,6,f,0,,80,5,,238,3,64,0,1959
197487,0,8,f,0,,80,5,,238,3,2,0,1959
197488,0,10,f,0,,80,5,,238,3,57,0,1959
197489,0,10,f,0,,80,5,,238,3,67,0,1959
197490,0,,f,0,,80,5,,238,3,65,0,1959
197491,0,,f,0,,80,5,,238,3,49,0,1959
197492,0,1,t,29,1,81,6,,241,3,59,2,1959
197493,0,1,t,24,2,81,6,,241,3,6,2,1959
197494,0,1,t,16,3,81,6,,241,3,34,1,1959
197495,0,4,t,3,4,81,6,,241,3,58,0,1959
197496,0,6,f,0,,81,6,,241,3,60,0,1959
197497,0,6,f,0,,81,6,,241,3,64,0,1959
197498,0,8,f,0,,81,6,,241,3,2,0,1959
197499,0,10,f,0,,81,6,,241,3,57,0,1959
197500,0,10,f,0,,81,6,,241,3,67,0,1959
197501,0,,f,0,,81,6,,241,3,65,0,1959
197502,0,,f,0,,81,6,,241,3,49,0,1959
197503,0,1,t,34,1,82,7,,244,3,59,3,1959
197504,0,1,t,28,2,82,7,,244,3,6,2,1959
197505,0,1,t,18,3,82,7,,244,3,34,1,1959
197506,0,4,t,3,4,82,7,,244,3,58,0,1959
197507,0,6,f,0,,82,7,,244,3,60,0,1959
197508,0,6,f,0,,82,7,,244,3,64,0,1959
197509,0,8,f,0,,82,7,,244,3,2,0,1959
197510,0,10,f,0,,82,7,,244,3,57,0,1959
197511,0,10,f,0,,82,7,,244,3,67,0,1959
197512,0,,f,0,,82,7,,244,3,65,0,1959
197513,0,,f,0,,82,7,,244,3,49,0,1959
197514,0,1,t,38,1,83,8,,247,3,59,4,1959
197515,0,1,t,32,2,83,8,,247,3,6,2,1959
197516,0,1,t,18,3,83,8,,247,3,34,1,1959
197517,0,4,t,3,4,83,8,,247,3,58,0,1959
197518,0,6,f,0,,83,8,,247,3,60,0,1959
197519,0,6,f,0,,83,8,,247,3,64,0,1959
197520,0,8,f,0,,83,8,,247,3,2,0,1959
197521,0,10,f,0,,83,8,,247,3,57,0,1959
197522,0,10,f,0,,83,8,,247,3,67,0,1959
197523,0,,f,0,,83,8,,247,3,65,0,1959
197524,0,,f,0,,83,8,,247,3,49,0,1959
197525,0,1,t,40,1,84,9,10,250,3,59,5,1959
197526,0,1,t,32,2,84,9,10,250,3,6,2,1959
197527,0,1,t,18,3,84,9,10,250,3,34,1,1959
197528,0,4,t,5,4,84,9,10,250,3,58,0,1959
197529,0,6,f,0,,84,9,10,250,3,60,0,1959
197530,0,6,f,0,,84,9,10,250,3,64,0,1959
197531,0,7,f,0,,84,9,10,250,3,57,0,1959
197532,0,8,f,0,,84,9,10,250,3,2,0,1959
197533,0,10,f,0,,84,9,10,250,3,67,0,1959
197534,0,,f,0,,84,9,10,250,3,10,0,1959
197535,0,,f,0,,84,9,10,250,3,69,0,1959
197536,0,,f,0,,84,9,10,250,3,68,0,1959
197537,0,,f,0,,84,9,10,250,3,40,0,1959
197538,0,,f,0,,84,9,10,250,3,65,0,1959
197539,0,,f,0,,84,9,10,250,3,49,0,1959
197540,0,1,t,8,1,85,1,,253,3,59,1,1960
197541,0,2,t,6,2,85,1,,253,3,6,0,1960
197542,0,4,t,3,3,85,1,,253,3,60,0,1960
197543,0,6,t,1,4,85,1,,253,3,58,0,1960
197544,0,7,f,0,,85,1,,253,3,34,0,1960
197545,0,12,f,0,,85,1,,253,3,70,0,1960
197546,0,13,f,0,,85,1,,253,3,2,0,1960
197547,0,1,t,14,1,86,2,,256,3,59,1,1960
197548,0,2,t,10,2,86,2,,256,3,6,0,1960
197549,0,1,t,9,3,86,2,,256,3,58,1,1960
197550,0,4,t,3,4,86,2,,256,3,60,0,1960
197551,0,5,t,2,5,86,2,,256,3,34,0,1960
197552,0,12,f,0,,86,2,,256,3,70,0,1960
197553,0,13,f,0,,86,2,,256,3,2,0,1960
197554,0,1,t,14,1,87,3,,259,3,59,1,1960
197555,0,2,t,10,2,87,3,,259,3,6,0,1960
197556,0,1,t,9,3,87,3,,259,3,58,1,1960
197557,0,4,t,3,4,87,3,,259,3,60,0,1960
197558,0,5,t,2,5,87,3,,259,3,34,0,1960
197559,0,12,f,0,,87,3,,259,3,70,0,1960
197560,0,13,f,0,,87,3,,259,3,2,0,1960
197561,0,1,t,22,1,88,4,,262,3,59,2,1960
197562,0,1,t,15,2,88,4,,262,3,58,1,1960
197563,0,2,t,12,3,88,4,,262,3,6,0,1960
197564,0,3,t,6,4,88,4,,262,3,34,0,1960
197565,0,4,t,3,5,88,4,,262,3,60,0,1960
197566,0,12,f,0,,88,4,,262,3,70,0,1960
197567,0,13,f,0,,88,4,,262,3,2,0,1960
197568,0,,f,0,,88,4,,262,3,64,0,1960
197569,0,,f,0,,88,4,,262,3,71,0,1960
197570,0,1,t,30,1,89,5,,265,3,59,3,1960
197571,0,1,t,17,2,89,5,,265,3,58,1,1960
197572,0,2,t,15,3,89,5,,265,3,6,0,1960
197573,0,3,t,6,4,89,5,,265,3,34,0,1960
197574,0,4,t,3,5,89,5,,265,3,60,0,1960
197575,0,12,f,0,,89,5,,265,3,70,0,1960
197576,0,13,f,0,,89,5,,265,3,2,0,1960
197577,0,,f,0,,89,5,,265,3,71,0,1960
197578,0,,f,0,,89,5,,265,3,64,0,1960
197579,0,1,t,38,1,90,6,,268,3,59,4,1960
197580,0,1,t,19,2,90,6,,268,3,58,1,1960
197581,0,2,t,15,3,90,6,,268,3,6,0,1960
197582,0,3,t,6,4,90,6,,268,3,34,0,1960
197583,0,4,t,3,5,90,6,,268,3,60,0,1960
197584,0,12,f,0,,90,6,,268,3,70,0,1960
197585,0,13,f,0,,90,6,,268,3,2,0,1960
197586,0,,f,0,,90,6,,268,3,71,0,1960
197587,0,,f,0,,90,6,,268,3,72,0,1960
197588,0,,f,0,,90,6,,268,3,64,0,1960
197589,0,,f,0,,90,6,,268,3,49,0,1960
197590,0,1,t,46,1,91,7,,271,3,59,5,1960
197591,0,1,t,25,2,91,7,,271,3,58,1,1960
197592,0,2,t,16,3,91,7,,271,3,6,0,1960
197593,0,3,t,6,4,91,7,,271,3,34,0,1960
197594,0,4,t,3,5,91,7,,271,3,60,0,1960
197595,0,11,f,0,,91,7,,271,3,64,0,1960
197596,0,12,f,0,,91,7,,271,3,70,0,1960
197597,0,13,f,0,,91,7,,271,3,2,0,1960
197598,0,13,f,0,,91,7,,271,3,65,0,1960
197599,0,15,f,0,,91,7,,271,3,72,0,1960
197600,0,,f,0,,91,7,,271,3,71,0,1960
197601,0,,f,0,,91,7,,271,3,49,0,1960
197602,0,1,t,48,1,92,8,,274,3,59,6,1960
197603,0,1,t,28,2,92,8,,274,3,58,1,1960
197604,0,2,t,19,3,92,8,,274,3,6,0,1960
197605,0,3,t,6,4,92,8,,274,3,34,0,1960
197606,0,4,t,3,5,92,8,,274,3,60,0,1960
197607,0,11,f,0,,92,8,,274,3,64,0,1960
197608,0,12,f,0,,92,8,,274,3,70,0,1960
197609,0,13,f,0,,92,8,,274,3,2,0,1960
197610,0,13,f,0,,92,8,,274,3,65,0,1960
197611,0,15,f,0,,92,8,,274,3,72,0,1960
197612,0,,f,0,,92,8,,274,3,71,0,1960
197613,0,,f,0,,92,8,,274,3,49,0,1960
197614,0,1,t,48,1,93,9,,277,3,59,6,1960
197615,0,1,t,28,2,93,9,,277,3,58,1,1960
197616,0,1,t,26,3,93,9,,277,3,6,1,1960
197617,0,3,t,6,4,93,9,,277,3,34,0,1960
197618,0,4,t,3,5,93,9,,277,3,60,0,1960
197619,0,4,t,3,6,93,9,,277,3,72,0,1960
197620,0,6,t,1,7,93,9,,277,3,57,0,1960
197621,0,10,f,0,,93,9,,277,3,70,0,1960
197622,0,11,f,0,,93,9,,277,3,64,0,1960
197623,0,13,f,0,,93,9,,277,3,65,0,1960
197624,0,13,f,0,,93,9,,277,3,2,0,1960
197625,0,,f,0,,93,9,,277,3,71,0,1960
197626,0,,f,0,,93,9,,277,3,49,0,1960
197627,0,1,t,48,1,94,10,11,280,3,59,6,1960
197628,0,1,t,34,2,94,10,11,280,3,58,2,1960
197629,0,1,t,26,3,94,10,11,280,3,6,1,1960
197630,0,3,t,8,4,94,10,11,280,3,34,0,1960
197631,0,4,t,3,5,94,10,11,280,3,60,0,1960
197632,0,4,t,3,6,94,10,11,280,3,72,0,1960
197633,0,6,t,1,7,94,10,11,280,3,57,0,1960
197634,0,10,f,0,,94,10,11,280,3,70,0,1960
197635,0,10,f,0,,94,10,11,280,3,71,0,1960
197636,0,11,f,0,,94,10,11,280,3,64,0,1960
197637,0,13,f,0,,94,10,11,280,3,2,0,1960
197638,0,13,f,0,,94,10,11,280,3,65,0,1960
197639,0,,f,0,,94,10,11,280,3,49,0,1960
197640,0,1,t,9,1,95,1,,283,3,74,1,1961
197641,0,2,t,6,2,95,1,,283,3,6,0,1961
197642,0,5,t,2,3,95,1,,283,3,57,0,1961
197643,0,6,t,1,4,95,1,,283,3,59,0,1961
197644,0,7,f,0,,95,1,,283,3,60,0,1961
197645,0,13,f,0,,95,1,,283,3,34,0,1961
197646,0,1,t,15,1,96,2,,286,3,6,1,1961
197647,0,1,t,13,2,96,2,,286,3,74,1,1961
197648,0,5,t,2,3,96,2,,286,3,57,0,1961
197649,0,6,t,2,4,96,2,,286,3,59,0,1961
197650,0,7,f,0,,96,2,,286,3,60,0,1961
197651,0,8,f,0,,96,2,,286,3,34,0,1961
197652,0,1,t,24,1,97,3,,289,3,6,2,1961
197653,0,1,t,13,2,97,3,,289,3,74,1,1961
197654,0,5,t,4,3,97,3,,289,3,59,0,1961
197655,0,5,t,3,4,97,3,,289,3,57,0,1961
197656,0,7,f,0,,97,3,,289,3,60,0,1961
197657,0,8,f,0,,97,3,,289,3,34,0,1961
197658,0,1,t,33,1,98,4,,292,3,6,3,1961
197659,0,1,t,17,2,98,4,,292,3,74,1,1961
197660,0,2,t,9,3,98,4,,292,3,57,0,1961
197661,0,5,t,6,4,98,4,,292,3,59,0,1961
197662,0,6,t,1,5,98,4,,292,3,34,0,1961
197663,0,7,f,0,,98,4,,292,3,60,0,1961
197664,0,,f,0,,98,4,,292,3,75,0,1961
197665,0,,f,0,,98,4,,292,3,55,0,1961
197666,0,,f,0,,98,4,,292,3,65,0,1961
197667,0,1,t,42,1,99,5,,295,3,6,4,1961
197668,0,1,t,17,2,99,5,,295,3,74,1,1961
197669,0,2,t,11,3,99,5,,295,3,57,0,1961
197670,0,4,t,9,4,99,5,,295,3,59,0,1961
197671,0,6,t,1,5,99,5,,295,3,34,0,1961
197672,0,7,f,0,,99,5,,295,3,60,0,1961
197673,0,15,f,0,,99,5,,295,3,77,0,1961
197674,0,,f,0,,99,5,,295,3,76,0,1961
197675,0,,f,0,,99,5,,295,3,75,0,1961
197676,0,,f,0,,99,5,,295,3,55,0,1961
197677,0,,f,0,,99,5,,295,3,65,0,1961
197678,0,1,t,42,1,100,6,,298,3,6,4,1961
197679,0,1,t,26,2,100,6,,298,3,74,2,1961
197680,0,2,t,11,3,100,6,,298,3,57,0,1961
197681,0,4,t,10,4,100,6,,298,3,59,0,1961
197682,0,6,t,1,5,100,6,,298,3,34,0,1961
197683,0,7,f,0,,100,6,,298,3,60,0,1961
197684,0,15,f,0,,100,6,,298,3,77,0,1961
197685,0,,f,0,,100,6,,298,3,76,0,1961
197686,0,,f,0,,100,6,,298,3,75,0,1961
197687,0,,f,0,,100,6,,298,3,55,0,1961
197688,0,,f,0,,100,6,,298,3,78,0,1961
197689,0,,f,0,,100,6,,298,3,65,0,1961
197690,0,1,t,45,1,101,7,,301,3,6,5,1961
197691,0,1,t,26,2,101,7,,301,3,74,2,1961
197692,0,2,t,17,3,101,7,,301,3,57,0,1961
197693,0,3,t,13,4,101,7,,301,3,59,0,1961
197694,0,5,t,3,5,101,7,,301,3,34,0,1961
197695,0,7,f,0,,101,7,,301,3,60,0,1961
197696,0,15,f,0,,101,7,,301,3,77,0,1961
197697,0,,f,0,,101,7,,301,3,79,0,1961
197698,0,,f,0,,101,7,,301,3,76,0,1961
197699,0,,f,0,,101,7,,301,3,80,0,1961
197700,0,,f,0,,101,7,,301,3,75,0,1961
197701,0,,f,0,,101,7,,301,3,65,0,1961
197702,0,,f,0,,101,7,,301,3,55,0,1961
197703,0,,f,0,,101,7,,301,3,78,0,1961
197704,0,1,t,45,1,102,8,12,304,3,6,5,1961
197705,0,1,t,35,2,102,8,12,304,3,74,3,1961
197706,0,2,t,22,3,102,8,12,304,3,57,0,1961
197707,0,3,t,14,4,102,8,12,304,3,59,0,1961
197708,0,3,t,7,5,102,8,12,304,3,34,0,1961
197709,0,7,f,0,,102,8,12,304,3,60,0,1961
197710,0,15,f,0,,102,8,12,304,3,77,0,1961
197711,0,,f,0,,102,8,12,304,3,79,0,1961
197712,0,,f,0,,102,8,12,304,3,76,0,1961
197713,0,,f,0,,102,8,12,304,3,80,0,1961
197714,0,,f,0,,102,8,12,304,3,75,0,1961
197715,0,,f,0,,102,8,12,304,3,65,0,1961
197716,0,,f,0,,102,8,12,304,3,55,0,1961
197717,0,,f,0,,102,8,12,304,3,78,0,1961
197718,0,1,t,9,1,103,1,,307,3,34,1,1962
197719,0,2,t,6,2,103,1,,307,3,74,0,1962
197720,0,3,t,4,3,103,1,,307,3,6,0,1962
197721,0,5,t,2,4,103,1,,307,3,59,0,1962
197722,0,6,t,1,5,103,1,,307,3,57,0,1962
197723,0,,f,0,,103,1,,307,3,55,0,1962
197724,0,,f,0,,103,1,,307,3,81,0,1962
197725,0,1,t,11,1,104,2,,310,3,59,1,1962
197726,0,1,t,10,2,104,2,,310,3,34,1,1962
197727,0,2,t,10,3,104,2,,310,3,6,0,1962
197728,0,2,t,6,4,104,2,,310,3,74,0,1962
197729,0,4,t,3,5,104,2,,310,3,81,0,1962
197730,0,5,t,3,6,104,2,,310,3,57,0,1962
197731,0,,f,0,,104,2,,310,3,55,0,1962
197732,0,,f,0,,104,2,,310,3,80,0,1962
197733,0,1,t,16,1,105,3,,313,3,34,1,1962
197734,0,1,t,15,2,105,3,,313,3,74,1,1962
197735,0,2,t,14,3,105,3,,313,3,6,0,1962
197736,0,1,t,11,4,105,3,,313,3,59,1,1962
197737,0,4,t,5,5,105,3,,313,3,81,0,1962
197738,0,5,t,3,6,105,3,,313,3,57,0,1962
197739,0,,f,0,,105,3,,313,3,55,0,1962
197740,0,,f,0,,105,3,,313,3,82,0,1962
197741,0,,f,0,,105,3,,313,3,80,0,1962
197742,0,1,t,20,1,106,4,,316,3,34,1,1962
197743,0,1,t,17,2,106,4,,316,3,59,1,1962
197744,0,1,t,15,3,106,4,,316,3,74,1,1962
197745,0,2,t,14,4,106,4,,316,3,6,0,1962
197746,0,1,t,12,5,106,4,,316,3,57,1,1962
197747,0,4,t,7,6,106,4,,316,3,81,0,1962
197748,0,,f,0,,106,4,,316,3,7,0,1962
197749,0,,f,0,,106,4,,316,3,82,0,1962
197750,0,,f,0,,106,4,,316,3,55,0,1962
197751,0,,f,0,,106,4,,316,3,58,0,1962
197752,0,,f,0,,106,4,,316,3,80,0,1962
197753,0,1,t,24,1,107,5,,319,3,74,2,1962
197754,0,1,t,23,2,107,5,,319,3,34,1,1962
197755,0,1,t,21,3,107,5,,319,3,59,1,1962
197756,0,2,t,14,4,107,5,,319,3,6,0,1962
197757,0,2,t,13,5,107,5,,319,3,81,0,1962
197758,0,1,t,12,6,107,5,,319,3,57,1,1962
197759,0,11,f,0,,107,5,,319,3,55,0,1962
197760,0,,f,0,,107,5,,319,3,7,0,1962
197761,0,,f,0,,107,5,,319,3,82,0,1962
197762,0,,f,0,,107,5,,319,3,58,0,1962
197763,0,,f,0,,107,5,,319,3,80,0,1962
197764,0,,f,0,,107,5,,319,3,77,0,1962
197765,0,1,t,31,1,108,6,,322,3,34,2,1962
197766,0,1,t,27,2,108,6,,322,3,74,2,1962
197767,0,1,t,23,3,108,6,,322,3,59,1,1962
197768,0,2,t,19,4,108,6,,322,3,81,0,1962
197769,0,1,t,16,5,108,6,,322,3,57,1,1962
197770,0,2,t,15,6,108,6,,322,3,6,0,1962
197771,0,11,f,0,,108,6,,322,3,55,0,1962
197772,0,16,f,0,,108,6,,322,3,84,0,1962
197773,0,,f,0,,108,6,,322,3,7,0,1962
197774,0,,f,0,,108,6,,322,3,82,0,1962
197775,0,,f,0,,108,6,,322,3,58,0,1962
197776,0,,f,0,,108,6,,322,3,83,0,1962
197777,0,,f,0,,108,6,,322,3,77,0,1962
197778,0,,f,0,,108,6,,322,3,80,0,1962
197779,0,1,t,37,1,109,7,,325,3,34,3,1962
197780,0,1,t,27,2,109,7,,325,3,74,2,1962
197781,0,1,t,25,3,109,7,,325,3,59,1,1962
197782,0,2,t,19,4,109,7,,325,3,81,0,1962
197783,0,2,t,18,5,109,7,,325,3,6,0,1962
197784,0,1,t,17,6,109,7,,325,3,57,1,1962
197785,0,11,f,0,,109,7,,325,3,55,0,1962
197786,0,12,f,0,,109,7,,325,3,82,0,1962
197787,0,16,f,0,,109,7,,325,3,84,0,1962
197788,0,,f,0,,109,7,,325,3,7,0,1962
197789,0,,f,0,,109,7,,325,3,58,0,1962
197790,0,,f,0,,109,7,,325,3,83,0,1962
197791,0,,f,0,,109,7,,325,3,77,0,1962
197792,0,,f,0,,109,7,,325,3,80,0,1962
197793,0,,f,0,,109,7,,325,3,86,0,1962
197794,0,1,t,39,1,110,8,,328,3,34,3,1962
197795,0,1,t,36,2,110,8,,328,3,74,3,1962
197796,0,1,t,27,3,110,8,,328,3,59,1,1962
197797,0,2,t,19,4,110,8,,328,3,81,0,1962
197798,0,1,t,18,5,110,8,,328,3,57,1,1962
197799,0,2,t,18,6,110,8,,328,3,6,0,1962
197800,0,4,t,3,7,110,8,,328,3,83,0,1962
197801,0,6,t,1,8,110,8,,328,3,82,0,1962
197802,0,11,f,0,,110,8,,328,3,55,0,1962
197803,0,16,f,0,,110,8,,328,3,84,0,1962
197804,0,,f,0,,110,8,,328,3,7,0,1962
197805,0,,f,0,,110,8,,328,3,58,0,1962
197806,0,,f,0,,110,8,,328,3,77,0,1962
197807,0,,f,0,,110,8,,328,3,80,0,1962
197808,0,,f,0,,110,8,,328,3,86,0,1962
197809,0,1,t,42,1,111,9,13,331,3,34,4,1962
197810,0,1,t,36,2,111,9,13,331,3,74,3,1962
197811,0,1,t,29,3,111,9,13,331,3,59,1,1962
197812,0,2,t,19,4,111,9,13,331,3,81,0,1962
197813,0,1,t,18,5,111,9,13,331,3,57,1,1962
197814,0,2,t,18,6,111,9,13,331,3,6,0,1962
197815,0,4,t,6,7,111,9,13,331,3,83,0,1962
197816,0,6,t,1,8,111,9,13,331,3,82,0,1962
197817,0,11,f,0,,111,9,13,331,3,55,0,1962
197818,0,16,f,0,,111,9,13,331,3,84,0,1962
197819,0,,f,0,,111,9,13,331,3,7,0,1962
197820,0,,f,0,,111,9,13,331,3,87,0,1962
197821,0,,f,0,,111,9,13,331,3,88,0,1962
197822,0,,f,0,,111,9,13,331,3,58,0,1962
197823,0,,f,0,,111,9,13,331,3,77,0,1962
197824,0,,f,0,,111,9,13,331,3,80,0,1962
197825,0,,f,0,,111,9,13,331,3,86,0,1962
197826,0,1,t,9,1,112,1,,334,3,34,1,1963
197827,0,3,t,4,2,112,1,,334,3,59,0,1963
197828,0,4,t,3,3,112,1,,334,3,6,0,1963
197829,0,6,t,1,4,112,1,,334,3,74,0,1963
197830,0,,f,0,,112,1,,334,3,82,0,1963
197831,0,,f,0,,112,1,,334,3,81,0,1963
197832,0,,f,0,,112,1,,334,3,83,0,1963
197833,0,,f,0,,112,1,,334,3,89,0,1963
197834,0,,f,0,,112,1,,334,3,90,0,1963
197835,0,,f,0,,112,1,,334,3,85,0,1963
197836,0,,f,0,,112,1,,334,3,57,0,1963
197837,0,1,t,12,1,113,2,,337,3,34,1,1963
197838,0,1,t,10,2,113,2,,337,3,74,1,1963
197839,0,2,t,10,3,113,2,,337,3,59,0,1963
197840,0,3,t,4,4,113,2,,337,3,83,0,1963
197841,0,4,t,3,5,113,2,,337,3,6,0,1963
197842,0,6,t,1,6,113,2,,337,3,57,0,1963
197843,0,8,f,0,,113,2,,337,3,90,0,1963
197844,0,,f,0,,113,2,,337,3,82,0,1963
197845,0,,f,0,,113,2,,337,3,81,0,1963
197846,0,,f,0,,113,2,,337,3,89,0,1963
197847,0,,f,0,,113,2,,337,3,91,0,1963
197848,0,,f,0,,113,2,,337,3,85,0,1963
197849,0,1,t,19,1,114,3,,340,3,74,2,1963
197850,0,1,t,14,2,114,3,,340,3,34,1,1963
197851,0,2,t,10,3,114,3,,340,3,59,0,1963
197852,0,2,t,10,4,114,3,,340,3,83,0,1963
197853,0,3,t,7,5,114,3,,340,3,6,0,1963
197854,0,4,t,3,6,114,3,,340,3,91,0,1963
197855,0,6,t,1,7,114,3,,340,3,57,0,1963
197856,0,7,f,0,,114,3,,340,3,82,0,1963
197857,0,8,f,0,,114,3,,340,3,90,0,1963
197858,0,,f,0,,114,3,,340,3,81,0,1963
197859,0,,f,0,,114,3,,340,3,89,0,1963
197860,0,,f,0,,114,3,,340,3,85,0,1963
197861,0,1,t,28,1,115,4,,343,3,74,3,1963
197862,0,2,t,16,2,115,4,,343,3,59,0,1963
197863,0,1,t,14,3,115,4,,343,3,34,1,1963
197864,0,2,t,13,4,115,4,,343,3,83,0,1963
197865,0,3,t,7,5,115,4,,343,3,6,0,1963
197866,0,4,t,3,6,115,4,,343,3,91,0,1963
197867,0,6,t,1,7,115,4,,343,3,82,0,1963
197868,0,6,t,1,8,115,4,,343,3,57,0,1963
197869,0,7,f,0,,115,4,,343,3,81,0,1963
197870,0,8,f,0,,115,4,,343,3,90,0,1963
197871,0,,f,0,,115,4,,343,3,89,0,1963
197872,0,,f,0,,115,4,,343,3,85,0,1963
197873,0,1,t,37,1,116,5,,346,3,74,4,1963
197874,0,1,t,18,2,116,5,,346,3,34,1,1963
197875,0,2,t,16,3,116,5,,346,3,59,0,1963
197876,0,2,t,13,4,116,5,,346,3,6,0,1963
197877,0,2,t,13,5,116,5,,346,3,83,0,1963
197878,0,4,t,3,6,116,5,,346,3,91,0,1963
197879,0,6,t,2,7,116,5,,346,3,82,0,1963
197880,0,6,t,1,8,116,5,,346,3,57,0,1963
197881,0,7,f,0,,116,5,,346,3,81,0,1963
197882,0,8,f,0,,116,5,,346,3,90,0,1963
197883,0,,f,0,,116,5,,346,3,89,0,1963
197884,0,,f,0,,116,5,,346,3,77,0,1963
197885,0,,f,0,,116,5,,346,3,85,0,1963
197886,0,1,t,43,1,117,6,,349,3,74,4,1963
197887,0,1,t,22,2,117,6,,349,3,6,1,1963
197888,0,1,t,22,3,117,6,,349,3,34,1,1963
197889,0,2,t,17,4,117,6,,349,3,59,0,1963
197890,0,2,t,13,5,117,6,,349,3,83,0,1963
197891,0,4,t,4,6,117,6,,349,3,57,0,1963
197892,0,5,t,4,7,117,6,,349,3,82,0,1963
197893,0,4,t,3,8,117,6,,349,3,91,0,1963
197894,0,7,f,0,,117,6,,349,3,81,0,1963
197895,0,8,f,0,,117,6,,349,3,90,0,1963
197896,0,,f,0,,117,6,,349,3,89,0,1963
197897,0,,f,0,,117,6,,349,3,77,0,1963
197898,0,,f,0,,117,6,,349,3,85,0,1963
197899,0,1,t,51,1,118,7,,352,3,74,5,1963
197900,0,1,t,28,2,118,7,,352,3,34,1,1963
197901,0,1,t,22,3,118,7,,352,3,6,1,1963
197902,0,2,t,21,4,118,7,,352,3,59,0,1963
197903,0,2,t,15,5,118,7,,352,3,83,0,1963
197904,0,4,t,6,6,118,7,,352,3,91,0,1963
197905,0,4,t,4,7,118,7,,352,3,57,0,1963
197906,0,5,t,4,8,118,7,,352,3,82,0,1963
197907,0,7,f,0,,118,7,,352,3,81,0,1963
197908,0,8,f,0,,118,7,,352,3,90,0,1963
197909,0,11,f,0,,118,7,,352,3,89,0,1963
197910,0,,f,0,,118,7,,352,3,77,0,1963
197911,0,,f,0,,118,7,,352,3,85,0,1963
197912,0,,f,0,,118,7,,352,3,79,0,1963
197913,0,1,t,51,1,119,8,,355,3,74,5,1963
197914,0,1,t,35,2,119,8,,355,3,34,2,1963
197915,0,1,t,24,3,119,8,,355,3,6,1,1963
197916,0,2,t,21,4,119,8,,355,3,59,0,1963
197917,0,2,t,18,5,119,8,,355,3,83,0,1963
197918,0,4,t,6,6,119,8,,355,3,91,0,1963
197919,0,4,t,5,7,119,8,,355,3,57,0,1963
197920,0,5,t,4,8,119,8,,355,3,82,0,1963
197921,0,7,f,0,,119,8,,355,3,81,0,1963
197922,0,7,f,0,,119,8,,355,3,93,0,1963
197923,0,8,f,0,,119,8,,355,3,90,0,1963
197924,0,11,f,0,,119,8,,355,3,89,0,1963
197925,0,,f,0,,119,8,,355,3,77,0,1963
197926,0,,f,0,,119,8,,355,3,85,0,1963
197927,0,,f,0,,119,8,,355,3,79,0,1963
197928,0,1,t,54,1,120,9,,358,3,74,6,1963
197929,0,1,t,36,2,120,9,,358,3,34,2,1963
197930,0,1,t,24,3,120,9,,358,3,6,1,1963
197931,0,2,t,24,4,120,9,,358,3,83,0,1963
197932,0,2,t,23,5,120,9,,358,3,59,0,1963
197933,0,4,t,6,6,120,9,,358,3,91,0,1963
197934,0,4,t,5,7,120,9,,358,3,57,0,1963
197935,0,5,t,4,8,120,9,,358,3,82,0,1963
197936,0,7,f,0,,120,9,,358,3,81,0,1963
197937,0,7,f,0,,120,9,,358,3,93,0,1963
197938,0,8,f,0,,120,9,,358,3,90,0,1963
197939,0,11,f,0,,120,9,,358,3,89,0,1963
197940,0,,f,0,,120,9,,358,3,77,0,1963
197941,0,,f,0,,120,9,,358,3,85,0,1963
197942,0,,f,0,,120,9,,358,3,58,0,1963
197943,0,,f,0,,120,9,,358,3,79,0,1963
197944,0,1,t,54,1,121,10,14,361,3,74,7,1963
197945,0,1,t,36,2,121,10,14,361,3,34,2,1963
197946,0,2,t,28,3,121,10,14,361,3,83,0,1963
197947,0,1,t,26,4,121,10,14,361,3,6,1,1963
197948,0,2,t,25,5,121,10,14,361,3,59,0,1963
197949,0,4,t,6,6,121,10,14,361,3,91,0,1963
197950,0,4,t,5,7,121,10,14,361,3,57,0,1963
197951,0,5,t,4,8,121,10,14,361,3,82,0,1963
197952,0,7,f,0,,121,10,14,361,3,81,0,1963
197953,0,7,f,0,,121,10,14,361,3,93,0,1963
197954,0,8,f,0,,121,10,14,361,3,90,0,1963
197955,0,11,f,0,,121,10,14,361,3,89,0,1963
197956,0,11,f,0,,121,10,14,361,3,87,0,1963
197957,0,12,f,0,,121,10,14,361,3,60,0,1963
197958,0,14,f,0,,121,10,14,361,3,94,0,1963
197959,0,,f,0,,121,10,14,361,3,1,0,1963
197960,0,,f,0,,121,10,14,361,3,77,0,1963
197961,0,,f,0,,121,10,14,361,3,85,0,1963
197962,0,,f,0,,121,10,14,361,3,58,0,1963
197963,0,,f,0,,121,10,14,361,3,79,0,1963
197964,0,1,t,9,1,122,1,,364,3,34,1,1964
197965,0,3,t,4,2,122,1,,364,3,74,0,1964
197966,0,5,t,2,3,122,1,,364,3,59,0,1964
197967,0,6,t,1,4,122,1,,364,3,82,0,1964
197968,0,7,f,0,,122,1,,364,3,95,0,1964
197969,0,10,f,0,,122,1,,364,3,6,0,1964
197970,0,,f,0,,122,1,,364,3,91,0,1964
197971,0,,f,0,,122,1,,364,3,90,0,1964
197972,0,1,t,13,1,123,2,,367,3,74,1,1964
197973,0,1,t,12,2,123,2,,367,3,34,1,1964
197974,0,2,t,6,3,123,2,,367,3,6,0,1964
197975,0,5,t,3,4,123,2,,367,3,82,0,1964
197976,0,5,t,2,5,123,2,,367,3,59,0,1964
197977,0,6,t,1,6,123,2,,367,3,95,0,1964
197978,0,9,f,0,,123,2,,367,3,96,0,1964
197979,0,,f,0,,123,2,,367,3,91,0,1964
197980,0,,f,0,,123,2,,367,3,57,0,1964
197981,0,,f,0,,123,2,,367,3,90,0,1964
197982,0,1,t,22,1,124,3,,370,3,74,2,1964
197983,0,1,t,15,2,124,3,,370,3,34,1,1964
197984,0,2,t,8,3,124,3,,370,3,59,0,1964
197985,0,2,t,6,4,124,3,,370,3,6,0,1964
197986,0,3,t,5,5,124,3,,370,3,95,0,1964
197987,0,5,t,3,6,124,3,,370,3,82,0,1964
197988,0,7,f,0,,124,3,,370,3,91,0,1964
197989,0,9,f,0,,124,3,,370,3,96,0,1964
197990,0,,f,0,,124,3,,370,3,90,0,1964
197991,0,,f,0,,124,3,,370,3,57,0,1964
197992,0,1,t,25,1,125,4,,373,3,74,2,1964
197993,0,1,t,21,2,125,4,,373,3,34,1,1964
197994,0,1,t,14,3,125,4,,373,3,95,1,1964
197995,0,2,t,9,4,125,4,,373,3,59,0,1964
197996,0,2,t,6,5,125,4,,373,3,6,0,1964
197997,0,5,t,3,6,125,4,,373,3,82,0,1964
197998,0,7,f,0,,125,4,,373,3,91,0,1964
197999,0,9,f,0,,125,4,,373,3,96,0,1964
198000,0,,f,0,,125,4,,373,3,90,0,1964
198001,0,,f,0,,125,4,,373,3,57,0,1964
198002,0,1,t,34,1,126,5,,376,3,74,3,1964
198003,0,1,t,27,2,126,5,,376,3,34,1,1964
198004,0,1,t,17,3,126,5,,376,3,95,1,1964
198005,0,2,t,10,4,126,5,,376,3,6,0,1964
198006,0,2,t,10,5,126,5,,376,3,59,0,1964
198007,0,5,t,3,6,126,5,,376,3,82,0,1964
198008,0,7,f,0,,126,5,,376,3,91,0,1964
198009,0,9,f,0,,126,5,,376,3,96,0,1964
198010,0,,f,0,,126,5,,376,3,90,0,1964
198011,0,,f,0,,126,5,,376,3,57,0,1964
198012,0,,f,0,,126,5,,376,3,97,0,1964
198013,0,1,t,34,1,127,6,,379,3,74,3,1964
198014,0,1,t,33,2,127,6,,379,3,34,1,1964
198015,0,1,t,19,3,127,6,,379,3,6,1,1964
198016,0,1,t,17,4,127,6,,379,3,95,1,1964
198017,0,2,t,10,5,127,6,,379,3,59,0,1964
198018,0,4,t,3,6,127,6,,379,3,96,0,1964
198019,0,5,t,3,7,127,6,,379,3,82,0,1964
198020,0,7,f,0,,127,6,,379,3,91,0,1964
198021,0,13,f,0,,127,6,,379,3,98,0,1964
198022,0,,f,0,,127,6,,379,3,90,0,1964
198023,0,,f,0,,127,6,,379,3,57,0,1964
198024,0,,f,0,,127,6,,379,3,97,0,1964
198025,0,1,t,36,1,128,7,,382,3,34,1,1964
198026,0,1,t,34,2,128,7,,382,3,74,3,1964
198027,0,1,t,28,3,128,7,,382,3,6,2,1964
198028,0,1,t,21,4,128,7,,382,3,95,1,1964
198029,0,2,t,10,5,128,7,,382,3,59,0,1964
198030,0,4,t,3,6,128,7,,382,3,96,0,1964
198031,0,5,t,3,7,128,7,,382,3,82,0,1964
198032,0,5,t,2,8,128,7,,382,3,91,0,1964
198033,0,13,f,0,,128,7,,382,3,98,0,1964
198034,0,,f,0,,128,7,,382,3,90,0,1964
198035,0,,f,0,,128,7,,382,3,57,0,1964
198036,0,,f,0,,128,7,,382,3,97,0,1964
198037,0,1,t,37,1,129,8,,385,3,6,3,1964
198038,0,1,t,36,2,129,8,,385,3,34,1,1964
198039,0,1,t,35,3,129,8,,385,3,74,3,1964
198040,0,1,t,21,4,129,8,,385,3,95,1,1964
198041,0,2,t,16,5,129,8,,385,3,59,0,1964
198042,0,5,t,4,6,129,8,,385,3,91,0,1964
198043,0,4,t,3,7,129,8,,385,3,96,0,1964
198044,0,5,t,3,8,129,8,,385,3,82,0,1964
198045,0,13,f,0,,129,8,,385,3,98,0,1964
198046,0,,f,0,,129,8,,385,3,90,0,1964
198047,0,,f,0,,129,8,,385,3,99,0,1964
198048,0,,f,0,,129,8,,385,3,57,0,1964
198049,0,,f,0,,129,8,,385,3,97,0,1964
198050,0,1,t,43,1,130,9,,388,3,6,3,1964
198051,0,1,t,42,2,130,9,,388,3,34,2,1964
198052,0,1,t,36,3,130,9,,388,3,74,3,1964
198053,0,1,t,21,4,130,9,,388,3,95,1,1964
198054,0,2,t,16,5,130,9,,388,3,59,0,1964
198055,0,3,t,7,6,130,9,,388,3,96,0,1964
198056,0,5,t,5,7,130,9,,388,3,91,0,1964
198057,0,5,t,3,8,130,9,,388,3,82,0,1964
198058,0,13,f,0,,130,9,,388,3,98,0,1964
198059,0,,f,0,,130,9,,388,3,90,0,1964
198060,0,,f,0,,130,9,,388,3,99,0,1964
198061,0,,f,0,,130,9,,388,3,57,0,1964
198062,0,,f,0,,130,9,,388,3,97,0,1964
198063,0,1,t,45,1,131,10,15,391,3,6,3,1964
198064,0,1,t,42,2,131,10,15,391,3,34,2,1964
198065,0,1,t,37,3,131,10,15,391,3,74,3,1964
198066,0,1,t,30,4,131,10,15,391,3,95,2,1964
198067,0,2,t,16,5,131,10,15,391,3,59,0,1964
198068,0,3,t,7,6,131,10,15,391,3,96,0,1964
198069,0,5,t,5,7,131,10,15,391,3,91,0,1964
198070,0,5,t,3,8,131,10,15,391,3,82,0,1964
198071,0,13,f,0,,131,10,15,391,3,98,0,1964
198072,0,,f,0,,131,10,15,391,3,90,0,1964
198073,0,,f,0,,131,10,15,391,3,99,0,1964
198074,0,,f,0,,131,10,15,391,3,57,0,1964
198075,0,,f,0,,131,10,15,391,3,97,0,1964
198076,0,1,t,9,1,132,1,,394,3,74,1,1965
198077,0,2,t,6,2,132,1,,394,3,6,0,1965
198078,0,3,t,4,3,132,1,,394,3,34,0,1965
198079,0,5,t,2,4,132,1,,394,3,59,0,1965
198080,0,7,f,0,,132,1,,394,3,96,0,1965
198081,0,8,f,0,,132,1,,394,3,95,0,1965
198082,0,9,f,0,,132,1,,394,3,97,0,1965
198083,0,10,f,0,,132,1,,394,3,1,0,1965
198084,0,11,f,0,,132,1,,394,3,82,0,1965
198085,0,13,f,0,,132,1,,394,3,102,0,1965
198086,0,,f,0,,132,1,,394,3,100,0,1965
198087,0,,f,0,,132,1,,394,3,60,0,1965
198088,0,1,t,13,1,133,2,,397,3,34,1,1965
198089,0,2,t,12,2,133,2,,397,3,6,0,1965
198090,0,1,t,9,3,133,2,,397,3,74,1,1965
198091,0,5,t,4,4,133,2,,397,3,59,0,1965
198092,0,6,t,1,5,133,2,,397,3,96,0,1965
198093,0,7,f,0,,133,2,,397,3,95,0,1965
198094,0,9,f,0,,133,2,,397,3,97,0,1965
198095,0,10,f,0,,133,2,,397,3,1,0,1965
198096,0,11,f,0,,133,2,,397,3,82,0,1965
198097,0,13,f,0,,133,2,,397,3,102,0,1965
198098,0,,f,0,,133,2,,397,3,98,0,1965
198099,0,,f,0,,133,2,,397,3,100,0,1965
198100,0,,f,0,,133,2,,397,3,60,0,1965
198101,0,1,t,19,1,134,3,,400,3,34,1,1965
198102,0,1,t,18,2,134,3,,400,3,74,2,1965
198103,0,2,t,12,3,134,3,,400,3,6,0,1965
198104,0,3,t,8,4,134,3,,400,3,59,0,1965
198105,0,4,t,3,5,134,3,,400,3,95,0,1965
198106,0,6,t,1,6,134,3,,400,3,96,0,1965
198107,0,6,t,1,7,134,3,,400,3,98,0,1965
198108,0,9,f,0,,134,3,,400,3,97,0,1965
198109,0,10,f,0,,134,3,,400,3,1,0,1965
198110,0,11,f,0,,134,3,,400,3,82,0,1965
198111,0,13,f,0,,134,3,,400,3,102,0,1965
198112,0,,f,0,,134,3,,400,3,100,0,1965
198113,0,,f,0,,134,3,,400,3,60,0,1965
198114,0,1,t,27,1,135,4,,403,3,74,3,1965
198115,0,1,t,25,2,135,4,,403,3,34,1,1965
198116,0,2,t,16,3,135,4,,403,3,6,0,1965
198117,0,3,t,8,4,135,4,,403,3,59,0,1965
198118,0,4,t,6,5,135,4,,403,3,95,0,1965
198119,0,6,t,2,6,135,4,,403,3,96,0,1965
198120,0,6,t,1,7,135,4,,403,3,98,0,1965
198121,0,9,f,0,,135,4,,403,3,97,0,1965
198122,0,10,f,0,,135,4,,403,3,1,0,1965
198123,0,11,f,0,,135,4,,403,3,82,0,1965
198124,0,13,f,0,,135,4,,403,3,102,0,1965
198125,0,,f,0,,135,4,,403,3,100,0,1965
198126,0,,f,0,,135,4,,403,3,60,0,1965
198127,0,1,t,36,1,136,5,,406,3,74,4,1965
198128,0,1,t,31,2,136,5,,406,3,34,1,1965
198129,0,2,t,20,3,136,5,,406,3,6,0,1965
198130,0,3,t,8,4,136,5,,406,3,59,0,1965
198131,0,4,t,7,5,136,5,,406,3,95,0,1965
198132,0,6,t,2,6,136,5,,406,3,96,0,1965
198133,0,6,t,1,7,136,5,,406,3,98,0,1965
198134,0,9,f,0,,136,5,,406,3,97,0,1965
198135,0,10,f,0,,136,5,,406,3,1,0,1965
198136,0,11,f,0,,136,5,,406,3,82,0,1965
198137,0,13,f,0,,136,5,,406,3,102,0,1965
198138,0,,f,0,,136,5,,406,3,100,0,1965
198139,0,,f,0,,136,5,,406,3,60,0,1965
198140,0,1,t,45,1,137,6,,409,3,74,5,1965
198141,0,1,t,37,2,137,6,,409,3,34,1,1965
198142,0,2,t,20,3,137,6,,409,3,6,0,1965
198143,0,3,t,11,4,137,6,,409,3,95,0,1965
198144,0,3,t,8,5,137,6,,409,3,59,0,1965
198145,0,6,t,2,6,137,6,,409,3,96,0,1965
198146,0,6,t,2,7,137,6,,409,3,98,0,1965
198147,0,9,f,0,,137,6,,409,3,97,0,1965
198148,0,10,f,0,,137,6,,409,3,82,0,1965
198149,0,10,f,0,,137,6,,409,3,1,0,1965
198150,0,13,f,0,,137,6,,409,3,102,0,1965
198151,0,,f,0,,137,6,,409,3,100,0,1965
198152,0,,f,0,,137,6,,409,3,60,0,1965
198153,0,1,t,54,1,138,7,,412,3,74,6,1965
198154,0,1,t,39,2,138,7,,412,3,34,1,1965
198155,0,2,t,21,3,138,7,,412,3,6,0,1965
198156,0,3,t,15,4,138,7,,412,3,95,0,1965
198157,0,3,t,11,5,138,7,,412,3,59,0,1965
198158,0,6,t,2,6,138,7,,412,3,96,0,1965
198159,0,6,t,2,7,138,7,,412,3,98,0,1965
198160,0,9,f,0,,138,7,,412,3,97,0,1965
198161,0,10,f,0,,138,7,,412,3,82,0,1965
198162,0,10,f,0,,138,7,,412,3,1,0,1965
198163,0,13,f,0,,138,7,,412,3,102,0,1965
198164,0,,f,0,,138,7,,412,3,100,0,1965
198165,0,,f,0,,138,7,,412,3,60,0,1965
198166,0,1,t,54,1,139,8,,415,3,74,6,1965
198167,0,1,t,42,2,139,8,,415,3,34,2,1965
198168,0,2,t,24,3,139,8,,415,3,6,0,1965
198169,0,3,t,19,4,139,8,,415,3,95,0,1965
198170,0,3,t,13,5,139,8,,415,3,59,0,1965
198171,0,6,t,2,6,139,8,,415,3,96,0,1965
198172,0,6,t,2,7,139,8,,415,3,98,0,1965
198173,0,6,t,1,8,139,8,,415,3,82,0,1965
198174,0,9,f,0,,139,8,,415,3,97,0,1965
198175,0,10,f,0,,139,8,,415,3,1,0,1965
198176,0,13,f,0,,139,8,,415,3,102,0,1965
198177,0,,f,0,,139,8,,415,3,100,0,1965
198178,0,,f,0,,139,8,,415,3,60,0,1965
198179,0,1,t,54,1,140,9,,418,3,74,6,1965
198180,0,1,t,45,2,140,9,,418,3,34,3,1965
198181,0,2,t,26,3,140,9,,418,3,6,0,1965
198182,0,2,t,24,4,140,9,,418,3,95,0,1965
198183,0,3,t,14,5,140,9,,418,3,59,0,1965
198184,0,6,t,2,6,140,9,,418,3,96,0,1965
198185,0,6,t,2,7,140,9,,418,3,98,0,1965
198186,0,6,t,1,8,140,9,,418,3,82,0,1965
198187,0,9,f,0,,140,9,,418,3,97,0,1965
198188,0,10,f,0,,140,9,,418,3,1,0,1965
198189,0,13,f,0,,140,9,,418,3,102,0,1965
198190,0,,f,0,,140,9,,418,3,100,0,1965
198191,0,,f,0,,140,9,,418,3,60,0,1965
198192,0,1,t,54,1,141,10,16,421,3,74,6,1965
198193,0,1,t,45,2,141,10,16,421,3,34,3,1965
198194,0,2,t,27,3,141,10,16,421,3,95,0,1965
198195,0,2,t,26,4,141,10,16,421,3,6,0,1965
198196,0,3,t,14,5,141,10,16,421,3,59,0,1965
198197,0,1,t,11,6,141,10,16,421,3,98,1,1965
198198,0,4,t,5,7,141,10,16,421,3,96,0,1965
198199,0,6,t,2,8,141,10,16,421,3,82,0,1965
198200,0,9,f,0,,141,10,16,421,3,97,0,1965
198201,0,10,f,0,,141,10,16,421,3,1,0,1965
198202,0,13,f,0,,141,10,16,421,3,102,0,1965
198203,0,,f,0,,141,10,16,421,3,100,0,1965
198204,0,,f,0,,141,10,16,421,3,60,0,1965
198205,0,1,t,9,1,142,1,,424,3,34,1,1966
198206,0,2,t,6,2,142,1,,424,3,6,0,1966
198207,0,,f,0,,142,1,,424,3,60,0,1966
198208,0,,f,0,,142,1,,424,3,74,0,1966
198209,0,,f,0,,142,1,,424,3,96,0,1966
198210,0,,f,0,,142,1,,424,3,82,0,1966
198211,0,,f,0,,142,1,,424,3,105,0,1966
198212,0,,f,0,,142,1,,424,3,95,0,1966
198213,0,,f,0,,142,1,,424,3,104,0,1966
198214,0,1,t,15,1,143,2,,427,3,6,1,1966
198215,0,1,t,9,2,143,2,,427,3,34,1,1966
198216,0,2,t,6,3,143,2,,427,3,60,0,1966
198217,0,4,t,3,4,143,2,,427,3,105,0,1966
198218,0,,f,0,,143,2,,427,3,107,0,1966
198219,0,,f,0,,143,2,,427,3,74,0,1966
198220,0,,f,0,,143,2,,427,3,82,0,1966
198221,0,,f,0,,143,2,,427,3,96,0,1966
198222,0,,f,0,,143,2,,427,3,95,0,1966
198223,0,,f,0,,143,2,,427,3,104,0,1966
198224,0,,f,0,,143,2,,427,3,106,0,1966
198225,0,1,t,21,1,144,3,,430,3,6,1,1966
198226,0,1,t,12,2,144,3,,430,3,105,1,1966
198227,0,1,t,9,3,144,3,,430,3,34,1,1966
198228,0,2,t,9,4,144,3,,430,3,60,0,1966
198229,0,5,t,2,5,144,3,,430,3,107,0,1966
198230,0,6,t,1,6,144,3,,430,3,96,0,1966
198231,0,7,f,0,,144,3,,430,3,95,0,1966
198232,0,,f,0,,144,3,,430,3,74,0,1966
198233,0,,f,0,,144,3,,430,3,82,0,1966
198234,0,,f,0,,144,3,,430,3,104,0,1966
198235,0,,f,0,,144,3,,430,3,106,0,1966
198236,0,1,t,21,1,145,4,,433,3,105,2,1966
198237,0,1,t,21,2,145,4,,433,3,6,1,1966
198238,0,1,t,13,3,145,4,,433,3,34,1,1966
198239,0,2,t,11,4,145,4,,433,3,60,0,1966
198240,0,4,t,3,5,145,4,,433,3,74,0,1966
198241,0,5,t,2,6,145,4,,433,3,107,0,1966
198242,0,6,t,1,7,145,4,,433,3,96,0,1966
198243,0,6,t,1,8,145,4,,433,3,106,0,1966
198244,0,7,f,0,,145,4,,433,3,95,0,1966
198245,0,11,f,0,,145,4,,433,3,109,0,1966
198246,0,,f,0,,145,4,,433,3,82,0,1966
198247,0,,f,0,,145,4,,433,3,104,0,1966
198248,0,,f,0,,145,4,,433,3,108,0,1966
198249,0,1,t,30,1,146,5,,436,3,105,3,1966
198250,0,1,t,22,2,146,5,,436,3,6,1,1966
198251,0,1,t,19,3,146,5,,436,3,34,1,1966
198252,0,2,t,11,4,146,5,,436,3,60,0,1966
198253,0,3,t,7,5,146,5,,436,3,74,0,1966
198254,0,5,t,2,6,146,5,,436,3,107,0,1966
198255,0,5,t,2,7,146,5,,436,3,82,0,1966
198256,0,6,t,1,8,146,5,,436,3,96,0,1966
198257,0,6,t,1,9,146,5,,436,3,106,0,1966
198258,0,7,f,0,,146,5,,436,3,95,0,1966
198259,0,11,f,0,,146,5,,436,3,109,0,1966
198260,0,,f,0,,146,5,,436,3,104,0,1966
198261,0,,f,0,,146,5,,436,3,108,0,1966
198262,0,1,t,39,1,147,6,,439,3,105,4,1966
198263,0,1,t,23,2,147,6,,439,3,6,1,1966
198264,0,1,t,22,3,147,6,,439,3,34,1,1966
198265,0,2,t,17,4,147,6,,439,3,60,0,1966
198266,0,3,t,7,5,147,6,,439,3,74,0,1966
198267,0,5,t,2,6,147,6,,439,3,107,0,1966
198268,0,5,t,2,7,147,6,,439,3,82,0,1966
198269,0,6,t,1,8,147,6,,439,3,96,0,1966
198270,0,6,t,1,9,147,6,,439,3,106,0,1966
198271,0,7,f,0,,147,6,,439,3,95,0,1966
198272,0,11,f,0,,147,6,,439,3,109,0,1966
198273,0,,f,0,,147,6,,439,3,104,0,1966
198274,0,,f,0,,147,6,,439,3,108,0,1966
198275,0,1,t,40,1,148,7,,442,3,105,4,1966
198276,0,1,t,31,2,148,7,,442,3,6,2,1966
198277,0,1,t,22,3,148,7,,442,3,34,1,1966
198278,0,2,t,20,4,148,7,,442,3,60,0,1966
198279,0,3,t,7,5,148,7,,442,3,74,0,1966
198280,0,5,t,4,6,148,7,,442,3,82,0,1966
198281,0,5,t,2,7,148,7,,442,3,107,0,1966
198282,0,6,t,1,8,148,7,,442,3,95,0,1966
198283,0,6,t,1,9,148,7,,442,3,96,0,1966
198284,0,6,t,1,10,148,7,,442,3,106,0,1966
198285,0,11,f,0,,148,7,,442,3,109,0,1966
198286,0,,f,0,,148,7,,442,3,104,0,1966
198287,0,,f,0,,148,7,,442,3,98,0,1966
198288,0,,f,0,,148,7,,442,3,110,0,1966
198289,0,,f,0,,148,7,,442,3,108,0,1966
198290,0,1,t,40,1,149,8,,445,3,105,4,1966
198291,0,1,t,31,2,149,8,,445,3,6,2,1966
198292,0,2,t,24,3,149,8,,445,3,60,0,1966
198293,0,1,t,22,4,149,8,,445,3,34,1,1966
198294,0,1,t,13,5,149,8,,445,3,82,1,1966
198295,0,3,t,8,6,149,8,,445,3,74,0,1966
198296,0,5,t,2,7,149,8,,445,3,107,0,1966
198297,0,5,t,2,8,149,8,,445,3,104,0,1966
198298,0,6,t,1,9,149,8,,445,3,95,0,1966
198299,0,6,t,1,10,149,8,,445,3,96,0,1966
198300,0,6,t,1,11,149,8,,445,3,106,0,1966
198301,0,11,f,0,,149,8,,445,3,109,0,1966
198302,0,,f,0,,149,8,,445,3,98,0,1966
198303,0,,f,0,,149,8,,445,3,110,0,1966
198304,0,,f,0,,149,8,,445,3,108,0,1966
198305,0,1,t,42,1,150,9,17,448,3,105,4,1966
198306,0,1,t,31,2,150,9,17,448,3,6,2,1966
198307,0,1,t,30,3,150,9,17,448,3,60,1,1966
198308,0,1,t,22,4,150,9,17,448,3,34,1,1966
198309,0,1,t,13,5,150,9,17,448,3,82,1,1966
198310,0,3,t,8,6,150,9,17,448,3,74,0,1966
198311,0,5,t,4,7,150,9,17,448,3,107,0,1966
198312,0,4,t,3,8,150,9,17,448,3,98,0,1966
198313,0,5,t,2,9,150,9,17,448,3,104,0,1966
198314,0,6,t,1,10,150,9,17,448,3,95,0,1966
198315,0,6,t,1,11,150,9,17,448,3,96,0,1966
198316,0,6,t,1,12,150,9,17,448,3,106,0,1966
198317,0,11,f,0,,150,9,17,448,3,109,0,1966
198318,0,,f,0,,150,9,17,448,3,110,0,1966
198319,0,,f,0,,150,9,17,448,3,108,0,1966
198320,0,1,t,9,1,151,1,,451,3,60,1,1967
198321,0,2,t,6,2,151,1,,451,3,59,0,1967
198322,0,3,t,4,3,151,1,,451,3,98,0,1967
198323,0,4,t,3,4,151,1,,451,3,105,0,1967
198324,0,5,t,2,5,151,1,,451,3,95,0,1967
198325,0,,f,0,,151,1,,451,3,101,0,1967
198326,0,,f,0,,151,1,,451,3,82,0,1967
198327,0,,f,0,,151,1,,451,3,107,0,1967
198328,0,,f,0,,151,1,,451,3,34,0,1967
198329,0,1,t,12,1,152,2,,454,3,105,1,1967
198330,0,1,t,11,2,152,2,,454,3,60,1,1967
198331,0,2,t,6,3,152,2,,454,3,82,0,1967
198332,0,2,t,6,4,152,2,,454,3,59,0,1967
198333,0,3,t,4,5,152,2,,454,3,98,0,1967
198334,0,3,t,4,6,152,2,,454,3,6,0,1967
198335,0,4,t,3,7,152,2,,454,3,112,0,1967
198336,0,5,t,2,8,152,2,,454,3,95,0,1967
198337,0,6,t,1,9,152,2,,454,3,34,0,1967
198338,0,,f,0,,152,2,,454,3,101,0,1967
198339,0,,f,0,,152,2,,454,3,74,0,1967
198340,0,,f,0,,152,2,,454,3,107,0,1967
198341,0,,f,0,,152,2,,454,3,110,0,1967
198342,0,,f,0,,152,2,,454,3,111,0,1967
198343,0,1,t,18,1,153,3,,457,3,105,1,1967
198344,0,1,t,11,2,153,3,,457,3,60,1,1967
198345,0,1,t,9,3,153,3,,457,3,94,1,1967
198346,0,3,t,7,4,153,3,,457,3,6,0,1967
198347,0,2,t,6,5,153,3,,457,3,82,0,1967
198348,0,2,t,6,6,153,3,,457,3,59,0,1967
198349,0,3,t,4,7,153,3,,457,3,98,0,1967
198350,0,4,t,3,8,153,3,,457,3,112,0,1967
198351,0,5,t,2,9,153,3,,457,3,95,0,1967
198352,0,6,t,1,10,153,3,,457,3,34,0,1967
198353,0,,f,0,,153,3,,457,3,101,0,1967
198354,0,,f,0,,153,3,,457,3,74,0,1967
198355,0,,f,0,,153,3,,457,3,107,0,1967
198356,0,,f,0,,153,3,,457,3,110,0,1967
198357,0,,f,0,,153,3,,457,3,111,0,1967
198358,0,1,t,18,1,154,4,,460,3,105,1,1967
198359,0,1,t,14,2,154,4,,460,3,60,1,1967
198360,0,3,t,11,3,154,4,,460,3,6,0,1967
198361,0,1,t,10,4,154,4,,460,3,94,1,1967
198362,0,1,t,9,5,154,4,,460,3,110,1,1967
198363,0,2,t,7,6,154,4,,460,3,34,0,1967
198364,0,2,t,6,7,154,4,,460,3,82,0,1967
198365,0,2,t,6,8,154,4,,460,3,59,0,1967
198366,0,3,t,4,9,154,4,,460,3,98,0,1967
198367,0,4,t,3,10,154,4,,460,3,112,0,1967
198368,0,5,t,2,11,154,4,,460,3,95,0,1967
198369,0,,f,0,,154,4,,460,3,101,0,1967
198370,0,,f,0,,154,4,,460,3,74,0,1967
198371,0,,f,0,,154,4,,460,3,107,0,1967
198372,0,,f,0,,154,4,,460,3,111,0,1967
198373,0,1,t,27,1,155,5,,463,3,105,2,1967
198374,0,1,t,17,2,155,5,,463,3,60,1,1967
198375,0,2,t,11,3,155,5,,463,3,34,0,1967
198376,0,3,t,11,4,155,5,,463,3,6,0,1967
198377,0,1,t,10,5,155,5,,463,3,94,1,1967
198378,0,1,t,9,6,155,5,,463,3,110,1,1967
198379,0,2,t,6,7,155,5,,463,3,82,0,1967
198380,0,2,t,6,8,155,5,,463,3,59,0,1967
198381,0,3,t,4,9,155,5,,463,3,98,0,1967
198382,0,4,t,3,10,155,5,,463,3,112,0,1967
198383,0,5,t,2,11,155,5,,463,3,95,0,1967
198384,0,,f,0,,155,5,,463,3,101,0,1967
198385,0,,f,0,,155,5,,463,3,74,0,1967
198386,0,,f,0,,155,5,,463,3,107,0,1967
198387,0,,f,0,,155,5,,463,3,111,0,1967
198388,0,1,t,33,1,156,6,,466,3,105,2,1967
198389,0,1,t,19,2,156,6,,466,3,94,2,1967
198390,0,1,t,19,3,156,6,,466,3,60,1,1967
198391,0,3,t,15,4,156,6,,466,3,6,0,1967
198392,0,2,t,11,5,156,6,,466,3,34,0,1967
198393,0,1,t,9,6,156,6,,466,3,110,1,1967
198394,0,2,t,6,7,156,6,,466,3,82,0,1967
198395,0,2,t,6,8,156,6,,466,3,59,0,1967
198396,0,3,t,5,9,156,6,,466,3,98,0,1967
198397,0,4,t,3,10,156,6,,466,3,112,0,1967
198398,0,5,t,2,11,156,6,,466,3,95,0,1967
198399,0,,f,0,,156,6,,466,3,101,0,1967
198400,0,,f,0,,156,6,,466,3,74,0,1967
198401,0,,f,0,,156,6,,466,3,107,0,1967
198402,0,,f,0,,156,6,,466,3,111,0,1967
198403,0,,f,0,,156,6,,466,3,113,0,1967
198404,0,1,t,42,1,157,7,,469,3,105,3,1967
198405,0,1,t,21,2,157,7,,469,3,60,1,1967
198406,0,1,t,19,3,157,7,,469,3,94,2,1967
198407,0,3,t,19,4,157,7,,469,3,6,0,1967
198408,0,2,t,11,5,157,7,,469,3,34,0,1967
198409,0,1,t,9,6,157,7,,469,3,110,1,1967
198410,0,3,t,8,7,157,7,,469,3,98,0,1967
198411,0,2,t,6,8,157,7,,469,3,82,0,1967
198412,0,2,t,6,9,157,7,,469,3,59,0,1967
198413,0,4,t,3,10,157,7,,469,3,112,0,1967
198414,0,5,t,2,11,157,7,,469,3,95,0,1967
198415,0,7,f,0,,157,7,,469,3,97,0,1967
198416,0,10,f,0,,157,7,,469,3,81,0,1967
198417,0,,f,0,,157,7,,469,3,101,0,1967
198418,0,,f,0,,157,7,,469,3,74,0,1967
198419,0,,f,0,,157,7,,469,3,107,0,1967
198420,0,,f,0,,157,7,,469,3,111,0,1967
198421,0,,f,0,,157,7,,469,3,114,0,1967
198422,0,,f,0,,157,7,,469,3,113,0,1967
198423,0,1,t,51,1,158,8,,472,3,105,4,1967
198424,0,1,t,22,2,158,8,,472,3,94,2,1967
198425,0,1,t,21,3,158,8,,472,3,60,1,1967
198426,0,3,t,20,4,158,8,,472,3,6,0,1967
198427,0,1,t,13,5,158,8,,472,3,110,1,1967
198428,0,2,t,13,6,158,8,,472,3,34,0,1967
198429,0,3,t,8,7,158,8,,472,3,98,0,1967
198430,0,2,t,6,8,158,8,,472,3,82,0,1967
198431,0,2,t,6,9,158,8,,472,3,59,0,1967
198432,0,4,t,3,10,158,8,,472,3,112,0,1967
198433,0,5,t,2,11,158,8,,472,3,95,0,1967
198434,0,7,f,0,,158,8,,472,3,97,0,1967
198435,0,10,f,0,,158,8,,472,3,81,0,1967
198436,0,,f,0,,158,8,,472,3,101,0,1967
198437,0,,f,0,,158,8,,472,3,74,0,1967
198438,0,,f,0,,158,8,,472,3,107,0,1967
198439,0,,f,0,,158,8,,472,3,111,0,1967
198440,0,,f,0,,158,8,,472,3,114,0,1967
198441,0,,f,0,,158,8,,472,3,113,0,1967
198442,0,1,t,57,1,159,9,,475,3,105,4,1967
198443,0,1,t,26,2,159,9,,475,3,94,2,1967
198444,0,1,t,24,3,159,9,,475,3,60,1,1967
198445,0,3,t,20,4,159,9,,475,3,6,0,1967
198446,0,1,t,17,5,159,9,,475,3,98,1,1967
198447,0,2,t,15,6,159,9,,475,3,34,0,1967
198448,0,1,t,13,7,159,9,,475,3,110,1,1967
198449,0,2,t,6,8,159,9,,475,3,82,0,1967
198450,0,2,t,6,9,159,9,,475,3,59,0,1967
198451,0,4,t,3,10,159,9,,475,3,112,0,1967
198452,0,5,t,2,11,159,9,,475,3,95,0,1967
198453,0,7,f,0,,159,9,,475,3,97,0,1967
198454,0,10,f,0,,159,9,,475,3,81,0,1967
198455,0,,f,0,,159,9,,475,3,101,0,1967
198456,0,,f,0,,159,9,,475,3,74,0,1967
198457,0,,f,0,,159,9,,475,3,107,0,1967
198458,0,,f,0,,159,9,,475,3,111,0,1967
198459,0,,f,0,,159,9,,475,3,114,0,1967
198460,0,,f,0,,159,9,,475,3,113,0,1967
198461,0,1,t,61,1,160,10,,478,3,105,4,1967
198462,0,1,t,35,2,160,10,,478,3,94,3,1967
198463,0,1,t,27,3,160,10,,478,3,60,1,1967
198464,0,3,t,20,4,160,10,,478,3,6,0,1967
198465,0,1,t,17,5,160,10,,478,3,98,1,1967
198466,0,2,t,15,6,160,10,,478,3,34,0,1967
198467,0,1,t,13,7,160,10,,478,3,110,1,1967
198468,0,2,t,6,8,160,10,,478,3,82,0,1967
198469,0,2,t,6,9,160,10,,478,3,59,0,1967
198470,0,4,t,3,10,160,10,,478,3,112,0,1967
198471,0,5,t,2,11,160,10,,478,3,95,0,1967
198472,0,7,f,0,,160,10,,478,3,97,0,1967
198473,0,7,f,0,,160,10,,478,3,104,0,1967
198474,0,10,f,0,,160,10,,478,3,81,0,1967
198475,0,,f,0,,160,10,,478,3,101,0,1967
198476,0,,f,0,,160,10,,478,3,74,0,1967
198477,0,,f,0,,160,10,,478,3,107,0,1967
198478,0,,f,0,,160,10,,478,3,111,0,1967
198479,0,,f,0,,160,10,,478,3,114,0,1967
198480,0,,f,0,,160,10,,478,3,113,0,1967
198481,0,1,t,67,1,161,11,18,481,3,105,4,1967
198482,0,1,t,44,2,161,11,18,481,3,94,4,1967
198483,0,1,t,28,3,161,11,18,481,3,60,1,1967
198484,0,1,t,20,4,161,11,18,481,3,98,1,1967
198485,0,3,t,20,5,161,11,18,481,3,6,0,1967
198486,0,2,t,17,6,161,11,18,481,3,34,0,1967
198487,0,1,t,13,7,161,11,18,481,3,110,1,1967
198488,0,2,t,6,8,161,11,18,481,3,82,0,1967
198489,0,2,t,6,9,161,11,18,481,3,59,0,1967
198490,0,4,t,3,10,161,11,18,481,3,112,0,1967
198491,0,5,t,2,11,161,11,18,481,3,95,0,1967
198492,0,7,f,0,,161,11,18,481,3,104,0,1967
198493,0,7,f,0,,161,11,18,481,3,97,0,1967
198494,0,10,f,0,,161,11,18,481,3,81,0,1967
198495,0,,f,0,,161,11,18,481,3,101,0,1967
198496,0,,f,0,,161,11,18,481,3,74,0,1967
198497,0,,f,0,,161,11,18,481,3,107,0,1967
198498,0,,f,0,,161,11,18,481,3,111,0,1967
198499,0,,f,0,,161,11,18,481,3,114,0,1967
198500,0,,f,0,,161,11,18,481,3,113,0,1967
198501,0,1,t,9,1,162,1,,484,3,94,1,1968
198502,0,3,t,4,2,162,1,,484,3,105,0,1968
198503,0,4,t,3,3,162,1,,484,3,6,0,1968
198504,0,5,t,2,4,162,1,,484,3,112,0,1968
198505,0,6,t,1,5,162,1,,484,3,116,0,1968
198506,0,7,f,0,,162,1,,484,3,60,0,1968
198507,0,8,f,0,,162,1,,484,3,98,0,1968
198508,0,,f,0,,162,1,,484,3,95,0,1968
198509,0,,f,0,,162,1,,484,3,110,0,1968
198510,0,,f,0,,162,1,,484,3,87,0,1968
198511,0,,f,0,,162,1,,484,3,59,0,1968
198512,0,,f,0,,162,1,,484,3,34,0,1968
198513,0,,f,0,,162,1,,484,3,115,0,1968
198514,0,1,t,18,1,163,2,,487,3,94,2,1968
198515,0,2,t,6,2,163,2,,487,3,104,0,1968
198516,0,3,t,4,3,163,2,,487,3,105,0,1968
198517,0,3,t,4,4,163,2,,487,3,115,0,1968
198518,0,4,t,3,5,163,2,,487,3,6,0,1968
198519,0,5,t,3,6,163,2,,487,3,116,0,1968
198520,0,5,t,2,7,163,2,,487,3,112,0,1968
198521,0,7,f,0,,163,2,,487,3,60,0,1968
198522,0,8,f,0,,163,2,,487,3,98,0,1968
198523,0,,f,0,,163,2,,487,3,34,0,1968
198524,0,,f,0,,163,2,,487,3,95,0,1968
198525,0,,f,0,,163,2,,487,3,110,0,1968
198526,0,,f,0,,163,2,,487,3,87,0,1968
198527,0,,f,0,,163,2,,487,3,59,0,1968
198528,0,1,t,27,1,164,3,,490,3,94,3,1968
198529,0,2,t,8,2,164,3,,490,3,104,0,1968
198530,0,3,t,8,3,164,3,,490,3,115,0,1968
198531,0,2,t,6,4,164,3,,490,3,34,0,1968
198532,0,3,t,4,5,164,3,,490,3,105,0,1968
198533,0,4,t,3,6,164,3,,490,3,6,0,1968
198534,0,5,t,3,7,164,3,,490,3,116,0,1968
198535,0,5,t,2,8,164,3,,490,3,112,0,1968
198536,0,7,f,0,,164,3,,490,3,60,0,1968
198537,0,8,f,0,,164,3,,490,3,98,0,1968
198538,0,,f,0,,164,3,,490,3,111,0,1968
198539,0,,f,0,,164,3,,490,3,95,0,1968
198540,0,,f,0,,164,3,,490,3,110,0,1968
198541,0,,f,0,,164,3,,490,3,87,0,1968
198542,0,,f,0,,164,3,,490,3,59,0,1968
198543,0,1,t,29,1,165,4,,493,3,94,3,1968
198544,0,1,t,17,2,165,4,,493,3,104,1,1968
198545,0,2,t,12,3,165,4,,493,3,34,0,1968
198546,0,3,t,9,4,165,4,,493,3,115,0,1968
198547,0,3,t,7,5,165,4,,493,3,6,0,1968
198548,0,4,t,6,6,165,4,,493,3,116,0,1968
198549,0,3,t,4,7,165,4,,493,3,105,0,1968
198550,0,5,t,2,8,165,4,,493,3,112,0,1968
198551,0,7,f,0,,165,4,,493,3,60,0,1968
198552,0,8,f,0,,165,4,,493,3,98,0,1968
198553,0,8,f,0,,165,4,,493,3,111,0,1968
198554,0,,f,0,,165,4,,493,3,95,0,1968
198555,0,,f,0,,165,4,,493,3,110,0,1968
198556,0,,f,0,,165,4,,493,3,87,0,1968
198557,0,,f,0,,165,4,,493,3,59,0,1968
198558,0,1,t,29,1,166,5,,496,3,94,3,1968
198559,0,1,t,17,2,166,5,,496,3,104,1,1968
198560,0,2,t,16,3,166,5,,496,3,34,0,1968
198561,0,1,t,15,4,166,5,,496,3,116,1,1968
198562,0,3,t,10,5,166,5,,496,3,6,0,1968
198563,0,3,t,9,6,166,5,,496,3,115,0,1968
198564,0,2,t,6,7,166,5,,496,3,111,0,1968
198565,0,3,t,6,8,166,5,,496,3,105,0,1968
198566,0,5,t,2,9,166,5,,496,3,112,0,1968
198567,0,7,f,0,,166,5,,496,3,60,0,1968
198568,0,8,f,0,,166,5,,496,3,98,0,1968
198569,0,,f,0,,166,5,,496,3,95,0,1968
198570,0,,f,0,,166,5,,496,3,110,0,1968
198571,0,,f,0,,166,5,,496,3,87,0,1968
198572,0,,f,0,,166,5,,496,3,59,0,1968
198573,0,1,t,29,1,167,6,,499,3,94,3,1968
198574,0,1,t,19,2,167,6,,499,3,104,1,1968
198575,0,1,t,19,3,167,6,,499,3,6,1,1968
198576,0,1,t,19,4,167,6,,499,3,116,1,1968
198577,0,2,t,17,5,167,6,,499,3,34,0,1968
198578,0,3,t,12,6,167,6,,499,3,115,0,1968
198579,0,2,t,6,7,167,6,,499,3,111,0,1968
198580,0,2,t,6,8,167,6,,499,3,98,0,1968
198581,0,3,t,6,9,167,6,,499,3,105,0,1968
198582,0,5,t,2,10,167,6,,499,3,112,0,1968
198583,0,7,f,0,,167,6,,499,3,60,0,1968
198584,0,,f,0,,167,6,,499,3,95,0,1968
198585,0,,f,0,,167,6,,499,3,110,0,1968
198586,0,,f,0,,167,6,,499,3,87,0,1968
198587,0,,f,0,,167,6,,499,3,59,0,1968
198588,0,1,t,38,1,168,7,,502,3,94,4,1968
198589,0,1,t,25,2,168,7,,502,3,6,1,1968
198590,0,1,t,22,3,168,7,,502,3,104,1,1968
198591,0,1,t,20,4,168,7,,502,3,116,1,1968
198592,0,2,t,17,5,168,7,,502,3,34,0,1968
198593,0,3,t,12,6,168,7,,502,3,115,0,1968
198594,0,2,t,8,7,168,7,,502,3,98,0,1968
198595,0,2,t,6,8,168,7,,502,3,111,0,1968
198596,0,3,t,6,9,168,7,,502,3,105,0,1968
198597,0,5,t,2,10,168,7,,502,3,112,0,1968
198598,0,7,f,0,,168,7,,502,3,60,0,1968
198599,0,,f,0,,168,7,,502,3,95,0,1968
198600,0,,f,0,,168,7,,502,3,110,0,1968
198601,0,,f,0,,168,7,,502,3,87,0,1968
198602,0,,f,0,,168,7,,502,3,59,0,1968
198603,0,1,t,44,1,169,8,,505,3,94,4,1968
198604,0,1,t,29,2,169,8,,505,3,116,2,1968
198605,0,1,t,28,3,169,8,,505,3,6,1,1968
198606,0,1,t,22,4,169,8,,505,3,104,1,1968
198607,0,2,t,18,5,169,8,,505,3,34,0,1968
198608,0,3,t,12,6,169,8,,505,3,115,0,1968
198609,0,3,t,10,7,169,8,,505,3,105,0,1968
198610,0,2,t,8,8,169,8,,505,3,98,0,1968
198611,0,2,t,6,9,169,8,,505,3,111,0,1968
198612,0,5,t,2,10,169,8,,505,3,112,0,1968
198613,0,7,f,0,,169,8,,505,3,60,0,1968
198614,0,9,f,0,,169,8,,505,3,110,0,1968
198615,0,10,f,0,,169,8,,505,3,81,0,1968
198616,0,13,f,0,,169,8,,505,3,117,0,1968
198617,0,,f,0,,169,8,,505,3,95,0,1968
198618,0,,f,0,,169,8,,505,3,87,0,1968
198619,0,,f,0,,169,8,,505,3,59,0,1968
198620,0,1,t,44,1,170,9,,508,3,94,4,1968
198621,0,1,t,35,2,170,9,,508,3,116,2,1968
198622,0,1,t,32,3,170,9,,508,3,6,1,1968
198623,0,1,t,31,4,170,9,,508,3,104,2,1968
198624,0,2,t,21,5,170,9,,508,3,34,0,1968
198625,0,3,t,12,6,170,9,,508,3,115,0,1968
198626,0,3,t,10,7,170,9,,508,3,105,0,1968
198627,0,2,t,8,8,170,9,,508,3,111,0,1968
198628,0,2,t,8,9,170,9,,508,3,98,0,1968
198629,0,5,t,3,10,170,9,,508,3,112,0,1968
198630,0,7,f,0,,170,9,,508,3,60,0,1968
198631,0,9,f,0,,170,9,,508,3,110,0,1968
198632,0,10,f,0,,170,9,,508,3,81,0,1968
198633,0,13,f,0,,170,9,,508,3,117,0,1968
198634,0,,f,0,,170,9,,508,3,95,0,1968
198635,0,,f,0,,170,9,,508,3,87,0,1968
198636,0,,f,0,,170,9,,508,3,59,0,1968
198637,0,1,t,47,1,171,10,,511,3,94,4,1968
198638,0,1,t,40,2,171,10,,511,3,104,3,1968
198639,0,1,t,36,3,171,10,,511,3,116,2,1968
198640,0,1,t,32,4,171,10,,511,3,6,1,1968
198641,0,2,t,25,5,171,10,,511,3,34,0,1968
198642,0,3,t,14,6,171,10,,511,3,115,0,1968
198643,0,3,t,10,7,171,10,,511,3,105,0,1968
198644,0,2,t,8,8,171,10,,511,3,111,0,1968
198645,0,2,t,8,9,171,10,,511,3,98,0,1968
198646,0,5,t,3,10,171,10,,511,3,112,0,1968
198647,0,7,f,0,,171,10,,511,3,60,0,1968
198648,0,9,f,0,,171,10,,511,3,110,0,1968
198649,0,10,f,0,,171,10,,511,3,81,0,1968
198650,0,13,f,0,,171,10,,511,3,117,0,1968
198651,0,,f,0,,171,10,,511,3,95,0,1968
198652,0,,f,0,,171,10,,511,3,87,0,1968
198653,0,,f,0,,171,10,,511,3,59,0,1968
198654,0,1,t,53,1,172,11,,514,3,94,4,1968
198655,0,1,t,45,2,172,11,,514,3,116,3,1968
198656,0,1,t,43,3,172,11,,514,3,104,3,1968
198657,0,1,t,32,4,172,11,,514,3,6,1,1968
198658,0,2,t,25,5,172,11,,514,3,34,0,1968
198659,0,3,t,14,6,172,11,,514,3,115,0,1968
198660,0,2,t,12,7,172,11,,514,3,98,0,1968
198661,0,3,t,10,8,172,11,,514,3,105,0,1968
198662,0,2,t,8,9,172,11,,514,3,111,0,1968
198663,0,5,t,3,10,172,11,,514,3,112,0,1968
198664,0,7,f,0,,172,11,,514,3,60,0,1968
198665,0,9,f,0,,172,11,,514,3,110,0,1968
198666,0,10,f,0,,172,11,,514,3,81,0,1968
198667,0,13,f,0,,172,11,,514,3,117,0,1968
198668,0,,f,0,,172,11,,514,3,95,0,1968
198669,0,,f,0,,172,11,,514,3,87,0,1968
198670,0,,f,0,,172,11,,514,3,59,0,1968
198671,0,1,t,62,1,173,12,19,517,3,94,5,1968
198672,0,1,t,49,2,173,12,19,517,3,104,3,1968
198673,0,1,t,45,3,173,12,19,517,3,116,3,1968
198674,0,1,t,32,4,173,12,19,517,3,6,1,1968
198675,0,2,t,28,5,173,12,19,517,3,34,0,1968
198676,0,2,t,14,6,173,12,19,517,3,98,0,1968
198677,0,3,t,14,7,173,12,19,517,3,115,0,1968
198678,0,3,t,10,8,173,12,19,517,3,105,0,1968
198679,0,2,t,8,9,173,12,19,517,3,111,0,1968
198680,0,5,t,3,10,173,12,19,517,3,112,0,1968
198681,0,7,f,0,,173,12,19,517,3,60,0,1968
198682,0,9,f,0,,173,12,19,517,3,110,0,1968
198683,0,10,f,0,,173,12,19,517,3,81,0,1968
198684,0,13,f,0,,173,12,19,517,3,117,0,1968
198685,0,,f,0,,173,12,19,517,3,95,0,1968
198686,0,,f,0,,173,12,19,517,3,87,0,1968
198687,0,,f,0,,173,12,19,517,3,59,0,1968
198688,0,1,t,9,1,174,1,,520,3,116,1,1969
198689,0,2,t,6,2,174,1,,520,3,94,0,1969
198690,0,3,t,4,3,174,1,,520,3,104,0,1969
198691,0,7,f,0,,174,1,,520,3,34,0,1969
198692,0,8,f,0,,174,1,,520,3,105,0,1969
198693,0,,f,0,,174,1,,520,3,6,0,1969
198694,0,,f,0,,174,1,,520,3,97,0,1969
198695,0,1,t,18,1,175,2,,523,3,116,2,1969
198696,0,2,t,10,2,175,2,,523,3,104,0,1969
198697,0,2,t,6,3,175,2,,523,3,94,0,1969
198698,0,5,t,2,4,175,2,,523,3,34,0,1969
198699,0,6,t,1,5,175,2,,523,3,97,0,1969
198700,0,8,f,0,,175,2,,523,3,105,0,1969
198701,0,,f,0,,175,2,,523,3,6,0,1969
198702,0,1,t,18,1,176,3,,526,3,116,2,1969
198703,0,1,t,15,2,176,3,,526,3,94,1,1969
198704,0,2,t,12,3,176,3,,526,3,104,0,1969
198705,0,2,t,7,4,176,3,,526,3,97,0,1969
198706,0,5,t,2,5,176,3,,526,3,34,0,1969
198707,0,7,f,0,,176,3,,526,3,60,0,1969
198708,0,8,f,0,,176,3,,526,3,105,0,1969
198709,0,,f,0,,176,3,,526,3,6,0,1969
198710,0,1,t,27,1,177,4,,529,3,116,3,1969
198711,0,1,t,21,2,177,4,,529,3,94,1,1969
198712,0,2,t,15,3,177,4,,529,3,104,0,1969
198713,0,2,t,9,4,177,4,,529,3,97,0,1969
198714,0,3,t,4,5,177,4,,529,3,6,0,1969
198715,0,5,t,2,6,177,4,,529,3,34,0,1969
198716,0,7,f,0,,177,4,,529,3,60,0,1969
198717,0,8,f,0,,177,4,,529,3,105,0,1969
198718,0,1,t,36,1,178,5,,532,3,116,4,1969
198719,0,1,t,22,2,178,5,,532,3,94,1,1969
198720,0,2,t,18,3,178,5,,532,3,104,0,1969
198721,0,2,t,13,4,178,5,,532,3,97,0,1969
198722,0,3,t,4,5,178,5,,532,3,6,0,1969
198723,0,5,t,2,6,178,5,,532,3,34,0,1969
198724,0,7,f,0,,178,5,,532,3,60,0,1969
198725,0,8,f,0,,178,5,,532,3,105,0,1969
198726,0,1,t,45,1,179,6,,535,3,116,5,1969
198727,0,1,t,25,2,179,6,,535,3,94,1,1969
198728,0,2,t,22,3,179,6,,535,3,104,0,1969
198729,0,2,t,19,4,179,6,,535,3,97,0,1969
198730,0,3,t,4,5,179,6,,535,3,6,0,1969
198731,0,5,t,2,6,179,6,,535,3,34,0,1969
198732,0,7,f,0,,179,6,,535,3,60,0,1969
198733,0,8,f,0,,179,6,,535,3,105,0,1969
198734,0,1,t,51,1,180,7,,538,3,116,5,1969
198735,0,1,t,28,2,180,7,,538,3,97,1,1969
198736,0,1,t,28,3,180,7,,538,3,94,1,1969
198737,0,2,t,24,4,180,7,,538,3,104,0,1969
198738,0,3,t,4,5,180,7,,538,3,6,0,1969
198739,0,5,t,2,6,180,7,,538,3,34,0,1969
198740,0,7,f,0,,180,7,,538,3,60,0,1969
198741,0,8,f,0,,180,7,,538,3,105,0,1969
198742,0,,f,0,,180,7,,538,3,118,0,1969
198743,0,1,t,60,1,181,8,,541,3,116,6,1969
198744,0,1,t,34,2,181,8,,541,3,94,1,1969
198745,0,1,t,30,3,181,8,,541,3,97,1,1969
198746,0,2,t,27,4,181,8,,541,3,104,0,1969
198747,0,3,t,5,5,181,8,,541,3,6,0,1969
198748,0,5,t,2,6,181,8,,541,3,34,0,1969
198749,0,7,f,0,,181,8,,541,3,60,0,1969
198750,0,8,f,0,,181,8,,541,3,105,0,1969
198751,0,,f,0,,181,8,,541,3,118,0,1969
198752,0,1,t,63,1,182,9,,544,3,116,6,1969
198753,0,1,t,39,2,182,9,,544,3,97,2,1969
198754,0,1,t,38,3,182,9,,544,3,94,1,1969
198755,0,2,t,29,4,182,9,,544,3,104,0,1969
198756,0,3,t,5,5,182,9,,544,3,6,0,1969
198757,0,5,t,2,6,182,9,,544,3,34,0,1969
198758,0,7,f,0,,182,9,,544,3,60,0,1969
198759,0,8,f,0,,182,9,,544,3,105,0,1969
198760,0,,f,0,,182,9,,544,3,118,0,1969
198761,0,,f,0,,182,9,,544,3,107,0,1969
198762,0,,f,0,,182,9,,544,3,95,0,1969
198763,0,1,t,63,1,183,10,,547,3,116,6,1969
198764,0,1,t,47,2,183,10,,547,3,94,2,1969
198765,0,1,t,45,3,183,10,,547,3,97,2,1969
198766,0,2,t,29,4,183,10,,547,3,104,0,1969
198767,0,3,t,7,5,183,10,,547,3,6,0,1969
198768,0,3,t,6,6,183,10,,547,3,34,0,1969
198769,0,7,f,0,,183,10,,547,3,60,0,1969
198770,0,8,f,0,,183,10,,547,3,105,0,1969
198771,0,,f,0,,183,10,,547,3,118,0,1969
198772,0,,f,0,,183,10,,547,3,107,0,1969
198773,0,,f,0,,183,10,,547,3,95,0,1969
198774,0,1,t,66,1,184,11,20,550,3,116,6,1969
198775,0,1,t,51,2,184,11,20,550,3,97,2,1969
198776,0,1,t,47,3,184,11,20,550,3,94,2,1969
198777,0,1,t,38,4,184,11,20,550,3,104,1,1969
198778,0,3,t,7,5,184,11,20,550,3,34,0,1969
198779,0,3,t,7,6,184,11,20,550,3,6,0,1969
198780,0,7,f,0,,184,11,20,550,3,60,0,1969
198781,0,8,f,0,,184,11,20,550,3,105,0,1969
198782,0,,f,0,,184,11,20,550,3,118,0,1969
198783,0,,f,0,,184,11,20,550,3,107,0,1969
198784,0,,f,0,,184,11,20,550,3,95,0,1969
198785,0,1,t,9,1,185,1,,553,3,83,1,1970
198786,0,2,t,6,2,185,1,,553,3,104,0,1970
198787,0,3,t,4,3,185,1,,553,3,119,0,1970
198788,0,4,t,3,4,185,1,,553,3,111,0,1970
198789,0,5,t,2,5,185,1,,553,3,58,0,1970
198790,0,9,f,0,,185,1,,553,3,34,0,1970
198791,0,,f,0,,185,1,,553,3,6,0,1970
198792,0,,f,0,,185,1,,553,3,85,0,1970
198793,0,1,t,13,1,186,2,,556,3,119,1,1970
198794,0,2,t,12,2,186,2,,556,3,104,0,1970
198795,0,1,t,9,3,186,2,,556,3,83,1,1970
198796,0,4,t,5,4,186,2,,556,3,58,0,1970
198797,0,4,t,3,5,186,2,,556,3,111,0,1970
198798,0,9,f,0,,186,2,,556,3,34,0,1970
198799,0,,f,0,,186,2,,556,3,6,0,1970
198800,0,,f,0,,186,2,,556,3,85,0,1970
198801,0,1,t,15,1,187,3,,559,3,83,1,1970
198802,0,2,t,15,2,187,3,,559,3,104,0,1970
198803,0,1,t,14,3,187,3,,559,3,58,1,1970
198804,0,1,t,13,4,187,3,,559,3,119,1,1970
198805,0,3,t,7,5,187,3,,559,3,111,0,1970
198806,0,6,t,1,6,187,3,,559,3,34,0,1970
198807,0,,f,0,,187,3,,559,3,85,0,1970
198808,0,,f,0,,187,3,,559,3,6,0,1970
198809,0,1,t,19,1,188,4,,562,3,119,1,1970
198810,0,1,t,17,2,188,4,,562,3,83,1,1970
198811,0,2,t,15,3,188,4,,562,3,104,0,1970
198812,0,1,t,14,4,188,4,,562,3,58,1,1970
198813,0,3,t,11,5,188,4,,562,3,111,0,1970
198814,0,1,t,10,6,188,4,,562,3,34,1,1970
198815,0,4,t,3,7,188,4,,562,3,6,0,1970
198816,0,,f,0,,188,4,,562,3,85,0,1970
198817,0,1,t,25,1,189,5,,565,3,119,1,1970
198818,0,1,t,23,2,189,5,,565,3,58,2,1970
198819,0,1,t,17,3,189,5,,565,3,83,1,1970
198820,0,2,t,16,4,189,5,,565,3,104,0,1970
198821,0,3,t,13,5,189,5,,565,3,111,0,1970
198822,0,1,t,10,6,189,5,,565,3,34,1,1970
198823,0,3,t,7,7,189,5,,565,3,6,0,1970
198824,0,,f,0,,189,5,,565,3,85,0,1970
198825,0,1,t,32,1,190,6,,568,3,58,3,1970
198826,0,1,t,31,2,190,6,,568,3,119,1,1970
198827,0,1,t,21,3,190,6,,568,3,83,1,1970
198828,0,2,t,19,4,190,6,,568,3,104,0,1970
198829,0,3,t,15,5,190,6,,568,3,111,0,1970
198830,0,1,t,10,6,190,6,,568,3,34,1,1970
198831,0,3,t,7,7,190,6,,568,3,6,0,1970
198832,0,,f,0,,190,6,,568,3,85,0,1970
198833,0,,f,0,,190,6,,568,3,120,0,1970
198834,0,1,t,41,1,191,7,,571,3,58,4,1970
198835,0,1,t,33,2,191,7,,571,3,119,1,1970
198836,0,1,t,27,3,191,7,,571,3,83,1,1970
198837,0,2,t,23,4,191,7,,571,3,104,0,1970
198838,0,3,t,15,5,191,7,,571,3,111,0,1970
198839,0,1,t,10,6,191,7,,571,3,34,1,1970
198840,0,3,t,10,7,191,7,,571,3,6,0,1970
198841,0,,f,0,,191,7,,571,3,85,0,1970
198842,0,,f,0,,191,7,,571,3,120,0,1970
198843,0,,f,0,,191,7,,571,3,122,0,1970
198844,0,1,t,50,1,192,8,,574,3,58,5,1970
198845,0,1,t,33,2,192,8,,574,3,119,1,1970
198846,0,1,t,29,3,192,8,,574,3,83,1,1970
198847,0,2,t,27,4,192,8,,574,3,104,0,1970
198848,0,2,t,16,5,192,8,,574,3,6,0,1970
198849,0,3,t,16,6,192,8,,574,3,111,0,1970
198850,0,1,t,10,7,192,8,,574,3,34,1,1970
198851,0,9,f,0,,192,8,,574,3,122,0,1970
198852,0,,f,0,,192,8,,574,3,85,0,1970
198853,0,,f,0,,192,8,,574,3,120,0,1970
198854,0,1,t,50,1,193,9,,577,3,58,5,1970
198855,0,1,t,33,2,193,9,,577,3,119,1,1970
198856,0,1,t,33,3,193,9,,577,3,83,1,1970
198857,0,2,t,27,4,193,9,,577,3,104,0,1970
198858,0,1,t,25,5,193,9,,577,3,6,1,1970
198859,0,3,t,17,6,193,9,,577,3,111,0,1970
198860,0,1,t,13,7,193,9,,577,3,34,1,1970
198861,0,9,f,0,,193,9,,577,3,122,0,1970
198862,0,12,f,0,,193,9,,577,3,120,0,1970
198863,0,,f,0,,193,9,,577,3,85,0,1970
198864,0,,f,0,,193,9,,577,3,121,0,1970
198865,0,1,t,50,1,194,10,,580,3,58,5,1970
198866,0,1,t,39,2,194,10,,580,3,119,1,1970
198867,0,1,t,35,3,194,10,,580,3,83,1,1970
198868,0,1,t,34,4,194,10,,580,3,6,2,1970
198869,0,2,t,30,5,194,10,,580,3,104,0,1970
198870,0,3,t,21,6,194,10,,580,3,111,0,1970
198871,0,1,t,13,7,194,10,,580,3,34,1,1970
198872,0,8,f,0,,194,10,,580,3,120,0,1970
198873,0,9,f,0,,194,10,,580,3,122,0,1970
198874,0,,f,0,,194,10,,580,3,85,0,1970
198875,0,,f,0,,194,10,,580,3,121,0,1970
198876,0,1,t,50,1,195,11,,583,3,58,5,1970
198877,0,1,t,43,2,195,11,,583,3,6,3,1970
198878,0,1,t,43,3,195,11,,583,3,119,1,1970
198879,0,1,t,35,4,195,11,,583,3,83,1,1970
198880,0,2,t,31,5,195,11,,583,3,104,0,1970
198881,0,3,t,21,6,195,11,,583,3,111,0,1970
198882,0,1,t,16,7,195,11,,583,3,34,1,1970
198883,0,5,t,2,8,195,11,,583,3,122,0,1970
198884,0,8,f,0,,195,11,,583,3,120,0,1970
198885,0,,f,0,,195,11,,583,3,85,0,1970
198886,0,,f,0,,195,11,,583,3,123,0,1970
198887,0,,f,0,,195,11,,583,3,121,0,1970
198888,0,1,t,59,1,196,12,,586,3,58,6,1970
198889,0,1,t,46,2,196,12,,586,3,6,3,1970
198890,0,1,t,45,3,196,12,,586,3,119,1,1970
198891,0,1,t,35,4,196,12,,586,3,83,1,1970
198892,0,2,t,31,5,196,12,,586,3,104,0,1970
198893,0,1,t,22,6,196,12,,586,3,34,1,1970
198894,0,3,t,21,7,196,12,,586,3,111,0,1970
198895,0,5,t,3,8,196,12,,586,3,122,0,1970
198896,0,8,f,0,,196,12,,586,3,120,0,1970
198897,0,,f,0,,196,12,,586,3,85,0,1970
198898,0,,f,0,,196,12,,586,3,123,0,1970
198899,0,,f,0,,196,12,,586,3,121,0,1970
198900,0,1,t,59,1,197,13,21,589,3,58,6,1970
198901,0,1,t,55,2,197,13,21,589,3,6,4,1970
198902,0,1,t,48,3,197,13,21,589,3,119,1,1970
198903,0,1,t,35,4,197,13,21,589,3,83,1,1970
198904,0,2,t,35,5,197,13,21,589,3,104,0,1970
198905,0,1,t,23,6,197,13,21,589,3,34,1,1970
198906,0,3,t,23,7,197,13,21,589,3,111,0,1970
198907,0,5,t,3,8,197,13,21,589,3,122,0,1970
198908,0,8,f,0,,197,13,21,589,3,120,0,1970
198909,0,,f,0,,197,13,21,589,3,85,0,1970
198910,0,,f,0,,197,13,21,589,3,123,0,1970
198911,0,,f,0,,197,13,21,589,3,121,0,1970
198912,0,1,t,9,1,198,1,,592,3,6,1,1971
198913,0,2,t,6,2,198,1,,592,3,123,0,1971
198914,0,4,t,3,3,198,1,,592,3,94,0,1971
198915,0,5,t,2,4,198,1,,592,3,111,0,1971
198916,0,6,t,1,5,198,1,,592,3,117,0,1971
198917,0,7,f,0,,198,1,,592,3,122,0,1971
198918,0,9,f,0,,198,1,,592,3,83,0,1971
198919,0,10,f,0,,198,1,,592,3,124,0,1971
198920,0,13,f,0,,198,1,,592,3,125,0,1971
198921,0,,f,0,,198,1,,592,3,34,0,1971
198922,0,1,t,15,1,199,2,,595,3,6,1,1971
198923,0,1,t,15,2,199,2,,595,3,123,1,1971
198924,0,3,t,6,3,199,2,,595,3,111,0,1971
198925,0,4,t,3,4,199,2,,595,3,94,0,1971
198926,0,4,t,3,5,199,2,,595,3,34,0,1971
198927,0,5,t,3,6,199,2,,595,3,117,0,1971
198928,0,7,f,0,,199,2,,595,3,122,0,1971
198929,0,9,f,0,,199,2,,595,3,83,0,1971
198930,0,10,f,0,,199,2,,595,3,124,0,1971
198931,0,13,f,0,,199,2,,595,3,125,0,1971
198932,0,1,t,24,1,200,3,,598,3,123,2,1971
198933,0,1,t,19,2,200,3,,598,3,6,1,1971
198934,0,2,t,6,3,200,3,,598,3,124,0,1971
198935,0,3,t,6,4,200,3,,598,3,111,0,1971
198936,0,4,t,6,5,200,3,,598,3,117,0,1971
198937,0,4,t,5,6,200,3,,598,3,94,0,1971
198938,0,4,t,3,7,200,3,,598,3,34,0,1971
198939,0,6,t,1,8,200,3,,598,3,122,0,1971
198940,0,9,f,0,,200,3,,598,3,83,0,1971
198941,0,13,f,0,,200,3,,598,3,125,0,1971
198942,0,1,t,28,1,201,4,,601,3,6,2,1971
198943,0,1,t,24,2,201,4,,601,3,123,2,1971
198944,0,2,t,9,3,201,4,,601,3,34,0,1971
198945,0,2,t,9,4,201,4,,601,3,124,0,1971
198946,0,3,t,6,5,201,4,,601,3,111,0,1971
198947,0,4,t,6,6,201,4,,601,3,117,0,1971
198948,0,4,t,5,7,201,4,,601,3,94,0,1971
198949,0,5,t,3,8,201,4,,601,3,122,0,1971
198950,0,9,f,0,,201,4,,601,3,83,0,1971
198951,0,13,f,0,,201,4,,601,3,125,0,1971
198952,0,,f,0,,201,4,,601,3,126,0,1971
198953,0,1,t,33,1,202,5,,604,3,123,3,1971
198954,0,1,t,28,2,202,5,,604,3,6,2,1971
198955,0,2,t,12,3,202,5,,604,3,34,0,1971
198956,0,2,t,9,4,202,5,,604,3,124,0,1971
198957,0,3,t,9,5,202,5,,604,3,94,0,1971
198958,0,3,t,8,6,202,5,,604,3,111,0,1971
198959,0,4,t,6,7,202,5,,604,3,117,0,1971
198960,0,5,t,3,8,202,5,,604,3,122,0,1971
198961,0,9,f,0,,202,5,,604,3,83,0,1971
198962,0,13,f,0,,202,5,,604,3,125,0,1971
198963,0,,f,0,,202,5,,604,3,126,0,1971
198964,0,1,t,42,1,203,6,,607,3,123,4,1971
198965,0,1,t,28,2,203,6,,607,3,6,2,1971
198966,0,2,t,15,3,203,6,,607,3,124,0,1971
198967,0,3,t,13,4,203,6,,607,3,94,0,1971
198968,0,2,t,12,5,203,6,,607,3,34,0,1971
198969,0,3,t,8,6,203,6,,607,3,111,0,1971
198970,0,4,t,6,7,203,6,,607,3,117,0,1971
198971,0,5,t,5,8,203,6,,607,3,122,0,1971
198972,0,9,f,0,,203,6,,607,3,83,0,1971
198973,0,13,f,0,,203,6,,607,3,125,0,1971
198974,0,,f,0,,203,6,,607,3,126,0,1971
198975,0,1,t,51,1,204,7,,610,3,123,5,1971
198976,0,1,t,32,2,204,7,,610,3,6,2,1971
198977,0,2,t,17,3,204,7,,610,3,124,0,1971
198978,0,3,t,13,4,204,7,,610,3,94,0,1971
198979,0,2,t,12,5,204,7,,610,3,34,0,1971
198980,0,3,t,8,6,204,7,,610,3,111,0,1971
198981,0,4,t,6,7,204,7,,610,3,117,0,1971
198982,0,5,t,5,8,204,7,,610,3,122,0,1971
198983,0,6,t,1,9,204,7,,610,3,83,0,1971
198984,0,12,f,0,,204,7,,610,3,125,0,1971
198985,0,,f,0,,204,7,,610,3,126,0,1971
198986,0,1,t,51,1,205,8,,613,3,123,5,1971
198987,0,1,t,32,2,205,8,,613,3,6,2,1971
198988,0,1,t,21,3,205,8,,613,3,34,1,1971
198989,0,2,t,19,4,205,8,,613,3,94,0,1971
198990,0,2,t,18,5,205,8,,613,3,124,0,1971
198991,0,3,t,8,6,205,8,,613,3,111,0,1971
198992,0,4,t,6,7,205,8,,613,3,117,0,1971
198993,0,3,t,5,8,205,8,,613,3,83,0,1971
198994,0,5,t,5,9,205,8,,613,3,122,0,1971
198995,0,12,f,0,,205,8,,613,3,125,0,1971
198996,0,,f,0,,205,8,,613,3,126,0,1971
198997,0,1,t,55,1,206,9,,616,3,123,5,1971
198998,0,1,t,32,2,206,9,,616,3,6,2,1971
198999,0,1,t,30,3,206,9,,616,3,34,2,1971
199000,0,2,t,24,4,206,9,,616,3,124,0,1971
199001,0,2,t,19,5,206,9,,616,3,94,0,1971
199002,0,3,t,9,6,206,9,,616,3,111,0,1971
199003,0,4,t,8,7,206,9,,616,3,122,0,1971
199004,0,4,t,6,8,206,9,,616,3,117,0,1971
199005,0,3,t,5,9,206,9,,616,3,83,0,1971
199006,0,8,f,0,,206,9,,616,3,126,0,1971
199007,0,12,f,0,,206,9,,616,3,125,0,1971
199008,0,,f,0,,206,9,,616,3,121,0,1971
199009,0,1,t,64,1,207,10,,619,3,123,6,1971
199010,0,1,t,32,2,207,10,,619,3,6,2,1971
199011,0,1,t,30,3,207,10,,619,3,34,2,1971
199012,0,2,t,30,4,207,10,,619,3,124,0,1971
199013,0,2,t,21,5,207,10,,619,3,94,0,1971
199014,0,3,t,10,6,207,10,,619,3,117,0,1971
199015,0,3,t,9,7,207,10,,619,3,111,0,1971
199016,0,4,t,8,8,207,10,,619,3,122,0,1971
199017,0,3,t,5,9,207,10,,619,3,83,0,1971
199018,0,8,f,0,,207,10,,619,3,126,0,1971
199019,0,12,f,0,,207,10,,619,3,125,0,1971
199020,0,,f,0,,207,10,,619,3,121,0,1971
199021,0,1,t,73,1,208,11,22,622,3,123,7,1971
199022,0,1,t,36,2,208,11,22,622,3,34,2,1971
199023,0,2,t,34,3,208,11,22,622,3,124,0,1971
199024,0,1,t,33,4,208,11,22,622,3,6,2,1971
199025,0,2,t,21,5,208,11,22,622,3,94,0,1971
199026,0,3,t,10,6,208,11,22,622,3,117,0,1971
199027,0,3,t,9,7,208,11,22,622,3,111,0,1971
199028,0,4,t,8,8,208,11,22,622,3,122,0,1971
199029,0,3,t,5,9,208,11,22,622,3,83,0,1971
199030,0,8,f,0,,208,11,22,622,3,126,0,1971
199031,0,11,f,0,,208,11,22,622,3,125,0,1971
199032,0,,f,0,,208,11,22,622,3,121,0,1971
199033,0,1,t,9,1,209,1,,625,3,123,1,1972
199034,0,2,t,6,2,209,1,,625,3,117,0,1972
199035,0,3,t,4,3,209,1,,625,3,6,0,1972
199036,0,5,t,2,4,209,1,,625,3,122,0,1972
199037,0,6,t,1,5,209,1,,625,3,119,0,1972
199038,0,7,f,0,,209,1,,625,3,83,0,1972
199039,0,9,f,0,,209,1,,625,3,34,0,1972
199040,0,,f,0,,209,1,,625,3,58,0,1972
199041,0,,f,0,,209,1,,625,3,111,0,1972
199042,0,1,t,15,1,210,2,,628,3,117,1,1972
199043,0,1,t,9,2,210,2,,628,3,123,1,1972
199044,0,3,t,7,3,210,2,,628,3,6,0,1972
199045,0,2,t,6,4,210,2,,628,3,58,0,1972
199046,0,5,t,3,5,210,2,,628,3,119,0,1972
199047,0,5,t,2,6,210,2,,628,3,122,0,1972
199048,0,6,t,1,7,210,2,,628,3,83,0,1972
199049,0,9,f,0,,210,2,,628,3,34,0,1972
199050,0,15,f,0,,210,2,,628,3,111,0,1972
199051,0,1,t,17,1,211,3,,631,3,117,1,1972
199052,0,1,t,15,2,211,3,,631,3,58,1,1972
199053,0,2,t,13,3,211,3,,631,3,6,0,1972
199054,0,1,t,9,4,211,3,,631,3,123,1,1972
199055,0,4,t,5,5,211,3,,631,3,122,0,1972
199056,0,5,t,4,6,211,3,,631,3,119,0,1972
199057,0,6,t,1,7,211,3,,631,3,83,0,1972
199058,0,9,f,0,,211,3,,631,3,34,0,1972
199059,0,15,f,0,,211,3,,631,3,111,0,1972
199060,0,1,t,19,1,212,4,,634,3,58,1,1972
199061,0,1,t,19,2,212,4,,634,3,117,1,1972
199062,0,2,t,19,3,212,4,,634,3,6,0,1972
199063,0,1,t,12,4,212,4,,634,3,123,1,1972
199064,0,1,t,9,5,212,4,,634,3,34,1,1972
199065,0,4,t,5,6,212,4,,634,3,122,0,1972
199066,0,5,t,4,7,212,4,,634,3,119,0,1972
199067,0,6,t,1,8,212,4,,634,3,83,0,1972
199068,0,6,t,1,9,212,4,,634,3,111,0,1972
199069,0,1,t,28,1,213,5,,637,3,58,2,1972
199070,0,1,t,23,2,213,5,,637,3,117,1,1972
199071,0,2,t,19,3,213,5,,637,3,6,0,1972
199072,0,1,t,18,4,213,5,,637,3,123,1,1972
199073,0,1,t,9,5,213,5,,637,3,34,1,1972
199074,0,4,t,8,6,213,5,,637,3,122,0,1972
199075,0,5,t,6,7,213,5,,637,3,119,0,1972
199076,0,6,t,2,8,213,5,,637,3,111,0,1972
199077,0,6,t,1,9,213,5,,637,3,83,0,1972
199078,0,,f,0,,213,5,,637,3,127,0,1972
199079,0,1,t,34,1,214,6,,640,3,58,2,1972
199080,0,1,t,27,2,214,6,,640,3,123,2,1972
199081,0,1,t,23,3,214,6,,640,3,117,1,1972
199082,0,2,t,19,4,214,6,,640,3,6,0,1972
199083,0,1,t,9,5,214,6,,640,3,34,1,1972
199084,0,4,t,9,6,214,6,,640,3,122,0,1972
199085,0,5,t,8,7,214,6,,640,3,119,0,1972
199086,0,3,t,6,8,214,6,,640,3,111,0,1972
199087,0,6,t,1,9,214,6,,640,3,83,0,1972
199088,0,,f,0,,214,6,,640,3,127,0,1972
199089,0,1,t,43,1,215,7,,643,3,58,3,1972
199090,0,1,t,33,2,215,7,,643,3,123,2,1972
199091,0,1,t,27,3,215,7,,643,3,117,1,1972
199092,0,2,t,20,4,215,7,,643,3,6,0,1972
199093,0,1,t,9,5,215,7,,643,3,34,1,1972
199094,0,3,t,9,6,215,7,,643,3,111,0,1972
199095,0,4,t,9,7,215,7,,643,3,122,0,1972
199096,0,5,t,8,8,215,7,,643,3,119,0,1972
199097,0,6,t,1,9,215,7,,643,3,83,0,1972
199098,0,,f,0,,215,7,,643,3,127,0,1972
199099,0,,f,0,,215,7,,643,3,128,0,1972
199100,0,1,t,43,1,216,8,,646,3,58,3,1972
199101,0,1,t,33,2,216,8,,646,3,123,2,1972
199102,0,1,t,29,3,216,8,,646,3,6,1,1972
199103,0,1,t,29,4,216,8,,646,3,117,1,1972
199104,0,1,t,12,5,216,8,,646,3,34,1,1972
199105,0,3,t,12,6,216,8,,646,3,119,0,1972
199106,0,3,t,9,7,216,8,,646,3,111,0,1972
199107,0,4,t,9,8,216,8,,646,3,122,0,1972
199108,0,6,t,2,9,216,8,,646,3,83,0,1972
199109,0,,f,0,,216,8,,646,3,127,0,1972
199110,0,,f,0,,216,8,,646,3,128,0,1972
199111,0,1,t,52,1,217,9,,649,3,58,4,1972
199112,0,1,t,35,2,217,9,,649,3,117,1,1972
199113,0,1,t,33,3,217,9,,649,3,123,2,1972
199114,0,1,t,29,4,217,9,,649,3,6,1,1972
199115,0,1,t,13,5,217,9,,649,3,34,1,1972
199116,0,3,t,12,6,217,9,,649,3,119,0,1972
199117,0,4,t,12,7,217,9,,649,3,122,0,1972
199118,0,3,t,11,8,217,9,,649,3,111,0,1972
199119,0,6,t,2,9,217,9,,649,3,83,0,1972
199120,0,,f,0,,217,9,,649,3,127,0,1972
199121,0,,f,0,,217,9,,649,3,129,0,1972
199122,0,,f,0,,217,9,,649,3,128,0,1972
199123,0,1,t,61,1,218,10,,652,3,58,5,1972
199124,0,1,t,39,2,218,10,,652,3,117,1,1972
199125,0,1,t,33,3,218,10,,652,3,123,2,1972
199126,0,1,t,29,4,218,10,,652,3,6,1,1972
199127,0,2,t,18,5,218,10,,652,3,122,0,1972
199128,0,1,t,14,6,218,10,,652,3,34,1,1972
199129,0,3,t,12,7,218,10,,652,3,119,0,1972
199130,0,3,t,11,8,218,10,,652,3,111,0,1972
199131,0,5,t,4,9,218,10,,652,3,83,0,1972
199132,0,,f,0,,218,10,,652,3,127,0,1972
199133,0,,f,0,,218,10,,652,3,129,0,1972
199134,0,,f,0,,218,10,,652,3,128,0,1972
199135,0,1,t,61,1,219,11,,655,3,58,5,1972
199136,0,1,t,45,2,219,11,,655,3,117,1,1972
199137,0,1,t,42,3,219,11,,655,3,123,3,1972
199138,0,1,t,31,4,219,11,,655,3,6,1,1972
199139,0,2,t,18,5,219,11,,655,3,122,0,1972
199140,0,1,t,14,6,219,11,,655,3,34,1,1972
199141,0,3,t,12,7,219,11,,655,3,111,0,1972
199142,0,3,t,12,8,219,11,,655,3,119,0,1972
199143,0,4,t,7,9,219,11,,655,3,83,0,1972
199144,0,,f,0,,219,11,,655,3,127,0,1972
199145,0,,f,0,,219,11,,655,3,129,0,1972
199146,0,,f,0,,219,11,,655,3,128,0,1972
199147,0,1,t,61,1,220,12,23,658,3,58,5,1972
199148,0,1,t,51,2,220,12,23,658,3,123,4,1972
199149,0,1,t,49,3,220,12,23,658,3,117,1,1972
199150,0,1,t,33,4,220,12,23,658,3,6,1,1972
199151,0,2,t,18,5,220,12,23,658,3,122,0,1972
199152,0,3,t,15,6,220,12,23,658,3,119,0,1972
199153,0,1,t,14,7,220,12,23,658,3,34,1,1972
199154,0,3,t,12,8,220,12,23,658,3,111,0,1972
199155,0,4,t,7,9,220,12,23,658,3,83,0,1972
199156,0,,f,0,,220,12,23,658,3,127,0,1972
199157,0,,f,0,,220,12,23,658,3,129,0,1972
199158,0,,f,0,,220,12,23,658,3,128,0,1972
199159,0,1,t,9,1,221,1,,661,3,58,1,1973
199160,0,2,t,6,2,221,1,,661,3,123,0,1973
199161,0,4,t,3,3,221,1,,661,3,6,0,1973
199162,0,5,t,2,4,221,1,,661,3,117,0,1973
199163,0,6,t,1,5,221,1,,661,3,83,0,1973
199164,0,7,f,0,,221,1,,661,3,34,0,1973
199165,0,10,f,0,,221,1,,661,3,119,0,1973
199166,0,,f,0,,221,1,,661,3,130,0,1973
199167,0,,f,0,,221,1,,661,3,122,0,1973
199168,0,1,t,18,1,222,2,,664,3,58,2,1973
199169,0,2,t,12,2,222,2,,664,3,123,0,1973
199170,0,3,t,6,3,222,2,,664,3,117,0,1973
199171,0,4,t,6,4,222,2,,664,3,6,0,1973
199172,0,6,t,1,5,222,2,,664,3,34,0,1973
199173,0,6,t,1,6,222,2,,664,3,83,0,1973
199174,0,7,f,0,,222,2,,664,3,130,0,1973
199175,0,10,f,0,,222,2,,664,3,119,0,1973
199176,0,12,f,0,,222,2,,664,3,122,0,1973
199177,0,1,t,22,1,223,3,,667,3,58,2,1973
199178,0,1,t,21,2,223,3,,667,3,123,1,1973
199179,0,2,t,12,3,223,3,,667,3,117,0,1973
199180,0,4,t,9,4,223,3,,667,3,6,0,1973
199181,0,6,t,1,5,223,3,,667,3,83,0,1973
199182,0,6,t,1,6,223,3,,667,3,34,0,1973
199183,0,6,t,1,7,223,3,,667,3,131,0,1973
199184,0,7,f,0,,223,3,,667,3,130,0,1973
199185,0,8,f,0,,223,3,,667,3,122,0,1973
199186,0,10,f,0,,223,3,,667,3,119,0,1973
199187,0,1,t,31,1,224,4,,670,3,58,3,1973
199188,0,1,t,27,2,224,4,,670,3,123,1,1973
199189,0,2,t,15,3,224,4,,670,3,117,0,1973
199190,0,4,t,9,4,224,4,,670,3,6,0,1973
199191,0,3,t,5,5,224,4,,670,3,131,0,1973
199192,0,5,t,3,6,224,4,,670,3,34,0,1973
199193,0,6,t,1,7,224,4,,670,3,83,0,1973
199194,0,7,f,0,,224,4,,670,3,130,0,1973
199195,0,7,f,0,,224,4,,670,3,119,0,1973
199196,0,8,f,0,,224,4,,670,3,122,0,1973
199197,0,1,t,36,1,225,5,,673,3,123,2,1973
199198,0,1,t,35,2,225,5,,673,3,58,3,1973
199199,0,2,t,15,3,225,5,,673,3,117,0,1973
199200,0,4,t,9,4,225,5,,673,3,6,0,1973
199201,0,3,t,5,5,225,5,,673,3,131,0,1973
199202,0,5,t,5,6,225,5,,673,3,34,0,1973
199203,0,4,t,4,7,225,5,,673,3,83,0,1973
199204,0,6,t,1,8,225,5,,673,3,127,0,1973
199205,0,7,f,0,,225,5,,673,3,130,0,1973
199206,0,7,f,0,,225,5,,673,3,119,0,1973
199207,0,8,f,0,,225,5,,673,3,122,0,1973
199208,0,1,t,45,1,226,6,,676,3,123,3,1973
199209,0,1,t,41,2,226,6,,676,3,58,3,1973
199210,0,2,t,17,3,226,6,,676,3,117,0,1973
199211,0,4,t,9,4,226,6,,676,3,6,0,1973
199212,0,3,t,5,5,226,6,,676,3,131,0,1973
199213,0,5,t,5,6,226,6,,676,3,34,0,1973
199214,0,4,t,4,7,226,6,,676,3,83,0,1973
199215,0,6,t,1,8,226,6,,676,3,127,0,1973
199216,0,7,f,0,,226,6,,676,3,119,0,1973
199217,0,7,f,0,,226,6,,676,3,130,0,1973
199218,0,8,f,0,,226,6,,676,3,122,0,1973
199219,0,1,t,45,1,227,7,,679,3,123,3,1973
199220,0,1,t,43,2,227,7,,679,3,58,3,1973
199221,0,1,t,26,3,227,7,,679,3,117,1,1973
199222,0,4,t,10,4,227,7,,679,3,6,0,1973
199223,0,4,t,7,5,227,7,,679,3,83,0,1973
199224,0,3,t,5,6,227,7,,679,3,131,0,1973
199225,0,5,t,5,7,227,7,,679,3,34,0,1973
199226,0,6,t,1,8,227,7,,679,3,127,0,1973
199227,0,7,f,0,,227,7,,679,3,119,0,1973
199228,0,7,f,0,,227,7,,679,3,130,0,1973
199229,0,8,f,0,,227,7,,679,3,122,0,1973
199230,0,1,t,52,1,228,8,,682,3,58,4,1973
199231,0,1,t,51,2,228,8,,682,3,123,3,1973
199232,0,1,t,26,3,228,8,,682,3,117,1,1973
199233,0,4,t,12,4,228,8,,682,3,6,0,1973
199234,0,3,t,11,5,228,8,,682,3,83,0,1973
199235,0,3,t,5,6,228,8,,682,3,131,0,1973
199236,0,5,t,5,7,228,8,,682,3,34,0,1973
199237,0,6,t,1,8,228,8,,682,3,119,0,1973
199238,0,6,t,1,9,228,8,,682,3,127,0,1973
199239,0,7,f,0,,228,8,,682,3,130,0,1973
199240,0,8,f,0,,228,8,,682,3,122,0,1973
199241,0,15,f,0,,228,8,,682,3,132,0,1973
199242,0,1,t,58,1,229,9,,685,3,58,4,1973
199243,0,1,t,53,2,229,9,,685,3,123,3,1973
199244,0,1,t,35,3,229,9,,685,3,117,2,1973
199245,0,3,t,12,4,229,9,,685,3,83,0,1973
199246,0,4,t,12,5,229,9,,685,3,6,0,1973
199247,0,3,t,5,6,229,9,,685,3,131,0,1973
199248,0,5,t,5,7,229,9,,685,3,34,0,1973
199249,0,4,t,4,8,229,9,,685,3,119,0,1973
199250,0,6,t,1,9,229,9,,685,3,127,0,1973
199251,0,7,f,0,,229,9,,685,3,130,0,1973
199252,0,8,f,0,,229,9,,685,3,122,0,1973
199253,0,13,f,0,,229,9,,685,3,132,0,1973
199254,0,1,t,62,1,230,10,,688,3,123,4,1973
199255,0,1,t,58,2,230,10,,688,3,58,4,1973
199256,0,1,t,38,3,230,10,,688,3,117,2,1973
199257,0,3,t,12,4,230,10,,688,3,83,0,1973
199258,0,4,t,12,5,230,10,,688,3,6,0,1973
199259,0,3,t,8,6,230,10,,688,3,119,0,1973
199260,0,5,t,7,7,230,10,,688,3,34,0,1973
199261,0,3,t,5,8,230,10,,688,3,131,0,1973
199262,0,6,t,1,9,230,10,,688,3,130,0,1973
199263,0,6,t,1,10,230,10,,688,3,127,0,1973
199264,0,7,f,0,,230,10,,688,3,122,0,1973
199265,0,13,f,0,,230,10,,688,3,132,0,1973
199266,0,1,t,71,1,231,11,,691,3,123,5,1973
199267,0,1,t,59,2,231,11,,691,3,58,4,1973
199268,0,1,t,42,3,231,11,,691,3,117,2,1973
199269,0,3,t,14,4,231,11,,691,3,83,0,1973
199270,0,4,t,12,5,231,11,,691,3,6,0,1973
199271,0,3,t,8,6,231,11,,691,3,119,0,1973
199272,0,5,t,7,7,231,11,,691,3,34,0,1973
199273,0,3,t,5,8,231,11,,691,3,131,0,1973
199274,0,4,t,3,9,231,11,,691,3,122,0,1973
199275,0,6,t,1,10,231,11,,691,3,130,0,1973
199276,0,6,t,1,11,231,11,,691,3,127,0,1973
199277,0,13,f,0,,231,11,,691,3,132,0,1973
199278,0,1,t,77,1,232,12,,694,3,123,5,1973
199279,0,1,t,68,2,232,12,,694,3,58,5,1973
199280,0,1,t,42,3,232,12,,694,3,117,2,1973
199281,0,3,t,17,4,232,12,,694,3,83,0,1973
199282,0,4,t,12,5,232,12,,694,3,6,0,1973
199283,0,5,t,9,6,232,12,,694,3,34,0,1973
199284,0,3,t,8,7,232,12,,694,3,119,0,1973
199285,0,3,t,7,8,232,12,,694,3,122,0,1973
199286,0,3,t,5,9,232,12,,694,3,131,0,1973
199287,0,6,t,1,10,232,12,,694,3,130,0,1973
199288,0,6,t,1,11,232,12,,694,3,127,0,1973
199289,0,13,f,0,,232,12,,694,3,132,0,1973
199290,0,1,t,80,1,233,13,,697,3,123,5,1973
199291,0,1,t,77,2,233,13,,697,3,58,6,1973
199292,0,1,t,46,3,233,13,,697,3,117,2,1973
199293,0,3,t,18,4,233,13,,697,3,83,0,1973
199294,0,4,t,12,5,233,13,,697,3,6,0,1973
199295,0,5,t,9,6,233,13,,697,3,34,0,1973
199296,0,3,t,8,7,233,13,,697,3,119,0,1973
199297,0,3,t,7,8,233,13,,697,3,122,0,1973
199298,0,3,t,5,9,233,13,,697,3,131,0,1973
199299,0,6,t,1,10,233,13,,697,3,130,0,1973
199300,0,6,t,1,11,233,13,,697,3,127,0,1973
199301,0,13,f,0,,233,13,,697,3,132,0,1973
199302,0,1,t,83,1,234,14,,700,3,58,6,1973
199303,0,1,t,80,2,234,14,,700,3,123,5,1973
199304,0,1,t,55,3,234,14,,700,3,117,3,1973
199305,0,3,t,18,4,234,14,,700,3,83,0,1973
199306,0,4,t,12,5,234,14,,700,3,6,0,1973
199307,0,4,t,12,6,234,14,,700,3,34,0,1973
199308,0,3,t,9,7,234,14,,700,3,131,0,1973
199309,0,3,t,8,8,234,14,,700,3,119,0,1973
199310,0,3,t,7,9,234,14,,700,3,122,0,1973
199311,0,6,t,2,10,234,14,,700,3,130,0,1973
199312,0,6,t,1,11,234,14,,700,3,127,0,1973
199313,0,13,f,0,,234,14,,700,3,132,0,1973
199314,0,1,t,91,1,235,15,24,703,3,58,7,1973
199315,0,1,t,80,2,235,15,24,703,3,123,5,1973
199316,0,1,t,58,3,235,15,24,703,3,117,3,1973
199317,0,3,t,22,4,235,15,24,703,3,83,0,1973
199318,0,2,t,14,5,235,15,24,703,3,119,0,1973
199319,0,4,t,12,6,235,15,24,703,3,6,0,1973
199320,0,4,t,12,7,235,15,24,703,3,34,0,1973
199321,0,3,t,9,8,235,15,24,703,3,131,0,1973
199322,0,3,t,7,9,235,15,24,703,3,122,0,1973
199323,0,6,t,2,10,235,15,24,703,3,130,0,1973
199324,0,6,t,1,11,235,15,24,703,3,127,0,1973
199325,0,13,f,0,,235,15,24,703,3,132,0,1973
199326,0,1,t,9,1,236,1,,706,3,117,1,1974
199327,0,2,t,6,2,236,1,,706,3,6,0,1974
199328,0,5,t,2,3,236,1,,706,3,34,0,1974
199329,0,6,t,1,4,236,1,,706,3,123,0,1974
199330,0,7,f,0,,236,1,,706,3,83,0,1974
199331,0,8,f,0,,236,1,,706,3,119,0,1974
199332,0,11,f,0,,236,1,,706,3,81,0,1974
199333,0,13,f,0,,236,1,,706,3,58,0,1974
199334,0,,f,0,,236,1,,706,3,122,0,1974
199335,0,,f,0,,236,1,,706,3,130,0,1974
199336,0,,f,0,,236,1,,706,3,131,0,1974
199337,0,1,t,18,1,237,2,,709,3,117,2,1974
199338,0,2,t,12,2,237,2,,709,3,6,0,1974
199339,0,3,t,4,3,237,2,,709,3,58,0,1974
199340,0,4,t,3,4,237,2,,709,3,122,0,1974
199341,0,5,t,2,5,237,2,,709,3,34,0,1974
199342,0,6,t,1,6,237,2,,709,3,123,0,1974
199343,0,7,f,0,,237,2,,709,3,83,0,1974
199344,0,8,f,0,,237,2,,709,3,119,0,1974
199345,0,11,f,0,,237,2,,709,3,81,0,1974
199346,0,,f,0,,237,2,,709,3,131,0,1974
199347,0,,f,0,,237,2,,709,3,130,0,1974
199348,0,1,t,22,1,238,3,,712,3,117,2,1974
199349,0,2,t,12,2,238,3,,712,3,6,0,1974
199350,0,1,t,9,3,238,3,,712,3,83,1,1974
199351,0,2,t,8,4,238,3,,712,3,34,0,1974
199352,0,3,t,4,5,238,3,,712,3,58,0,1974
199353,0,4,t,4,6,238,3,,712,3,123,0,1974
199354,0,4,t,3,7,238,3,,712,3,122,0,1974
199355,0,5,t,2,8,238,3,,712,3,119,0,1974
199356,0,6,t,1,9,238,3,,712,3,130,0,1974
199357,0,11,f,0,,238,3,,712,3,81,0,1974
199358,0,,f,0,,238,3,,712,3,131,0,1974
199359,0,,f,0,,238,3,,712,3,133,0,1974
199360,0,1,t,26,1,239,4,,715,3,117,2,1974
199361,0,1,t,21,2,239,4,,715,3,6,1,1974
199362,0,1,t,9,3,239,4,,715,3,83,1,1974
199363,0,2,t,8,4,239,4,,715,3,34,0,1974
199364,0,4,t,6,5,239,4,,715,3,123,0,1974
199365,0,4,t,5,6,239,4,,715,3,119,0,1974
199366,0,3,t,4,7,239,4,,715,3,58,0,1974
199367,0,4,t,3,8,239,4,,715,3,122,0,1974
199368,0,6,t,1,9,239,4,,715,3,130,0,1974
199369,0,7,f,0,,239,4,,715,3,131,0,1974
199370,0,10,f,0,,239,4,,715,3,133,0,1974
199371,0,11,f,0,,239,4,,715,3,81,0,1974
199372,0,14,f,0,,239,4,,715,3,135,0,1974
199373,0,,f,0,,239,4,,715,3,134,0,1974
199374,0,1,t,35,1,240,5,,718,3,117,3,1974
199375,0,1,t,27,2,240,5,,718,3,6,1,1974
199376,0,2,t,10,3,240,5,,718,3,34,0,1974
199377,0,3,t,10,4,240,5,,718,3,123,0,1974
199378,0,1,t,9,5,240,5,,718,3,83,1,1974
199379,0,4,t,5,6,240,5,,718,3,119,0,1974
199380,0,3,t,4,7,240,5,,718,3,58,0,1974
199381,0,4,t,3,8,240,5,,718,3,122,0,1974
199382,0,6,t,1,9,240,5,,718,3,130,0,1974
199383,0,7,f,0,,240,5,,718,3,131,0,1974
199384,0,8,f,0,,240,5,,718,3,81,0,1974
199385,0,10,f,0,,240,5,,718,3,135,0,1974
199386,0,10,f,0,,240,5,,718,3,133,0,1974
199387,0,15,f,0,,240,5,,718,3,132,0,1974
199388,0,,f,0,,240,5,,718,3,136,0,1974
199389,0,,f,0,,240,5,,718,3,134,0,1974
199390,0,1,t,37,1,241,6,,721,3,117,3,1974
199391,0,1,t,30,2,241,6,,721,3,6,1,1974
199392,0,2,t,16,3,241,6,,721,3,123,0,1974
199393,0,1,t,13,4,241,6,,721,3,58,1,1974
199394,0,1,t,10,5,241,6,,721,3,83,1,1974
199395,0,2,t,10,6,241,6,,721,3,34,0,1974
199396,0,4,t,5,7,241,6,,721,3,119,0,1974
199397,0,3,t,4,8,241,6,,721,3,131,0,1974
199398,0,4,t,3,9,241,6,,721,3,122,0,1974
199399,0,6,t,1,10,241,6,,721,3,130,0,1974
199400,0,7,f,0,,241,6,,721,3,81,0,1974
199401,0,10,f,0,,241,6,,721,3,135,0,1974
199402,0,10,f,0,,241,6,,721,3,133,0,1974
199403,0,15,f,0,,241,6,,721,3,132,0,1974
199404,0,,f,0,,241,6,,721,3,136,0,1974
199405,0,,f,0,,241,6,,721,3,134,0,1974
199406,0,1,t,38,1,242,7,,724,3,117,3,1974
199407,0,1,t,30,2,242,7,,724,3,6,1,1974
199408,0,1,t,25,3,242,7,,724,3,123,1,1974
199409,0,1,t,13,4,242,7,,724,3,58,1,1974
199410,0,1,t,10,5,242,7,,724,3,83,1,1974
199411,0,2,t,10,6,242,7,,724,3,34,0,1974
199412,0,3,t,6,7,242,7,,724,3,131,0,1974
199413,0,4,t,5,8,242,7,,724,3,119,0,1974
199414,0,3,t,4,9,242,7,,724,3,133,0,1974
199415,0,4,t,3,10,242,7,,724,3,122,0,1974
199416,0,6,t,1,11,242,7,,724,3,81,0,1974
199417,0,6,t,1,12,242,7,,724,3,130,0,1974
199418,0,10,f,0,,242,7,,724,3,135,0,1974
199419,0,15,f,0,,242,7,,724,3,132,0,1974
199420,0,,f,0,,242,7,,724,3,136,0,1974
199421,0,,f,0,,242,7,,724,3,134,0,1974
199422,0,1,t,42,1,243,8,,727,3,117,3,1974
199423,0,1,t,39,2,243,8,,727,3,6,2,1974
199424,0,1,t,27,3,243,8,,727,3,123,1,1974
199425,0,1,t,13,4,243,8,,727,3,58,1,1974
199426,0,1,t,10,5,243,8,,727,3,83,1,1974
199427,0,2,t,10,6,243,8,,727,3,34,0,1974
199428,0,3,t,6,7,243,8,,727,3,131,0,1974
199429,0,4,t,5,8,243,8,,727,3,119,0,1974
199430,0,3,t,4,9,243,8,,727,3,133,0,1974
199431,0,4,t,3,10,243,8,,727,3,122,0,1974
199432,0,6,t,1,11,243,8,,727,3,81,0,1974
199433,0,6,t,1,12,243,8,,727,3,130,0,1974
199434,0,10,f,0,,243,8,,727,3,135,0,1974
199435,0,15,f,0,,243,8,,727,3,132,0,1974
199436,0,,f,0,,243,8,,727,3,136,0,1974
199437,0,,f,0,,243,8,,727,3,134,0,1974
199438,0,1,t,45,1,244,9,,730,3,6,2,1974
199439,0,1,t,43,2,244,9,,730,3,117,3,1974
199440,0,1,t,30,3,244,9,,730,3,123,1,1974
199441,0,1,t,22,4,244,9,,730,3,58,2,1974
199442,0,1,t,10,5,244,9,,730,3,83,1,1974
199443,0,2,t,10,6,244,9,,730,3,34,0,1974
199444,0,3,t,6,7,244,9,,730,3,131,0,1974
199445,0,4,t,5,8,244,9,,730,3,119,0,1974
199446,0,3,t,4,9,244,9,,730,3,133,0,1974
199447,0,4,t,3,10,244,9,,730,3,122,0,1974
199448,0,6,t,1,11,244,9,,730,3,81,0,1974
199449,0,6,t,1,12,244,9,,730,3,130,0,1974
199450,0,10,f,0,,244,9,,730,3,135,0,1974
199451,0,15,f,0,,244,9,,730,3,132,0,1974
199452,0,,f,0,,244,9,,730,3,136,0,1974
199453,0,,f,0,,244,9,,730,3,134,0,1974
199454,0,1,t,49,1,245,10,,733,3,117,3,1974
199455,0,1,t,48,2,245,10,,733,3,6,2,1974
199456,0,1,t,39,3,245,10,,733,3,123,2,1974
199457,0,1,t,26,4,245,10,,733,3,58,2,1974
199458,0,1,t,11,5,245,10,,733,3,83,1,1974
199459,0,2,t,10,6,245,10,,733,3,34,0,1974
199460,0,3,t,6,7,245,10,,733,3,131,0,1974
199461,0,4,t,5,8,245,10,,733,3,119,0,1974
199462,0,3,t,4,9,245,10,,733,3,133,0,1974
199463,0,4,t,3,10,245,10,,733,3,122,0,1974
199464,0,6,t,1,11,245,10,,733,3,81,0,1974
199465,0,6,t,1,12,245,10,,733,3,130,0,1974
199466,0,10,f,0,,245,10,,733,3,135,0,1974
199467,0,15,f,0,,245,10,,733,3,132,0,1974
199468,0,,f,0,,245,10,,733,3,136,0,1974
199469,0,,f,0,,245,10,,733,3,134,0,1974
199470,0,1,t,57,1,246,11,,736,3,6,3,1974
199471,0,1,t,49,2,246,11,,736,3,117,3,1974
199472,0,1,t,45,3,246,11,,736,3,123,2,1974
199473,0,1,t,29,4,246,11,,736,3,58,2,1974
199474,0,1,t,15,5,246,11,,736,3,83,1,1974
199475,0,2,t,10,6,246,11,,736,3,34,0,1974
199476,0,3,t,7,7,246,11,,736,3,131,0,1974
199477,0,4,t,5,8,246,11,,736,3,119,0,1974
199478,0,3,t,4,9,246,11,,736,3,133,0,1974
199479,0,4,t,3,10,246,11,,736,3,122,0,1974
199480,0,6,t,1,11,246,11,,736,3,81,0,1974
199481,0,6,t,1,12,246,11,,736,3,130,0,1974
199482,0,10,f,0,,246,11,,736,3,135,0,1974
199483,0,14,f,0,,246,11,,736,3,136,0,1974
199484,0,15,f,0,,246,11,,736,3,132,0,1974
199485,0,,f,0,,246,11,,736,3,134,0,1974
199486,0,1,t,59,1,247,12,,739,3,6,3,1974
199487,0,1,t,55,2,247,12,,739,3,117,3,1974
199488,0,1,t,45,3,247,12,,739,3,123,2,1974
199489,0,1,t,29,4,247,12,,739,3,58,2,1974
199490,0,1,t,24,5,247,12,,739,3,83,2,1974
199491,0,2,t,10,6,247,12,,739,3,34,0,1974
199492,0,3,t,8,7,247,12,,739,3,133,0,1974
199493,0,3,t,7,8,247,12,,739,3,131,0,1974
199494,0,4,t,6,9,247,12,,739,3,119,0,1974
199495,0,4,t,3,10,247,12,,739,3,122,0,1974
199496,0,6,t,1,11,247,12,,739,3,81,0,1974
199497,0,6,t,1,12,247,12,,739,3,130,0,1974
199498,0,10,f,0,,247,12,,739,3,135,0,1974
199499,0,14,f,0,,247,12,,739,3,136,0,1974
199500,0,15,f,0,,247,12,,739,3,132,0,1974
199501,0,,f,0,,247,12,,739,3,134,0,1974
199502,0,1,t,61,1,248,13,,742,3,117,3,1974
199503,0,1,t,59,2,248,13,,742,3,6,3,1974
199504,0,1,t,49,3,248,13,,742,3,123,2,1974
199505,0,1,t,38,4,248,13,,742,3,58,3,1974
199506,0,1,t,26,5,248,13,,742,3,83,2,1974
199507,0,2,t,10,6,248,13,,742,3,34,0,1974
199508,0,3,t,8,7,248,13,,742,3,133,0,1974
199509,0,3,t,7,8,248,13,,742,3,131,0,1974
199510,0,4,t,6,9,248,13,,742,3,119,0,1974
199511,0,4,t,4,10,248,13,,742,3,130,0,1974
199512,0,4,t,3,11,248,13,,742,3,122,0,1974
199513,0,6,t,1,12,248,13,,742,3,81,0,1974
199514,0,10,f,0,,248,13,,742,3,135,0,1974
199515,0,14,f,0,,248,13,,742,3,136,0,1974
199516,0,15,f,0,,248,13,,742,3,132,0,1974
199517,0,,f,0,,248,13,,742,3,134,0,1974
199518,0,1,t,70,1,249,14,,745,3,117,4,1974
199519,0,1,t,65,2,249,14,,745,3,6,3,1974
199520,0,1,t,51,3,249,14,,745,3,123,2,1974
199521,0,1,t,42,4,249,14,,745,3,58,3,1974
199522,0,1,t,26,5,249,14,,745,3,83,2,1974
199523,0,3,t,11,6,249,14,,745,3,133,0,1974
199524,0,2,t,10,7,249,14,,745,3,34,0,1974
199525,0,3,t,7,8,249,14,,745,3,131,0,1974
199526,0,4,t,6,9,249,14,,745,3,119,0,1974
199527,0,4,t,4,10,249,14,,745,3,130,0,1974
199528,0,4,t,3,11,249,14,,745,3,122,0,1974
199529,0,6,t,1,12,249,14,,745,3,81,0,1974
199530,0,7,f,0,,249,14,,745,3,140,0,1974
199531,0,10,f,0,,249,14,,745,3,135,0,1974
199532,0,12,f,0,,249,14,,745,3,139,0,1974
199533,0,14,f,0,,249,14,,745,3,136,0,1974
199534,0,15,f,0,,249,14,,745,3,132,0,1974
199535,0,,f,0,,249,14,,745,3,134,0,1974
199536,0,1,t,72,1,250,15,25,748,3,117,4,1974
199537,0,1,t,65,2,250,15,25,748,3,6,3,1974
199538,0,1,t,51,3,250,15,25,748,3,123,2,1974
199539,0,1,t,42,4,250,15,25,748,3,58,3,1974
199540,0,1,t,35,5,250,15,25,748,3,83,3,1974
199541,0,3,t,15,6,250,15,25,748,3,133,0,1974
199542,0,2,t,10,7,250,15,25,748,3,34,0,1974
199543,0,3,t,7,8,250,15,25,748,3,131,0,1974
199544,0,4,t,6,9,250,15,25,748,3,119,0,1974
199545,0,4,t,4,10,250,15,25,748,3,130,0,1974
199546,0,4,t,3,11,250,15,25,748,3,122,0,1974
199547,0,6,t,1,12,250,15,25,748,3,81,0,1974
199548,0,7,f,0,,250,15,25,748,3,140,0,1974
199549,0,10,f,0,,250,15,25,748,3,135,0,1974
199550,0,12,f,0,,250,15,25,748,3,139,0,1974
199551,0,14,f,0,,250,15,25,748,3,136,0,1974
199552,0,15,f,0,,250,15,25,748,3,132,0,1974
199553,0,,f,0,,250,15,25,748,3,134,0,1974
199554,0,1,t,9,1,251,1,,751,3,117,1,1975
199555,0,2,t,6,2,251,1,,751,3,133,0,1975
199556,0,3,t,4,3,251,1,,751,3,83,0,1975
199557,0,4,t,3,4,251,1,,751,3,6,0,1975
199558,0,5,t,2,5,251,1,,751,3,123,0,1975
199559,0,7,f,0,,251,1,,751,3,139,0,1975
199560,0,8,f,0,,251,1,,751,3,58,0,1975
199561,0,9,f,0,,251,1,,751,3,119,0,1975
199562,0,10,f,0,,251,1,,751,3,81,0,1975
199563,0,12,f,0,,251,1,,751,3,143,0,1975
199564,0,,f,0,,251,1,,751,3,141,0,1975
199565,0,,f,0,,251,1,,751,3,140,0,1975
199566,0,,f,0,,251,1,,751,3,34,0,1975
199567,0,,f,0,,251,1,,751,3,142,0,1975
199568,0,,f,0,,251,1,,751,3,122,0,1975
199569,0,1,t,15,1,252,2,,754,3,117,1,1975
199570,0,1,t,13,2,252,2,,754,3,83,1,1975
199571,0,2,t,7,3,252,2,,754,3,133,0,1975
199572,0,4,t,6,4,252,2,,754,3,6,0,1975
199573,0,5,t,2,5,252,2,,754,3,123,0,1975
199574,0,7,f,0,,252,2,,754,3,140,0,1975
199575,0,7,f,0,,252,2,,754,3,139,0,1975
199576,0,8,f,0,,252,2,,754,3,58,0,1975
199577,0,9,f,0,,252,2,,754,3,119,0,1975
199578,0,10,f,0,,252,2,,754,3,81,0,1975
199579,0,10,f,0,,252,2,,754,3,122,0,1975
199580,0,11,f,0,,252,2,,754,3,141,0,1975
199581,0,12,f,0,,252,2,,754,3,143,0,1975
199582,0,13,f,0,,252,2,,754,3,142,0,1975
199583,0,,f,0,,252,2,,754,3,34,0,1975
199584,0,1,t,19,1,253,3,,757,3,83,1,1975
199585,0,1,t,16,2,253,3,,757,3,117,1,1975
199586,0,1,t,11,3,253,3,,757,3,123,1,1975
199587,0,4,t,8,4,253,3,,757,3,6,0,1975
199588,0,2,t,7,5,253,3,,757,3,133,0,1975
199589,0,7,f,0,,253,3,,757,3,139,0,1975
199590,0,7,f,0,,253,3,,757,3,140,0,1975
199591,0,7,f,0,,253,3,,757,3,144,0,1975
199592,0,8,f,0,,253,3,,757,3,58,0,1975
199593,0,9,f,0,,253,3,,757,3,143,0,1975
199594,0,9,f,0,,253,3,,757,3,119,0,1975
199595,0,10,f,0,,253,3,,757,3,81,0,1975
199596,0,10,f,0,,253,3,,757,3,122,0,1975
199597,0,11,f,0,,253,3,,757,3,141,0,1975
199598,0,13,f,0,,253,3,,757,3,142,0,1975
199599,0,15,f,0,,253,3,,757,3,34,0,1975
199600,0,1,t,21,1,254,4,,760,3,83,1,1975
199601,0,1,t,20.5,2,254,4,,760,3,117,2,1975
199602,0,1,t,11,3,254,4,,760,3,123,1,1975
199603,0,4,t,8,4,254,4,,760,3,6,0,1975
199604,0,2,t,7,5,254,4,,760,3,133,0,1975
199605,0,2,t,3,6,254,4,,760,3,58,0,1975
199606,0,4,t,1.5,7,254,4,,760,3,143,0,1975
199607,0,5,t,1,8,254,4,,760,3,119,0,1975
199608,0,7,f,0,,254,4,,760,3,139,0,1975
199609,0,7,f,0,,254,4,,760,3,141,0,1975
199610,0,7,f,0,,254,4,,760,3,140,0,1975
199611,0,7,f,0,,254,4,,760,3,144,0,1975
199612,0,8,f,0,,254,4,,760,3,122,0,1975
199613,0,10,f,0,,254,4,,760,3,81,0,1975
199614,0,13,f,0,,254,4,,760,3,142,0,1975
199615,0,15,f,0,,254,4,,760,3,34,0,1975
199616,0,,f,0,,254,4,,760,3,132,0,1975
199617,0,1,t,26.5,1,255,5,,763,3,117,2,1975
199618,0,1,t,25,2,255,5,,763,3,83,1,1975
199619,0,1,t,17,3,255,5,,763,3,6,1,1975
199620,0,1,t,13,4,255,5,,763,3,123,1,1975
199621,0,2,t,7,5,255,5,,763,3,133,0,1975
199622,0,2,t,6,6,255,5,,763,3,58,0,1975
199623,0,4,t,1.5,7,255,5,,763,3,143,0,1975
199624,0,5,t,1,8,255,5,,763,3,119,0,1975
199625,0,7,f,0,,255,5,,763,3,139,0,1975
199626,0,7,f,0,,255,5,,763,3,141,0,1975
199627,0,7,f,0,,255,5,,763,3,140,0,1975
199628,0,7,f,0,,255,5,,763,3,144,0,1975
199629,0,8,f,0,,255,5,,763,3,122,0,1975
199630,0,10,f,0,,255,5,,763,3,81,0,1975
199631,0,13,f,0,,255,5,,763,3,142,0,1975
199632,0,15,f,0,,255,5,,763,3,34,0,1975
199633,0,,f,0,,255,5,,763,3,132,0,1975
199634,0,1,t,29,1,256,6,,766,3,83,1,1975
199635,0,1,t,26.5,2,256,6,,766,3,117,2,1975
199636,0,1,t,26,3,256,6,,766,3,6,2,1975
199637,0,1,t,19,4,256,6,,766,3,123,1,1975
199638,0,2,t,7,5,256,6,,766,3,133,0,1975
199639,0,2,t,6,6,256,6,,766,3,58,0,1975
199640,0,4,t,2.5,7,256,6,,766,3,143,0,1975
199641,0,5,t,1,8,256,6,,766,3,119,0,1975
199642,0,7,f,0,,256,6,,766,3,139,0,1975
199643,0,7,f,0,,256,6,,766,3,141,0,1975
199644,0,7,f,0,,256,6,,766,3,140,0,1975
199645,0,7,f,0,,256,6,,766,3,144,0,1975
199646,0,8,f,0,,256,6,,766,3,122,0,1975
199647,0,9,f,0,,256,6,,766,3,34,0,1975
199648,0,10,f,0,,256,6,,766,3,81,0,1975
199649,0,12,f,0,,256,6,,766,3,142,0,1975
199650,0,,f,0,,256,6,,766,3,132,0,1975
199651,0,1,t,35,1,257,7,,769,3,6,3,1975
199652,0,1,t,33,2,257,7,,769,3,83,1,1975
199653,0,1,t,26.5,3,257,7,,769,3,117,2,1975
199654,0,1,t,19,4,257,7,,769,3,123,1,1975
199655,0,2,t,7,5,257,7,,769,3,133,0,1975
199656,0,2,t,6,6,257,7,,769,3,58,0,1975
199657,0,4,t,3,7,257,7,,769,3,140,0,1975
199658,0,4,t,2.5,8,257,7,,769,3,143,0,1975
199659,0,5,t,2,9,257,7,,769,3,139,0,1975
199660,0,5,t,1,10,257,7,,769,3,119,0,1975
199661,0,6,t,1,11,257,7,,769,3,144,0,1975
199662,0,7,f,0,,257,7,,769,3,141,0,1975
199663,0,8,f,0,,257,7,,769,3,122,0,1975
199664,0,9,f,0,,257,7,,769,3,34,0,1975
199665,0,10,f,0,,257,7,,769,3,81,0,1975
199666,0,12,f,0,,257,7,,769,3,142,0,1975
199667,0,,f,0,,257,7,,769,3,132,0,1975
199668,0,1,t,41,1,258,8,,772,3,6,3,1975
199669,0,1,t,36,2,258,8,,772,3,83,1,1975
199670,0,1,t,26.5,3,258,8,,772,3,117,2,1975
199671,0,1,t,19,4,258,8,,772,3,123,1,1975
199672,0,1,t,16,5,258,8,,772,3,133,1,1975
199673,0,2,t,6,6,258,8,,772,3,58,0,1975
199674,0,4,t,3.5,7,258,8,,772,3,143,0,1975
199675,0,4,t,3,8,258,8,,772,3,140,0,1975
199676,0,5,t,2,9,258,8,,772,3,139,0,1975
199677,0,5,t,1,10,258,8,,772,3,119,0,1975
199678,0,6,t,1,11,258,8,,772,3,144,0,1975
199679,0,7,f,0,,258,8,,772,3,141,0,1975
199680,0,8,f,0,,258,8,,772,3,122,0,1975
199681,0,9,f,0,,258,8,,772,3,34,0,1975
199682,0,10,f,0,,258,8,,772,3,81,0,1975
199683,0,10,f,0,,258,8,,772,3,132,0,1975
199684,0,11,f,0,,258,8,,772,3,142,0,1975
199685,0,,f,0,,258,8,,772,3,137,0,1975
199686,0,1,t,50,1,259,9,,775,3,6,4,1975
199687,0,1,t,36,2,259,9,,775,3,83,1,1975
199688,0,1,t,30.5,3,259,9,,775,3,117,2,1975
199689,0,1,t,22,4,259,9,,775,3,133,1,1975
199690,0,1,t,20,5,259,9,,775,3,123,1,1975
199691,0,2,t,6,6,259,9,,775,3,58,0,1975
199692,0,4,t,5,7,259,9,,775,3,140,0,1975
199693,0,4,t,3.5,8,259,9,,775,3,143,0,1975
199694,0,5,t,2,9,259,9,,775,3,139,0,1975
199695,0,5,t,1,10,259,9,,775,3,119,0,1975
199696,0,6,t,1,11,259,9,,775,3,144,0,1975
199697,0,7,f,0,,259,9,,775,3,141,0,1975
199698,0,8,f,0,,259,9,,775,3,122,0,1975
199699,0,9,f,0,,259,9,,775,3,34,0,1975
199700,0,10,f,0,,259,9,,775,3,81,0,1975
199701,0,10,f,0,,259,9,,775,3,132,0,1975
199702,0,11,f,0,,259,9,,775,3,142,0,1975
199703,0,,f,0,,259,9,,775,3,137,0,1975
199704,0,1,t,50,1,260,10,,778,3,6,4,1975
199705,0,1,t,42,2,260,10,,778,3,83,1,1975
199706,0,1,t,39.5,3,260,10,,778,3,117,3,1975
199707,0,1,t,25,4,260,10,,778,3,133,1,1975
199708,0,1,t,24,5,260,10,,778,3,123,1,1975
199709,0,2,t,6,6,260,10,,778,3,58,0,1975
199710,0,4,t,5,7,260,10,,778,3,140,0,1975
199711,0,4,t,3.5,8,260,10,,778,3,143,0,1975
199712,0,5,t,3,9,260,10,,778,3,119,0,1975
199713,0,5,t,2,10,260,10,,778,3,139,0,1975
199714,0,6,t,1,11,260,10,,778,3,144,0,1975
199715,0,7,f,0,,260,10,,778,3,141,0,1975
199716,0,8,f,0,,260,10,,778,3,122,0,1975
199717,0,9,f,0,,260,10,,778,3,34,0,1975
199718,0,10,f,0,,260,10,,778,3,81,0,1975
199719,0,10,f,0,,260,10,,778,3,132,0,1975
199720,0,11,f,0,,260,10,,778,3,142,0,1975
199721,0,17,f,0,,260,10,,778,3,138,0,1975
199722,0,,f,0,,260,10,,778,3,137,0,1975
199723,0,1,t,54,1,261,11,,781,3,6,4,1975
199724,0,1,t,51,2,261,11,,781,3,83,2,1975
199725,0,1,t,39.5,3,261,11,,781,3,117,3,1975
199726,0,1,t,25,4,261,11,,781,3,133,1,1975
199727,0,1,t,24,5,261,11,,781,3,123,1,1975
199728,0,4,t,6.5,6,261,11,,781,3,143,0,1975
199729,0,2,t,6,7,261,11,,781,3,58,0,1975
199730,0,2,t,6,8,261,11,,781,3,141,0,1975
199731,0,4,t,5,9,261,11,,781,3,140,0,1975
199732,0,5,t,3,10,261,11,,781,3,119,0,1975
199733,0,5,t,3,11,261,11,,781,3,144,0,1975
199734,0,5,t,2,12,261,11,,781,3,139,0,1975
199735,0,6,t,1,13,261,11,,781,3,132,0,1975
199736,0,8,f,0,,261,11,,781,3,122,0,1975
199737,0,9,f,0,,261,11,,781,3,34,0,1975
199738,0,10,f,0,,261,11,,781,3,81,0,1975
199739,0,11,f,0,,261,11,,781,3,142,0,1975
199740,0,17,f,0,,261,11,,781,3,138,0,1975
199741,0,,f,0,,261,11,,781,3,137,0,1975
199742,0,1,t,54.5,1,262,12,,784,3,6,4,1975
199743,0,1,t,51,2,262,12,,784,3,83,2,1975
199744,0,1,t,41,3,262,12,,784,3,117,3,1975
199745,0,1,t,28,4,262,12,,784,3,133,1,1975
199746,0,1,t,24,5,262,12,,784,3,123,1,1975
199747,0,3,t,8.5,6,262,12,,784,3,143,0,1975
199748,0,1,t,7.5,7,262,12,,784,3,119,1,1975
199749,0,2,t,7,8,262,12,,784,3,58,0,1975
199750,0,2,t,6,9,262,12,,784,3,141,0,1975
199751,0,4,t,5,10,262,12,,784,3,140,0,1975
199752,0,5,t,3,11,262,12,,784,3,144,0,1975
199753,0,5,t,2,12,262,12,,784,3,139,0,1975
199754,0,6,t,1,13,262,12,,784,3,132,0,1975
199755,0,8,f,0,,262,12,,784,3,122,0,1975
199756,0,9,f,0,,262,12,,784,3,34,0,1975
199757,0,10,f,0,,262,12,,784,3,81,0,1975
199758,0,11,f,0,,262,12,,784,3,142,0,1975
199759,0,17,f,0,,262,12,,784,3,138,0,1975
199760,0,,f,0,,262,12,,784,3,145,0,1975
199761,0,,f,0,,262,12,,784,3,137,0,1975
199762,0,1,t,63.5,1,263,13,,787,3,6,5,1975
199763,0,1,t,54,2,263,13,,787,3,83,2,1975
199764,0,1,t,47,3,263,13,,787,3,117,3,1975
199765,0,1,t,30,4,263,13,,787,3,133,1,1975
199766,0,1,t,24,5,263,13,,787,3,123,1,1975
199767,0,3,t,9.5,6,263,13,,787,3,143,0,1975
199768,0,1,t,7.5,7,263,13,,787,3,119,1,1975
199769,0,2,t,7,8,263,13,,787,3,58,0,1975
199770,0,2,t,6,9,263,13,,787,3,141,0,1975
199771,0,4,t,5,10,263,13,,787,3,140,0,1975
199772,0,5,t,3,11,263,13,,787,3,144,0,1975
199773,0,5,t,2,12,263,13,,787,3,139,0,1975
199774,0,6,t,1,13,263,13,,787,3,132,0,1975
199775,0,8,f,0,,263,13,,787,3,122,0,1975
199776,0,9,f,0,,263,13,,787,3,34,0,1975
199777,0,10,f,0,,263,13,,787,3,81,0,1975
199778,0,11,f,0,,263,13,,787,3,142,0,1975
199779,0,17,f,0,,263,13,,787,3,138,0,1975
199780,0,,f,0,,263,13,,787,3,145,0,1975
199781,0,,f,0,,263,13,,787,3,137,0,1975
199782,0,1,t,72.5,1,264,14,26,790,3,6,6,1975
199783,0,1,t,54,2,264,14,26,790,3,83,2,1975
199784,0,1,t,53,3,264,14,26,790,3,117,3,1975
199785,0,1,t,33,4,264,14,26,790,3,133,1,1975
199786,0,1,t,25,5,264,14,26,790,3,123,1,1975
199787,0,3,t,9.5,6,264,14,26,790,3,143,0,1975
199788,0,2,t,9,7,264,14,26,790,3,58,0,1975
199789,0,1,t,7.5,8,264,14,26,790,3,119,1,1975
199790,0,2,t,6,9,264,14,26,790,3,141,0,1975
199791,0,4,t,5,10,264,14,26,790,3,140,0,1975
199792,0,5,t,3,11,264,14,26,790,3,144,0,1975
199793,0,5,t,2,12,264,14,26,790,3,139,0,1975
199794,0,6,t,1,13,264,14,26,790,3,132,0,1975
199795,0,8,f,0,,264,14,26,790,3,122,0,1975
199796,0,9,f,0,,264,14,26,790,3,34,0,1975
199797,0,10,f,0,,264,14,26,790,3,142,0,1975
199798,0,10,f,0,,264,14,26,790,3,81,0,1975
199799,0,17,f,0,,264,14,26,790,3,138,0,1975
199800,0,,f,0,,264,14,26,790,3,145,0,1975
199801,0,,f,0,,264,14,26,790,3,137,0,1975
199802,0,1,t,9,1,265,1,,793,3,6,1,1976
199803,0,2,t,6,2,265,1,,793,3,123,0,1976
199804,0,3,t,4,3,265,1,,793,3,131,0,1976
199805,0,4,t,3,4,265,1,,793,3,119,0,1976
199806,0,6,t,1,5,265,1,,793,3,117,0,1976
199807,0,8,f,0,,265,1,,793,3,148,0,1976
199808,0,9,f,0,,265,1,,793,3,141,0,1976
199809,0,10,f,0,,265,1,,793,3,147,0,1976
199810,0,11,f,0,,265,1,,793,3,142,0,1976
199811,0,,f,0,,265,1,,793,3,146,0,1976
199812,0,,f,0,,265,1,,793,3,58,0,1976
199813,0,,f,0,,265,1,,793,3,139,0,1976
199814,0,,f,0,,265,1,,793,3,34,0,1976
199815,0,1,t,18,1,266,2,,796,3,6,2,1976
199816,0,2,t,9,2,266,2,,796,3,123,0,1976
199817,0,2,t,7,3,266,2,,796,3,117,0,1976
199818,0,3,t,4,4,266,2,,796,3,131,0,1976
199819,0,4,t,3,5,266,2,,796,3,119,0,1976
199820,0,5,t,2,6,266,2,,796,3,139,0,1976
199821,0,6,t,1,7,266,2,,796,3,140,0,1976
199822,0,8,f,0,,266,2,,796,3,148,0,1976
199823,0,9,f,0,,266,2,,796,3,141,0,1976
199824,0,10,f,0,,266,2,,796,3,58,0,1976
199825,0,10,f,0,,266,2,,796,3,147,0,1976
199826,0,11,f,0,,266,2,,796,3,142,0,1976
199827,0,11,f,0,,266,2,,796,3,122,0,1976
199828,0,14,f,0,,266,2,,796,3,132,0,1976
199829,0,15,f,0,,266,2,,796,3,133,0,1976
199830,0,,f,0,,266,2,,796,3,146,0,1976
199831,0,,f,0,,266,2,,796,3,34,0,1976
199832,0,1,t,27,1,267,3,,799,3,6,3,1976
199833,0,2,t,13,2,267,3,,799,3,123,0,1976
199834,0,2,t,9,3,267,3,,799,3,117,0,1976
199835,0,3,t,4,4,267,3,,799,3,131,0,1976
199836,0,4,t,3,5,267,3,,799,3,119,0,1976
199837,0,4,t,3,6,267,3,,799,3,146,0,1976
199838,0,5,t,2,7,267,3,,799,3,139,0,1976
199839,0,6,t,1,8,267,3,,799,3,142,0,1976
199840,0,6,t,1,9,267,3,,799,3,140,0,1976
199841,0,8,f,0,,267,3,,799,3,148,0,1976
199842,0,8,f,0,,267,3,,799,3,132,0,1976
199843,0,9,f,0,,267,3,,799,3,147,0,1976
199844,0,9,f,0,,267,3,,799,3,141,0,1976
199845,0,10,f,0,,267,3,,799,3,58,0,1976
199846,0,11,f,0,,267,3,,799,3,122,0,1976
199847,0,15,f,0,,267,3,,799,3,133,0,1976
199848,0,,f,0,,267,3,,799,3,34,0,1976
199849,0,1,t,33,1,268,4,,802,3,6,3,1976
199850,0,1,t,18,2,268,4,,802,3,117,1,1976
199851,0,2,t,13,3,268,4,,802,3,123,0,1976
199852,0,3,t,4,4,268,4,,802,3,131,0,1976
199853,0,3,t,4,5,268,4,,802,3,58,0,1976
199854,0,4,t,3,6,268,4,,802,3,119,0,1976
199855,0,4,t,3,7,268,4,,802,3,147,0,1976
199856,0,4,t,3,8,268,4,,802,3,146,0,1976
199857,0,5,t,2,9,268,4,,802,3,132,0,1976
199858,0,5,t,2,10,268,4,,802,3,139,0,1976
199859,0,6,t,1,11,268,4,,802,3,142,0,1976
199860,0,6,t,1,12,268,4,,802,3,140,0,1976
199861,0,7,f,0,,268,4,,802,3,148,0,1976
199862,0,9,f,0,,268,4,,802,3,122,0,1976
199863,0,9,f,0,,268,4,,802,3,141,0,1976
199864,0,13,f,0,,268,4,,802,3,149,0,1976
199865,0,15,f,0,,268,4,,802,3,133,0,1976
199866,0,,f,0,,268,4,,802,3,34,0,1976
199867,0,1,t,42,1,269,5,,805,3,6,4,1976
199868,0,1,t,19,2,269,5,,805,3,117,1,1976
199869,0,2,t,16,3,269,5,,805,3,123,0,1976
199870,0,3,t,7,4,269,5,,805,3,146,0,1976
199871,0,3,t,4,5,269,5,,805,3,131,0,1976
199872,0,3,t,4,6,269,5,,805,3,58,0,1976
199873,0,4,t,3,7,269,5,,805,3,119,0,1976
199874,0,4,t,3,8,269,5,,805,3,147,0,1976
199875,0,5,t,2,9,269,5,,805,3,139,0,1976
199876,0,5,t,2,10,269,5,,805,3,132,0,1976
199877,0,5,t,2,11,269,5,,805,3,122,0,1976
199878,0,6,t,1,12,269,5,,805,3,142,0,1976
199879,0,6,t,1,13,269,5,,805,3,140,0,1976
199880,0,7,f,0,,269,5,,805,3,148,0,1976
199881,0,8,f,0,,269,5,,805,3,149,0,1976
199882,0,9,f,0,,269,5,,805,3,141,0,1976
199883,0,12,f,0,,269,5,,805,3,97,0,1976
199884,0,15,f,0,,269,5,,805,3,133,0,1976
199885,0,,f,0,,269,5,,805,3,34,0,1976
199886,0,1,t,51,1,270,6,,808,3,6,5,1976
199887,0,2,t,22,2,270,6,,808,3,123,0,1976
199888,0,1,t,21,3,270,6,,808,3,117,1,1976
199889,0,3,t,7,4,270,6,,808,3,146,0,1976
199890,0,4,t,6,5,270,6,,808,3,119,0,1976
199891,0,3,t,4,6,270,6,,808,3,131,0,1976
199892,0,3,t,4,7,270,6,,808,3,58,0,1976
199893,0,4,t,3,8,270,6,,808,3,147,0,1976
199894,0,5,t,2,9,270,6,,808,3,139,0,1976
199895,0,5,t,2,10,270,6,,808,3,132,0,1976
199896,0,5,t,2,11,270,6,,808,3,122,0,1976
199897,0,6,t,2,12,270,6,,808,3,142,0,1976
199898,0,6,t,1,13,270,6,,808,3,140,0,1976
199899,0,7,f,0,,270,6,,808,3,148,0,1976
199900,0,8,f,0,,270,6,,808,3,149,0,1976
199901,0,9,f,0,,270,6,,808,3,141,0,1976
199902,0,12,f,0,,270,6,,808,3,97,0,1976
199903,0,15,f,0,,270,6,,808,3,133,0,1976
199904,0,,f,0,,270,6,,808,3,34,0,1976
199905,0,1,t,51,1,271,7,,811,3,6,5,1976
199906,0,1,t,31,2,271,7,,811,3,123,1,1976
199907,0,1,t,22,3,271,7,,811,3,117,1,1976
199908,0,3,t,10,4,271,7,,811,3,146,0,1976
199909,0,4,t,6,5,271,7,,811,3,119,0,1976
199910,0,3,t,4,6,271,7,,811,3,131,0,1976
199911,0,3,t,4,7,271,7,,811,3,58,0,1976
199912,0,4,t,3,8,271,7,,811,3,147,0,1976
199913,0,5,t,2,9,271,7,,811,3,139,0,1976
199914,0,5,t,2,10,271,7,,811,3,132,0,1976
199915,0,5,t,2,11,271,7,,811,3,122,0,1976
199916,0,6,t,2,12,271,7,,811,3,142,0,1976
199917,0,6,t,1,13,271,7,,811,3,140,0,1976
199918,0,7,f,0,,271,7,,811,3,148,0,1976
199919,0,8,f,0,,271,7,,811,3,149,0,1976
199920,0,9,f,0,,271,7,,811,3,141,0,1976
199921,0,12,f,0,,271,7,,811,3,97,0,1976
199922,0,15,f,0,,271,7,,811,3,133,0,1976
199923,0,,f,0,,271,7,,811,3,34,0,1976
199924,0,1,t,51,1,272,8,,814,3,6,5,1976
199925,0,1,t,37,2,272,8,,814,3,123,1,1976
199926,0,1,t,31,3,272,8,,814,3,117,2,1976
199927,0,3,t,10,4,272,8,,814,3,146,0,1976
199928,0,3,t,6,5,272,8,,814,3,139,0,1976
199929,0,3,t,6,6,272,8,,814,3,58,0,1976
199930,0,4,t,6,7,272,8,,814,3,119,0,1976
199931,0,4,t,6,8,272,8,,814,3,147,0,1976
199932,0,3,t,4,9,272,8,,814,3,131,0,1976
199933,0,5,t,2,10,272,8,,814,3,132,0,1976
199934,0,5,t,2,11,272,8,,814,3,122,0,1976
199935,0,6,t,2,12,272,8,,814,3,142,0,1976
199936,0,6,t,1,13,272,8,,814,3,140,0,1976
199937,0,7,f,0,,272,8,,814,3,148,0,1976
199938,0,8,f,0,,272,8,,814,3,149,0,1976
199939,0,9,f,0,,272,8,,814,3,141,0,1976
199940,0,12,f,0,,272,8,,814,3,97,0,1976
199941,0,15,f,0,,272,8,,814,3,133,0,1976
199942,0,,f,0,,272,8,,814,3,34,0,1976
199943,0,1,t,60,1,273,9,,817,3,6,6,1976
199944,0,1,t,43,2,273,9,,817,3,123,1,1976
199945,0,1,t,31,3,273,9,,817,3,117,2,1976
199946,0,3,t,10,4,273,9,,817,3,139,0,1976
199947,0,3,t,10,5,273,9,,817,3,146,0,1976
199948,0,3,t,7,6,273,9,,817,3,131,0,1976
199949,0,3,t,6,7,273,9,,817,3,58,0,1976
199950,0,4,t,6,8,273,9,,817,3,119,0,1976
199951,0,4,t,6,9,273,9,,817,3,147,0,1976
199952,0,5,t,4,10,273,9,,817,3,122,0,1976
199953,0,6,t,3,11,273,9,,817,3,142,0,1976
199954,0,5,t,2,12,273,9,,817,3,132,0,1976
199955,0,6,t,1,13,273,9,,817,3,140,0,1976
199956,0,7,f,0,,273,9,,817,3,148,0,1976
199957,0,7,f,0,,273,9,,817,3,133,0,1976
199958,0,8,f,0,,273,9,,817,3,149,0,1976
199959,0,9,f,0,,273,9,,817,3,141,0,1976
199960,0,12,f,0,,273,9,,817,3,97,0,1976
199961,0,,f,0,,273,9,,817,3,34,0,1976
199962,0,1,t,60,1,274,10,,820,3,6,6,1976
199963,0,1,t,49,2,274,10,,820,3,123,1,1976
199964,0,1,t,40,3,274,10,,820,3,117,3,1976
199965,0,3,t,10,4,274,10,,820,3,139,0,1976
199966,0,3,t,10,5,274,10,,820,3,146,0,1976
199967,0,4,t,9,6,274,10,,820,3,147,0,1976
199968,0,3,t,8,7,274,10,,820,3,58,0,1976
199969,0,3,t,7,8,274,10,,820,3,131,0,1976
199970,0,4,t,6,9,274,10,,820,3,119,0,1976
199971,0,5,t,4,10,274,10,,820,3,122,0,1976
199972,0,6,t,3,11,274,10,,820,3,142,0,1976
199973,0,5,t,2,12,274,10,,820,3,132,0,1976
199974,0,6,t,1,13,274,10,,820,3,140,0,1976
199975,0,7,f,0,,274,10,,820,3,148,0,1976
199976,0,7,f,0,,274,10,,820,3,133,0,1976
199977,0,8,f,0,,274,10,,820,3,149,0,1976
199978,0,9,f,0,,274,10,,820,3,141,0,1976
199979,0,12,f,0,,274,10,,820,3,97,0,1976
199980,0,,f,0,,274,10,,820,3,34,0,1976
199981,0,1,t,60,1,275,11,,823,3,6,6,1976
199982,0,1,t,49,2,275,11,,823,3,123,1,1976
199983,0,1,t,43,3,275,11,,823,3,117,3,1976
199984,0,1,t,19,4,275,11,,823,3,139,1,1976
199985,0,2,t,16,5,275,11,,823,3,146,0,1976
199986,0,3,t,12,6,275,11,,823,3,58,0,1976
199987,0,4,t,9,7,275,11,,823,3,147,0,1976
199988,0,3,t,7,8,275,11,,823,3,131,0,1976
199989,0,4,t,7,9,275,11,,823,3,119,0,1976
199990,0,5,t,4,10,275,11,,823,3,122,0,1976
199991,0,6,t,3,11,275,11,,823,3,142,0,1976
199992,0,5,t,2,12,275,11,,823,3,132,0,1976
199993,0,6,t,1,13,275,11,,823,3,140,0,1976
199994,0,7,f,0,,275,11,,823,3,148,0,1976
199995,0,7,f,0,,275,11,,823,3,133,0,1976
199996,0,8,f,0,,275,11,,823,3,149,0,1976
199997,0,9,f,0,,275,11,,823,3,141,0,1976
199998,0,12,f,0,,275,11,,823,3,97,0,1976
199999,0,,f,0,,275,11,,823,3,34,0,1976
200000,0,1,t,66,1,276,12,,826,3,6,6,1976
200001,0,1,t,52,2,276,12,,826,3,117,4,1976
200002,0,1,t,51,3,276,12,,826,3,123,1,1976
200003,0,1,t,19,4,276,12,,826,3,139,1,1976
200004,0,2,t,16,5,276,12,,826,3,146,0,1976
200005,0,3,t,16,6,276,12,,826,3,58,0,1976
200006,0,3,t,10,7,276,12,,826,3,131,0,1976
200007,0,4,t,9,8,276,12,,826,3,147,0,1976
200008,0,4,t,8,9,276,12,,826,3,119,0,1976
200009,0,5,t,4,10,276,12,,826,3,122,0,1976
200010,0,6,t,3,11,276,12,,826,3,142,0,1976
200011,0,5,t,2,12,276,12,,826,3,132,0,1976
200012,0,6,t,1,13,276,12,,826,3,140,0,1976
200013,0,7,f,0,,276,12,,826,3,148,0,1976
200014,0,7,f,0,,276,12,,826,3,133,0,1976
200015,0,8,f,0,,276,12,,826,3,149,0,1976
200016,0,9,f,0,,276,12,,826,3,141,0,1976
200017,0,12,f,0,,276,12,,826,3,97,0,1976
200018,0,,f,0,,276,12,,826,3,34,0,1976
200019,0,1,t,72,1,277,13,,829,3,6,6,1976
200020,0,1,t,53,2,277,13,,829,3,123,1,1976
200021,0,1,t,52,3,277,13,,829,3,117,4,1976
200022,0,2,t,20,4,277,13,,829,3,146,0,1976
200023,0,1,t,19,5,277,13,,829,3,139,1,1976
200024,0,1,t,17,6,277,13,,829,3,119,1,1976
200025,0,3,t,16,7,277,13,,829,3,58,0,1976
200026,0,3,t,10,8,277,13,,829,3,131,0,1976
200027,0,4,t,9,9,277,13,,829,3,147,0,1976
200028,0,5,t,4,10,277,13,,829,3,122,0,1976
200029,0,6,t,3,11,277,13,,829,3,142,0,1976
200030,0,5,t,2,12,277,13,,829,3,132,0,1976
200031,0,6,t,1,13,277,13,,829,3,140,0,1976
200032,0,7,f,0,,277,13,,829,3,148,0,1976
200033,0,7,f,0,,277,13,,829,3,133,0,1976
200034,0,8,f,0,,277,13,,829,3,149,0,1976
200035,0,9,f,0,,277,13,,829,3,141,0,1976
200036,0,12,f,0,,277,13,,829,3,97,0,1976
200037,0,,f,0,,277,13,,829,3,34,0,1976
200038,0,1,t,73,1,278,14,,832,3,6,6,1976
200039,0,1,t,61,2,278,14,,832,3,117,5,1976
200040,0,1,t,59,3,278,14,,832,3,123,1,1976
200041,0,2,t,20,4,278,14,,832,3,146,0,1976
200042,0,3,t,20,5,278,14,,832,3,58,0,1976
200043,0,1,t,19,6,278,14,,832,3,139,1,1976
200044,0,1,t,17,7,278,14,,832,3,119,1,1976
200045,0,3,t,10,8,278,14,,832,3,131,0,1976
200046,0,4,t,9,9,278,14,,832,3,147,0,1976
200047,0,5,t,4,10,278,14,,832,3,122,0,1976
200048,0,6,t,3,11,278,14,,832,3,142,0,1976
200049,0,5,t,2,12,278,14,,832,3,132,0,1976
200050,0,6,t,1,13,278,14,,832,3,140,0,1976
200051,0,7,f,0,,278,14,,832,3,148,0,1976
200052,0,7,f,0,,278,14,,832,3,133,0,1976
200053,0,8,f,0,,278,14,,832,3,149,0,1976
200054,0,9,f,0,,278,14,,832,3,141,0,1976
200055,0,12,f,0,,278,14,,832,3,97,0,1976
200056,0,,f,0,,278,14,,832,3,34,0,1976
200057,0,1,t,77,1,279,15,,835,3,6,6,1976
200058,0,1,t,70,2,279,15,,835,3,117,6,1976
200059,0,1,t,63,3,279,15,,835,3,123,1,1976
200060,0,1,t,20,4,279,15,,835,3,139,1,1976
200061,0,2,t,20,5,279,15,,835,3,146,0,1976
200062,0,3,t,20,6,279,15,,835,3,58,0,1976
200063,0,1,t,19,7,279,15,,835,3,119,1,1976
200064,0,3,t,10,8,279,15,,835,3,131,0,1976
200065,0,4,t,9,9,279,15,,835,3,147,0,1976
200066,0,5,t,4,10,279,15,,835,3,122,0,1976
200067,0,6,t,3,11,279,15,,835,3,142,0,1976
200068,0,5,t,2,12,279,15,,835,3,132,0,1976
200069,0,6,t,1,13,279,15,,835,3,140,0,1976
200070,0,7,f,0,,279,15,,835,3,148,0,1976
200071,0,7,f,0,,279,15,,835,3,133,0,1976
200072,0,8,f,0,,279,15,,835,3,149,0,1976
200073,0,9,f,0,,279,15,,835,3,141,0,1976
200074,0,12,f,0,,279,15,,835,3,97,0,1976
200075,0,,f,0,,279,15,,835,3,34,0,1976
200076,0,1,t,79,1,280,16,27,838,3,6,6,1976
200077,0,1,t,71,2,280,16,27,838,3,117,6,1976
200078,0,1,t,67,3,280,16,27,838,3,123,1,1976
200079,0,1,t,29,4,280,16,27,838,3,58,1,1976
200080,0,1,t,20,5,280,16,27,838,3,139,1,1976
200081,0,2,t,20,6,280,16,27,838,3,146,0,1976
200082,0,1,t,19,7,280,16,27,838,3,119,1,1976
200083,0,3,t,10,8,280,16,27,838,3,131,0,1976
200084,0,4,t,9,9,280,16,27,838,3,147,0,1976
200085,0,4,t,7,10,280,16,27,838,3,122,0,1976
200086,0,6,t,3,11,280,16,27,838,3,142,0,1976
200087,0,5,t,2,12,280,16,27,838,3,132,0,1976
200088,0,6,t,1,13,280,16,27,838,3,140,0,1976
200089,0,7,f,0,,280,16,27,838,3,133,0,1976
200090,0,7,f,0,,280,16,27,838,3,148,0,1976
200091,0,8,f,0,,280,16,27,838,3,149,0,1976
200092,0,9,f,0,,280,16,27,838,3,141,0,1976
200093,0,11,f,0,,280,16,27,838,3,150,0,1976
200094,0,12,f,0,,280,16,27,838,3,97,0,1976
200095,0,,f,0,,280,16,27,838,3,34,0,1976
200096,0,1,t,9,1,281,1,,841,3,148,1,1977
200097,0,2,t,6,2,281,1,,841,3,83,0,1977
200098,0,3,t,4,3,281,1,,841,3,6,0,1977
200099,0,4,t,3,4,281,1,,841,3,142,0,1977
200100,0,5,t,2,5,281,1,,841,3,58,0,1977
200101,0,6,t,1,6,281,1,,841,3,132,0,1977
200102,0,7,f,0,,281,1,,841,3,122,0,1977
200103,0,,f,0,,281,1,,841,3,119,0,1977
200104,0,,f,0,,281,1,,841,3,131,0,1977
200105,0,,f,0,,281,1,,841,3,146,0,1977
200106,0,,f,0,,281,1,,841,3,123,0,1977
200107,0,,f,0,,281,1,,841,3,117,0,1977
200108,0,1,t,13,1,282,2,,844,3,6,1,1977
200109,0,1,t,9,2,282,2,,844,3,148,1,1977
200110,0,2,t,6,3,282,2,,844,3,83,0,1977
200111,0,2,t,6,4,282,2,,844,3,117,0,1977
200112,0,4,t,6,5,282,2,,844,3,142,0,1977
200113,0,5,t,4,6,282,2,,844,3,58,0,1977
200114,0,6,t,1,7,282,2,,844,3,131,0,1977
200115,0,6,t,1,8,282,2,,844,3,132,0,1977
200116,0,7,f,0,,282,2,,844,3,122,0,1977
200117,0,,f,0,,282,2,,844,3,119,0,1977
200118,0,,f,0,,282,2,,844,3,146,0,1977
200119,0,,f,0,,282,2,,844,3,123,0,1977
200120,0,,f,0,,282,2,,844,3,34,0,1977
200121,0,1,t,22,1,283,3,,847,3,6,2,1977
200122,0,1,t,15,2,283,3,,847,3,148,1,1977
200123,0,2,t,9,3,283,3,,847,3,117,0,1977
200124,0,2,t,7,4,283,3,,847,3,83,0,1977
200125,0,4,t,6,5,283,3,,847,3,142,0,1977
200126,0,3,t,4,6,283,3,,847,3,123,0,1977
200127,0,5,t,4,7,283,3,,847,3,58,0,1977
200128,0,6,t,1,8,283,3,,847,3,132,0,1977
200129,0,6,t,1,9,283,3,,847,3,131,0,1977
200130,0,7,f,0,,283,3,,847,3,122,0,1977
200131,0,14,f,0,,283,3,,847,3,119,0,1977
200132,0,15,f,0,,283,3,,847,3,34,0,1977
200133,0,,f,0,,283,3,,847,3,146,0,1977
200134,0,1,t,28,1,284,4,,850,3,6,2,1977
200135,0,1,t,19,2,284,4,,850,3,148,1,1977
200136,0,1,t,13,3,284,4,,850,3,58,1,1977
200137,0,2,t,9,4,284,4,,850,3,117,0,1977
200138,0,4,t,8,5,284,4,,850,3,142,0,1977
200139,0,2,t,7,6,284,4,,850,3,83,0,1977
200140,0,3,t,7,7,284,4,,850,3,123,0,1977
200141,0,6,t,1,8,284,4,,850,3,132,0,1977
200142,0,6,t,1,9,284,4,,850,3,131,0,1977
200143,0,6,t,1,10,284,4,,850,3,139,0,1977
200144,0,7,f,0,,284,4,,850,3,122,0,1977
200145,0,9,f,0,,284,4,,850,3,146,0,1977
200146,0,10,f,0,,284,4,,850,3,119,0,1977
200147,0,15,f,0,,284,4,,850,3,34,0,1977
200148,0,1,t,34,1,285,5,,853,3,6,2,1977
200149,0,1,t,23,2,285,5,,853,3,148,1,1977
200150,0,1,t,22,3,285,5,,853,3,58,2,1977
200151,0,2,t,12,4,285,5,,853,3,117,0,1977
200152,0,2,t,8,5,285,5,,853,3,83,0,1977
200153,0,4,t,8,6,285,5,,853,3,142,0,1977
200154,0,3,t,7,7,285,5,,853,3,123,0,1977
200155,0,6,t,1,8,285,5,,853,3,132,0,1977
200156,0,6,t,1,9,285,5,,853,3,131,0,1977
200157,0,6,t,1,10,285,5,,853,3,139,0,1977
200158,0,7,f,0,,285,5,,853,3,122,0,1977
200159,0,7,f,0,,285,5,,853,3,146,0,1977
200160,0,10,f,0,,285,5,,853,3,119,0,1977
200161,0,15,f,0,,285,5,,853,3,34,0,1977
200162,0,,f,0,,285,5,,853,3,133,0,1977
200163,0,1,t,40,1,286,6,,856,3,6,2,1977
200164,0,1,t,32,2,286,6,,856,3,148,2,1977
200165,0,1,t,24,3,286,6,,856,3,58,2,1977
200166,0,2,t,15,4,286,6,,856,3,117,0,1977
200167,0,2,t,8,5,286,6,,856,3,83,0,1977
200168,0,4,t,8,6,286,6,,856,3,142,0,1977
200169,0,3,t,7,7,286,6,,856,3,123,0,1977
200170,0,6,t,2,8,286,6,,856,3,131,0,1977
200171,0,6,t,1,9,286,6,,856,3,132,0,1977
200172,0,6,t,1,10,286,6,,856,3,139,0,1977
200173,0,7,f,0,,286,6,,856,3,122,0,1977
200174,0,7,f,0,,286,6,,856,3,146,0,1977
200175,0,10,f,0,,286,6,,856,3,119,0,1977
200176,0,12,f,0,,286,6,,856,3,133,0,1977
200177,0,15,f,0,,286,6,,856,3,34,0,1977
200178,0,1,t,42,1,287,7,,859,3,6,2,1977
200179,0,1,t,33,2,287,7,,859,3,58,3,1977
200180,0,1,t,32,3,287,7,,859,3,148,2,1977
200181,0,2,t,15,4,287,7,,859,3,117,0,1977
200182,0,3,t,11,5,287,7,,859,3,123,0,1977
200183,0,2,t,9,6,287,7,,859,3,83,0,1977
200184,0,4,t,8,7,287,7,,859,3,142,0,1977
200185,0,5,t,4,8,287,7,,859,3,131,0,1977
200186,0,4,t,3,9,287,7,,859,3,122,0,1977
200187,0,6,t,1,10,287,7,,859,3,132,0,1977
200188,0,6,t,1,11,287,7,,859,3,139,0,1977
200189,0,7,f,0,,287,7,,859,3,146,0,1977
200190,0,9,f,0,,287,7,,859,3,133,0,1977
200191,0,10,f,0,,287,7,,859,3,119,0,1977
200192,0,13,f,0,,287,7,,859,3,151,0,1977
200193,0,15,f,0,,287,7,,859,3,34,0,1977
200194,0,1,t,46,1,288,8,,862,3,6,2,1977
200195,0,1,t,34,2,288,8,,862,3,58,3,1977
200196,0,1,t,32,3,288,8,,862,3,148,2,1977
200197,0,2,t,21,4,288,8,,862,3,117,0,1977
200198,0,3,t,14,5,288,8,,862,3,123,0,1977
200199,0,2,t,11,6,288,8,,862,3,83,0,1977
200200,0,1,t,9,7,288,8,,862,3,146,1,1977
200201,0,4,t,8,8,288,8,,862,3,142,0,1977
200202,0,5,t,4,9,288,8,,862,3,131,0,1977
200203,0,4,t,3,10,288,8,,862,3,122,0,1977
200204,0,6,t,1,11,288,8,,862,3,132,0,1977
200205,0,6,t,1,12,288,8,,862,3,139,0,1977
200206,0,9,f,0,,288,8,,862,3,133,0,1977
200207,0,10,f,0,,288,8,,862,3,119,0,1977
200208,0,13,f,0,,288,8,,862,3,151,0,1977
200209,0,15,f,0,,288,8,,862,3,34,0,1977
200210,0,1,t,48,1,289,9,,865,3,6,2,1977
200211,0,1,t,43,2,289,9,,865,3,58,4,1977
200212,0,1,t,32,3,289,9,,865,3,148,2,1977
200213,0,2,t,25,4,289,9,,865,3,117,0,1977
200214,0,2,t,17,5,289,9,,865,3,83,0,1977
200215,0,3,t,14,6,289,9,,865,3,123,0,1977
200216,0,1,t,9,7,289,9,,865,3,146,1,1977
200217,0,4,t,8,8,289,9,,865,3,142,0,1977
200218,0,5,t,4,9,289,9,,865,3,131,0,1977
200219,0,4,t,3,10,289,9,,865,3,122,0,1977
200220,0,6,t,1,11,289,9,,865,3,132,0,1977
200221,0,6,t,1,12,289,9,,865,3,139,0,1977
200222,0,9,f,0,,289,9,,865,3,133,0,1977
200223,0,10,f,0,,289,9,,865,3,119,0,1977
200224,0,13,f,0,,289,9,,865,3,151,0,1977
200225,0,15,f,0,,289,9,,865,3,34,0,1977
200226,0,1,t,54,1,290,10,,868,3,6,2,1977
200227,0,1,t,47,2,290,10,,868,3,58,4,1977
200228,0,1,t,34,3,290,10,,868,3,117,1,1977
200229,0,1,t,32,4,290,10,,868,3,148,2,1977
200230,0,2,t,19,5,290,10,,868,3,83,0,1977
200231,0,3,t,14,6,290,10,,868,3,123,0,1977
200232,0,1,t,10,7,290,10,,868,3,146,1,1977
200233,0,4,t,8,8,290,10,,868,3,142,0,1977
200234,0,5,t,4,9,290,10,,868,3,131,0,1977
200235,0,4,t,3,10,290,10,,868,3,122,0,1977
200236,0,6,t,1,11,290,10,,868,3,132,0,1977
200237,0,6,t,1,12,290,10,,868,3,139,0,1977
200238,0,9,f,0,,290,10,,868,3,133,0,1977
200239,0,10,f,0,,290,10,,868,3,119,0,1977
200240,0,13,f,0,,290,10,,868,3,151,0,1977
200241,0,15,f,0,,290,10,,868,3,34,0,1977
200242,0,,f,0,,290,10,,868,3,152,0,1977
200243,0,1,t,63,1,291,11,,871,3,6,3,1977
200244,0,1,t,47,2,291,11,,871,3,58,4,1977
200245,0,1,t,38,3,291,11,,871,3,148,2,1977
200246,0,1,t,34,4,291,11,,871,3,117,1,1977
200247,0,2,t,23,5,291,11,,871,3,83,0,1977
200248,0,3,t,14,6,291,11,,871,3,123,0,1977
200249,0,1,t,10,7,291,11,,871,3,146,1,1977
200250,0,4,t,8,8,291,11,,871,3,142,0,1977
200251,0,4,t,5,9,291,11,,871,3,122,0,1977
200252,0,5,t,4,10,291,11,,871,3,131,0,1977
200253,0,6,t,2,11,291,11,,871,3,132,0,1977
200254,0,6,t,1,12,291,11,,871,3,139,0,1977
200255,0,8,f,0,,291,11,,871,3,119,0,1977
200256,0,9,f,0,,291,11,,871,3,133,0,1977
200257,0,13,f,0,,291,11,,871,3,151,0,1977
200258,0,15,f,0,,291,11,,871,3,34,0,1977
200259,0,,f,0,,291,11,,871,3,152,0,1977
200260,0,1,t,69,1,292,12,,874,3,6,3,1977
200261,0,1,t,47,2,292,12,,874,3,58,4,1977
200262,0,1,t,38,3,292,12,,874,3,148,2,1977
200263,0,1,t,35,4,292,12,,874,3,117,1,1977
200264,0,2,t,27,5,292,12,,874,3,83,0,1977
200265,0,3,t,16,6,292,12,,874,3,123,0,1977
200266,0,1,t,13,7,292,12,,874,3,131,1,1977
200267,0,1,t,10,8,292,12,,874,3,146,1,1977
200268,0,4,t,8,9,292,12,,874,3,142,0,1977
200269,0,4,t,5,10,292,12,,874,3,122,0,1977
200270,0,6,t,2,11,292,12,,874,3,132,0,1977
200271,0,6,t,1,12,292,12,,874,3,139,0,1977
200272,0,7,f,0,,292,12,,874,3,133,0,1977
200273,0,8,f,0,,292,12,,874,3,119,0,1977
200274,0,13,f,0,,292,12,,874,3,151,0,1977
200275,0,15,f,0,,292,12,,874,3,34,0,1977
200276,0,,f,0,,292,12,,874,3,152,0,1977
200277,0,1,t,78,1,293,13,,877,3,6,4,1977
200278,0,1,t,47,2,293,13,,877,3,58,4,1977
200279,0,1,t,42,3,293,13,,877,3,148,2,1977
200280,0,1,t,35,4,293,13,,877,3,117,1,1977
200281,0,2,t,27,5,293,13,,877,3,83,0,1977
200282,0,1,t,16,6,293,13,,877,3,146,1,1977
200283,0,3,t,16,7,293,13,,877,3,123,0,1977
200284,0,1,t,13,8,293,13,,877,3,131,1,1977
200285,0,4,t,11,9,293,13,,877,3,142,0,1977
200286,0,4,t,5,10,293,13,,877,3,122,0,1977
200287,0,5,t,4,11,293,13,,877,3,132,0,1977
200288,0,6,t,1,12,293,13,,877,3,139,0,1977
200289,0,7,f,0,,293,13,,877,3,133,0,1977
200290,0,8,f,0,,293,13,,877,3,119,0,1977
200291,0,13,f,0,,293,13,,877,3,151,0,1977
200292,0,15,f,0,,293,13,,877,3,34,0,1977
200293,0,,f,0,,293,13,,877,3,149,0,1977
200294,0,,f,0,,293,13,,877,3,152,0,1977
200295,0,1,t,82,1,294,14,,880,3,6,4,1977
200296,0,1,t,56,2,294,14,,880,3,58,5,1977
200297,0,1,t,42,3,294,14,,880,3,148,2,1977
200298,0,1,t,38,4,294,14,,880,3,117,1,1977
200299,0,2,t,27,5,294,14,,880,3,83,0,1977
200300,0,1,t,17,6,294,14,,880,3,131,1,1977
200301,0,3,t,17,7,294,14,,880,3,123,0,1977
200302,0,1,t,16,8,294,14,,880,3,146,1,1977
200303,0,4,t,11,9,294,14,,880,3,142,0,1977
200304,0,5,t,6,10,294,14,,880,3,132,0,1977
200305,0,4,t,5,11,294,14,,880,3,122,0,1977
200306,0,6,t,1,12,294,14,,880,3,139,0,1977
200307,0,7,f,0,,294,14,,880,3,119,0,1977
200308,0,7,f,0,,294,14,,880,3,133,0,1977
200309,0,13,f,0,,294,14,,880,3,151,0,1977
200310,0,15,f,0,,294,14,,880,3,34,0,1977
200311,0,,f,0,,294,14,,880,3,149,0,1977
200312,0,,f,0,,294,14,,880,3,152,0,1977
200313,0,1,t,82,1,295,15,,883,3,6,4,1977
200314,0,1,t,62,2,295,15,,883,3,58,5,1977
200315,0,1,t,47,3,295,15,,883,3,117,2,1977
200316,0,1,t,46,4,295,15,,883,3,148,2,1977
200317,0,2,t,27,5,295,15,,883,3,83,0,1977
200318,0,1,t,17,6,295,15,,883,3,131,1,1977
200319,0,3,t,17,7,295,15,,883,3,123,0,1977
200320,0,1,t,16,8,295,15,,883,3,146,1,1977
200321,0,4,t,11,9,295,15,,883,3,142,0,1977
200322,0,5,t,8,10,295,15,,883,3,132,0,1977
200323,0,4,t,5,11,295,15,,883,3,122,0,1977
200324,0,6,t,1,12,295,15,,883,3,139,0,1977
200325,0,7,f,0,,295,15,,883,3,133,0,1977
200326,0,7,f,0,,295,15,,883,3,119,0,1977
200327,0,13,f,0,,295,15,,883,3,151,0,1977
200328,0,15,f,0,,295,15,,883,3,34,0,1977
200329,0,,f,0,,295,15,,883,3,149,0,1977
200330,0,,f,0,,295,15,,883,3,152,0,1977
200331,0,1,t,82,1,296,16,,886,3,6,4,1977
200332,0,1,t,62,2,296,16,,886,3,58,5,1977
200333,0,1,t,55,3,296,16,,886,3,148,3,1977
200334,0,1,t,50,4,296,16,,886,3,117,2,1977
200335,0,2,t,27,5,296,16,,886,3,83,0,1977
200336,0,2,t,23,6,296,16,,886,3,123,0,1977
200337,0,1,t,20,7,296,16,,886,3,131,1,1977
200338,0,1,t,16,8,296,16,,886,3,146,1,1977
200339,0,4,t,11,9,296,16,,886,3,142,0,1977
200340,0,5,t,10,10,296,16,,886,3,132,0,1977
200341,0,4,t,6,11,296,16,,886,3,122,0,1977
200342,0,6,t,1,12,296,16,,886,3,139,0,1977
200343,0,7,f,0,,296,16,,886,3,119,0,1977
200344,0,7,f,0,,296,16,,886,3,133,0,1977
200345,0,13,f,0,,296,16,,886,3,151,0,1977
200346,0,15,f,0,,296,16,,886,3,34,0,1977
200347,0,,f,0,,296,16,,886,3,149,0,1977
200348,0,,f,0,,296,16,,886,3,152,0,1977
200349,0,1,t,84,1,297,17,28,889,3,6,4,1977
200350,0,1,t,62,2,297,17,28,889,3,58,5,1977
200351,0,1,t,56,3,297,17,28,889,3,117,3,1977
200352,0,1,t,55,4,297,17,28,889,3,148,3,1977
200353,0,2,t,27,5,297,17,28,889,3,83,0,1977
200354,0,2,t,27,6,297,17,28,889,3,123,0,1977
200355,0,1,t,23,7,297,17,28,889,3,131,1,1977
200356,0,1,t,18,8,297,17,28,889,3,146,1,1977
200357,0,4,t,11,9,297,17,28,889,3,142,0,1977
200358,0,5,t,10,10,297,17,28,889,3,132,0,1977
200359,0,4,t,6,11,297,17,28,889,3,122,0,1977
200360,0,6,t,1,12,297,17,28,889,3,139,0,1977
200361,0,7,f,0,,297,17,28,889,3,119,0,1977
200362,0,7,f,0,,297,17,28,889,3,133,0,1977
200363,0,11,f,0,,297,17,28,889,3,150,0,1977
200364,0,13,f,0,,297,17,28,889,3,151,0,1977
200365,0,15,f,0,,297,17,28,889,3,34,0,1977
200366,0,,f,0,,297,17,28,889,3,149,0,1977
200367,0,,f,0,,297,17,28,889,3,152,0,1977
200368,0,1,t,9,1,298,1,,892,3,58,1,1978
200369,0,2,t,6,2,298,1,,892,3,83,0,1978
200370,0,3,t,4,3,298,1,,892,3,123,0,1978
200371,0,4,t,3,4,298,1,,892,3,117,0,1978
200372,0,7,f,0,,298,1,,892,3,6,0,1978
200373,0,9,f,0,,298,1,,892,3,142,0,1978
200374,0,10,f,0,,298,1,,892,3,148,0,1978
200375,0,11,f,0,,298,1,,892,3,89,0,1978
200376,0,15,f,0,,298,1,,892,3,131,0,1978
200377,0,16,f,0,,298,1,,892,3,146,0,1978
200378,0,18,f,0,,298,1,,892,3,122,0,1978
200379,0,,f,0,,298,1,,892,3,141,0,1978
200380,0,,f,0,,298,1,,892,3,132,0,1978
200381,0,,f,0,,298,1,,892,3,156,0,1978
200382,0,1,t,12,1,299,2,,895,3,58,1,1978
200383,0,2,t,10,2,299,2,,895,3,83,0,1978
200384,0,1,t,9,3,299,2,,895,3,6,1,1978
200385,0,2,t,6,4,299,2,,895,3,142,0,1978
200386,0,3,t,5,5,299,2,,895,3,123,0,1978
200387,0,4,t,3,6,299,2,,895,3,117,0,1978
200388,0,5,t,2,7,299,2,,895,3,131,0,1978
200389,0,7,f,0,,299,2,,895,3,89,0,1978
200390,0,9,f,0,,299,2,,895,3,146,0,1978
200391,0,10,f,0,,299,2,,895,3,148,0,1978
200392,0,10,f,0,,299,2,,895,3,157,0,1978
200393,0,11,f,0,,299,2,,895,3,141,0,1978
200394,0,18,f,0,,299,2,,895,3,122,0,1978
200395,0,,f,0,,299,2,,895,3,132,0,1978
200396,0,,f,0,,299,2,,895,3,156,0,1978
200397,0,1,t,21,1,300,3,,898,3,58,2,1978
200398,0,2,t,14,2,300,3,,898,3,83,0,1978
200399,0,2,t,11,3,300,3,,898,3,123,0,1978
200400,0,1,t,9,4,300,3,,898,3,6,1,1978
200401,0,2,t,6,5,300,3,,898,3,142,0,1978
200402,0,4,t,3,6,300,3,,898,3,117,0,1978
200403,0,4,t,3,7,300,3,,898,3,141,0,1978
200404,0,5,t,2,8,300,3,,898,3,146,0,1978
200405,0,5,t,2,9,300,3,,898,3,131,0,1978
200406,0,7,f,0,,300,3,,898,3,89,0,1978
200407,0,9,f,0,,300,3,,898,3,157,0,1978
200408,0,10,f,0,,300,3,,898,3,148,0,1978
200409,0,12,f,0,,300,3,,898,3,122,0,1978
200410,0,,f,0,,300,3,,898,3,132,0,1978
200411,0,,f,0,,300,3,,898,3,156,0,1978
200412,0,,f,0,,300,3,,898,3,152,0,1978
200413,0,,f,0,,300,3,,898,3,155,0,1978
200414,0,,f,0,,300,3,,898,3,133,0,1978
200415,0,1,t,27,1,301,4,,901,3,58,2,1978
200416,0,1,t,18,2,301,4,,901,3,6,2,1978
200417,0,2,t,15,3,301,4,,901,3,123,0,1978
200418,0,2,t,14,4,301,4,,901,3,83,0,1978
200419,0,2,t,6,5,301,4,,901,3,142,0,1978
200420,0,5,t,4,6,301,4,,901,3,146,0,1978
200421,0,4,t,3,7,301,4,,901,3,141,0,1978
200422,0,4,t,3,8,301,4,,901,3,117,0,1978
200423,0,5,t,2,9,301,4,,901,3,131,0,1978
200424,0,6,t,1,10,301,4,,901,3,157,0,1978
200425,0,7,f,0,,301,4,,901,3,89,0,1978
200426,0,10,f,0,,301,4,,901,3,148,0,1978
200427,0,12,f,0,,301,4,,901,3,122,0,1978
200428,0,,f,0,,301,4,,901,3,152,0,1978
200429,0,,f,0,,301,4,,901,3,156,0,1978
200430,0,,f,0,,301,4,,901,3,132,0,1978
200431,0,,f,0,,301,4,,901,3,155,0,1978
200432,0,,f,0,,301,4,,901,3,133,0,1978
200433,0,1,t,27,1,302,5,,904,3,58,2,1978
200434,0,1,t,24,2,302,5,,904,3,123,1,1978
200435,0,2,t,20,3,302,5,,904,3,83,0,1978
200436,0,1,t,18,4,302,5,,904,3,6,2,1978
200437,0,2,t,6,5,302,5,,904,3,142,0,1978
200438,0,3,t,4,6,302,5,,904,3,148,0,1978
200439,0,5,t,4,7,302,5,,904,3,146,0,1978
200440,0,4,t,3,8,302,5,,904,3,117,0,1978
200441,0,4,t,3,9,302,5,,904,3,141,0,1978
200442,0,5,t,2,10,302,5,,904,3,131,0,1978
200443,0,6,t,2,11,302,5,,904,3,157,0,1978
200444,0,7,f,0,,302,5,,904,3,89,0,1978
200445,0,10,f,0,,302,5,,904,3,152,0,1978
200446,0,12,f,0,,302,5,,904,3,122,0,1978
200447,0,,f,0,,302,5,,904,3,132,0,1978
200448,0,,f,0,,302,5,,904,3,156,0,1978
200449,0,,f,0,,302,5,,904,3,155,0,1978
200450,0,,f,0,,302,5,,904,3,133,0,1978
200451,0,1,t,36,1,303,6,,907,3,58,3,1978
200452,0,1,t,25,2,303,6,,907,3,123,1,1978
200453,0,1,t,22,3,303,6,,907,3,6,2,1978
200454,0,2,t,20,4,303,6,,907,3,83,0,1978
200455,0,2,t,6,5,303,6,,907,3,142,0,1978
200456,0,5,t,6,6,303,6,,907,3,146,0,1978
200457,0,3,t,4,7,303,6,,907,3,148,0,1978
200458,0,4,t,3,8,303,6,,907,3,117,0,1978
200459,0,4,t,3,9,303,6,,907,3,141,0,1978
200460,0,5,t,2,10,303,6,,907,3,131,0,1978
200461,0,6,t,2,11,303,6,,907,3,157,0,1978
200462,0,7,f,0,,303,6,,907,3,89,0,1978
200463,0,9,f,0,,303,6,,907,3,158,0,1978
200464,0,10,f,0,,303,6,,907,3,152,0,1978
200465,0,12,f,0,,303,6,,907,3,122,0,1978
200466,0,12,f,0,,303,6,,907,3,132,0,1978
200467,0,,f,0,,303,6,,907,3,156,0,1978
200468,0,,f,0,,303,6,,907,3,155,0,1978
200469,0,,f,0,,303,6,,907,3,133,0,1978
200470,0,1,t,45,1,304,7,,910,3,58,4,1978
200471,0,1,t,25,2,304,7,,910,3,123,1,1978
200472,0,1,t,22,3,304,7,,910,3,6,2,1978
200473,0,2,t,22,4,304,7,,910,3,83,0,1978
200474,0,3,t,10,5,304,7,,910,3,146,0,1978
200475,0,3,t,7,6,304,7,,910,3,148,0,1978
200476,0,2,t,6,7,304,7,,910,3,142,0,1978
200477,0,4,t,4,8,304,7,,910,3,117,0,1978
200478,0,4,t,3,9,304,7,,910,3,141,0,1978
200479,0,5,t,2,10,304,7,,910,3,131,0,1978
200480,0,6,t,2,11,304,7,,910,3,157,0,1978
200481,0,7,f,0,,304,7,,910,3,89,0,1978
200482,0,7,f,0,,304,7,,910,3,122,0,1978
200483,0,9,f,0,,304,7,,910,3,158,0,1978
200484,0,10,f,0,,304,7,,910,3,152,0,1978
200485,0,12,f,0,,304,7,,910,3,132,0,1978
200486,0,,f,0,,304,7,,910,3,156,0,1978
200487,0,,f,0,,304,7,,910,3,155,0,1978
200488,0,,f,0,,304,7,,910,3,133,0,1978
200489,0,1,t,49,1,305,8,,913,3,58,4,1978
200490,0,1,t,31,2,305,8,,913,3,83,1,1978
200491,0,1,t,25,3,305,8,,913,3,123,1,1978
200492,0,1,t,22,4,305,8,,913,3,6,2,1978
200493,0,3,t,10,5,305,8,,913,3,146,0,1978
200494,0,2,t,8,6,305,8,,913,3,157,0,1978
200495,0,2,t,7,7,305,8,,913,3,142,0,1978
200496,0,3,t,7,8,305,8,,913,3,148,0,1978
200497,0,4,t,7,9,305,8,,913,3,117,0,1978
200498,0,5,t,4,10,305,8,,913,3,131,0,1978
200499,0,4,t,3,11,305,8,,913,3,141,0,1978
200500,0,7,f,0,,305,8,,913,3,89,0,1978
200501,0,7,f,0,,305,8,,913,3,122,0,1978
200502,0,9,f,0,,305,8,,913,3,158,0,1978
200503,0,10,f,0,,305,8,,913,3,152,0,1978
200504,0,12,f,0,,305,8,,913,3,132,0,1978
200505,0,,f,0,,305,8,,913,3,156,0,1978
200506,0,,f,0,,305,8,,913,3,155,0,1978
200507,0,,f,0,,305,8,,913,3,133,0,1978
200508,0,1,t,58,1,306,9,,916,3,58,5,1978
200509,0,1,t,34,2,306,9,,916,3,83,1,1978
200510,0,1,t,25,3,306,9,,916,3,123,1,1978
200511,0,1,t,22,4,306,9,,916,3,6,2,1978
200512,0,3,t,11,5,306,9,,916,3,117,0,1978
200513,0,3,t,10,6,306,9,,916,3,146,0,1978
200514,0,2,t,8,7,306,9,,916,3,157,0,1978
200515,0,3,t,8,8,306,9,,916,3,148,0,1978
200516,0,2,t,7,9,306,9,,916,3,142,0,1978
200517,0,4,t,5,10,306,9,,916,3,141,0,1978
200518,0,5,t,4,11,306,9,,916,3,131,0,1978
200519,0,7,f,0,,306,9,,916,3,89,0,1978
200520,0,7,f,0,,306,9,,916,3,122,0,1978
200521,0,9,f,0,,306,9,,916,3,158,0,1978
200522,0,10,f,0,,306,9,,916,3,152,0,1978
200523,0,12,f,0,,306,9,,916,3,132,0,1978
200524,0,,f,0,,306,9,,916,3,156,0,1978
200525,0,,f,0,,306,9,,916,3,155,0,1978
200526,0,,f,0,,306,9,,916,3,133,0,1978
200527,0,1,t,58,1,307,10,,919,3,58,5,1978
200528,0,1,t,40,2,307,10,,919,3,83,1,1978
200529,0,1,t,31,3,307,10,,919,3,6,3,1978
200530,0,1,t,28,4,307,10,,919,3,123,1,1978
200531,0,3,t,12,5,307,10,,919,3,117,0,1978
200532,0,3,t,10,6,307,10,,919,3,146,0,1978
200533,0,2,t,8,7,307,10,,919,3,157,0,1978
200534,0,3,t,8,8,307,10,,919,3,148,0,1978
200535,0,2,t,7,9,307,10,,919,3,142,0,1978
200536,0,5,t,6,10,307,10,,919,3,131,0,1978
200537,0,4,t,5,11,307,10,,919,3,141,0,1978
200538,0,7,f,0,,307,10,,919,3,89,0,1978
200539,0,7,f,0,,307,10,,919,3,122,0,1978
200540,0,9,f,0,,307,10,,919,3,158,0,1978
200541,0,10,f,0,,307,10,,919,3,152,0,1978
200542,0,12,f,0,,307,10,,919,3,132,0,1978
200543,0,,f,0,,307,10,,919,3,156,0,1978
200544,0,,f,0,,307,10,,919,3,155,0,1978
200545,0,,f,0,,307,10,,919,3,133,0,1978
200546,0,1,t,67,1,308,11,,922,3,58,6,1978
200547,0,1,t,40,2,308,11,,922,3,83,1,1978
200548,0,1,t,31,3,308,11,,922,3,6,3,1978
200549,0,1,t,30,4,308,11,,922,3,123,1,1978
200550,0,2,t,14,5,308,11,,922,3,148,0,1978
200551,0,3,t,14,6,308,11,,922,3,146,0,1978
200552,0,3,t,12,7,308,11,,922,3,117,0,1978
200553,0,2,t,10,8,308,11,,922,3,142,0,1978
200554,0,2,t,8,9,308,11,,922,3,157,0,1978
200555,0,5,t,6,10,308,11,,922,3,131,0,1978
200556,0,4,t,5,11,308,11,,922,3,141,0,1978
200557,0,7,f,0,,308,11,,922,3,89,0,1978
200558,0,7,f,0,,308,11,,922,3,122,0,1978
200559,0,9,f,0,,308,11,,922,3,158,0,1978
200560,0,10,f,0,,308,11,,922,3,152,0,1978
200561,0,11,f,0,,308,11,,922,3,132,0,1978
200562,0,,f,0,,308,11,,922,3,156,0,1978
200563,0,,f,0,,308,11,,922,3,155,0,1978
200564,0,,f,0,,308,11,,922,3,133,0,1978
200565,0,1,t,76,1,309,12,,925,3,58,7,1978
200566,0,1,t,40,2,309,12,,925,3,83,1,1978
200567,0,1,t,36,3,309,12,,925,3,123,1,1978
200568,0,1,t,35,4,309,12,,925,3,6,3,1978
200569,0,3,t,16,5,309,12,,925,3,146,0,1978
200570,0,2,t,14,6,309,12,,925,3,148,0,1978
200571,0,2,t,13,7,309,12,,925,3,142,0,1978
200572,0,3,t,12,8,309,12,,925,3,117,0,1978
200573,0,2,t,8,9,309,12,,925,3,157,0,1978
200574,0,5,t,6,10,309,12,,925,3,131,0,1978
200575,0,4,t,5,11,309,12,,925,3,141,0,1978
200576,0,6,t,1,12,309,12,,925,3,122,0,1978
200577,0,7,f,0,,309,12,,925,3,89,0,1978
200578,0,9,f,0,,309,12,,925,3,158,0,1978
200579,0,10,f,0,,309,12,,925,3,152,0,1978
200580,0,11,f,0,,309,12,,925,3,132,0,1978
200581,0,,f,0,,309,12,,925,3,156,0,1978
200582,0,,f,0,,309,12,,925,3,155,0,1978
200583,0,,f,0,,309,12,,925,3,133,0,1978
200584,0,1,t,85,1,310,13,,928,3,58,8,1978
200585,0,1,t,44,2,310,13,,928,3,83,1,1978
200586,0,1,t,36,3,310,13,,928,3,6,3,1978
200587,0,1,t,36,4,310,13,,928,3,123,1,1978
200588,0,3,t,16,5,310,13,,928,3,146,0,1978
200589,0,2,t,15,6,310,13,,928,3,142,0,1978
200590,0,2,t,14,7,310,13,,928,3,148,0,1978
200591,0,3,t,12,8,310,13,,928,3,117,0,1978
200592,0,2,t,8,9,310,13,,928,3,157,0,1978
200593,0,5,t,6,10,310,13,,928,3,131,0,1978
200594,0,4,t,5,11,310,13,,928,3,141,0,1978
200595,0,6,t,1,12,310,13,,928,3,122,0,1978
200596,0,7,f,0,,310,13,,928,3,89,0,1978
200597,0,9,f,0,,310,13,,928,3,158,0,1978
200598,0,10,f,0,,310,13,,928,3,152,0,1978
200599,0,11,f,0,,310,13,,928,3,132,0,1978
200600,0,,f,0,,310,13,,928,3,156,0,1978
200601,0,,f,0,,310,13,,928,3,155,0,1978
200602,0,,f,0,,310,13,,928,3,133,0,1978
200603,0,1,t,86,1,311,14,,931,3,58,8,1978
200604,0,1,t,53,2,311,14,,931,3,83,2,1978
200605,0,1,t,40,3,311,14,,931,3,6,3,1978
200606,0,1,t,36,4,311,14,,931,3,123,1,1978
200607,0,3,t,19,5,311,14,,931,3,146,0,1978
200608,0,2,t,15,6,311,14,,931,3,142,0,1978
200609,0,2,t,14,7,311,14,,931,3,148,0,1978
200610,0,3,t,14,8,311,14,,931,3,117,0,1978
200611,0,2,t,8,9,311,14,,931,3,157,0,1978
200612,0,5,t,6,10,311,14,,931,3,131,0,1978
200613,0,4,t,5,11,311,14,,931,3,141,0,1978
200614,0,6,t,1,12,311,14,,931,3,122,0,1978
200615,0,7,f,0,,311,14,,931,3,89,0,1978
200616,0,9,f,0,,311,14,,931,3,158,0,1978
200617,0,10,f,0,,311,14,,931,3,132,0,1978
200618,0,10,f,0,,311,14,,931,3,152,0,1978
200619,0,,f,0,,311,14,,931,3,156,0,1978
200620,0,,f,0,,311,14,,931,3,155,0,1978
200621,0,,f,0,,311,14,,931,3,133,0,1978
200622,0,1,t,86,1,312,15,,934,3,58,8,1978
200623,0,1,t,53,2,312,15,,934,3,83,2,1978
200624,0,1,t,49,3,312,15,,934,3,6,4,1978
200625,0,1,t,36,4,312,15,,934,3,123,1,1978
200626,0,3,t,19,5,312,15,,934,3,146,0,1978
200627,0,2,t,18,6,312,15,,934,3,148,0,1978
200628,0,2,t,17,7,312,15,,934,3,142,0,1978
200629,0,3,t,15,8,312,15,,934,3,117,0,1978
200630,0,2,t,11,9,312,15,,934,3,141,0,1978
200631,0,2,t,8,10,312,15,,934,3,157,0,1978
200632,0,5,t,6,11,312,15,,934,3,131,0,1978
200633,0,4,t,3,12,312,15,,934,3,152,0,1978
200634,0,6,t,1,13,312,15,,934,3,122,0,1978
200635,0,7,f,0,,312,15,,934,3,89,0,1978
200636,0,8,f,0,,312,15,,934,3,132,0,1978
200637,0,9,f,0,,312,15,,934,3,158,0,1978
200638,0,,f,0,,312,15,,934,3,156,0,1978
200639,0,,f,0,,312,15,,934,3,155,0,1978
200640,0,,f,0,,312,15,,934,3,133,0,1978
200641,0,1,t,86,1,313,16,29,937,3,58,8,1978
200642,0,1,t,58,2,313,16,29,937,3,6,5,1978
200643,0,1,t,53,3,313,16,29,937,3,83,2,1978
200644,0,1,t,38,4,313,16,29,937,3,123,1,1978
200645,0,2,t,24,5,313,16,29,937,3,148,0,1978
200646,0,3,t,19,6,313,16,29,937,3,146,0,1978
200647,0,2,t,17,7,313,16,29,937,3,142,0,1978
200648,0,3,t,15,8,313,16,29,937,3,117,0,1978
200649,0,2,t,11,9,313,16,29,937,3,141,0,1978
200650,0,2,t,11,10,313,16,29,937,3,157,0,1978
200651,0,5,t,6,11,313,16,29,937,3,131,0,1978
200652,0,4,t,3,12,313,16,29,937,3,152,0,1978
200653,0,6,t,1,13,313,16,29,937,3,122,0,1978
200654,0,6,t,1,14,313,16,29,937,3,132,0,1978
200655,0,7,f,0,,313,16,29,937,3,89,0,1978
200656,0,9,f,0,,313,16,29,937,3,158,0,1978
200657,0,,f,0,,313,16,29,937,3,156,0,1978
200658,0,,f,0,,313,16,29,937,3,155,0,1978
200659,0,,f,0,,313,16,29,937,3,133,0,1978
200660,0,1,t,12,1,314,1,,940,3,146,1,1979
200661,0,2,t,8,2,314,1,,940,3,58,0,1979
200662,0,3,t,4,3,314,1,,940,3,117,0,1979
200663,0,6,t,1,4,314,1,,940,3,142,0,1979
200664,0,7,f,0,,314,1,,940,3,131,0,1979
200665,0,8,f,0,,314,1,,940,3,157,0,1979
200666,0,9,f,0,,314,1,,940,3,141,0,1979
200667,0,11,f,0,,314,1,,940,3,132,0,1979
200668,0,,f,0,,314,1,,940,3,6,0,1979
200669,0,,f,0,,314,1,,940,3,148,0,1979
200670,0,,f,0,,314,1,,940,3,123,0,1979
200671,0,,f,0,,314,1,,940,3,152,0,1979
200672,0,,f,0,,314,1,,940,3,147,0,1979
200673,0,,f,0,,314,1,,940,3,156,0,1979
200674,0,,f,0,,314,1,,940,3,89,0,1979
200675,0,1,t,27,1,315,2,,943,3,146,2,1979
200676,0,2,t,12,2,315,2,,943,3,58,0,1979
200677,0,3,t,4,3,315,2,,943,3,117,0,1979
200678,0,4,t,3,4,315,2,,943,3,123,0,1979
200679,0,5,t,3,5,315,2,,943,3,6,0,1979
200680,0,6,t,1,6,315,2,,943,3,142,0,1979
200681,0,7,f,0,,315,2,,943,3,157,0,1979
200682,0,7,f,0,,315,2,,943,3,131,0,1979
200683,0,9,f,0,,315,2,,943,3,141,0,1979
200684,0,10,f,0,,315,2,,943,3,152,0,1979
200685,0,11,f,0,,315,2,,943,3,132,0,1979
200686,0,,f,0,,315,2,,943,3,148,0,1979
200687,0,,f,0,,315,2,,943,3,89,0,1979
200688,0,,f,0,,315,2,,943,3,147,0,1979
200689,0,,f,0,,315,2,,943,3,156,0,1979
200690,0,1,t,27,1,316,3,,946,3,146,2,1979
200691,0,1,t,18,2,316,3,,946,3,6,1,1979
200692,0,2,t,17,3,316,3,,946,3,58,0,1979
200693,0,3,t,7,4,316,3,,946,3,123,0,1979
200694,0,3,t,4,5,316,3,,946,3,117,0,1979
200695,0,6,t,1,6,316,3,,946,3,147,0,1979
200696,0,6,t,1,7,316,3,,946,3,142,0,1979
200697,0,7,f,0,,316,3,,946,3,157,0,1979
200698,0,7,f,0,,316,3,,946,3,131,0,1979
200699,0,8,f,0,,316,3,,946,3,148,0,1979
200700,0,9,f,0,,316,3,,946,3,141,0,1979
200701,0,10,f,0,,316,3,,946,3,152,0,1979
200702,0,11,f,0,,316,3,,946,3,132,0,1979
200703,0,,f,0,,316,3,,946,3,89,0,1979
200704,0,,f,0,,316,3,,946,3,156,0,1979
200705,0,1,t,33,1,317,4,,949,3,6,2,1979
200706,0,1,t,29,2,317,4,,949,3,146,2,1979
200707,0,2,t,20,3,317,4,,949,3,58,0,1979
200708,0,3,t,8,4,317,4,,949,3,123,0,1979
200709,0,3,t,4,5,317,4,,949,3,117,0,1979
200710,0,3,t,4,6,317,4,,949,3,141,0,1979
200711,0,6,t,1,7,317,4,,949,3,147,0,1979
200712,0,6,t,1,8,317,4,,949,3,142,0,1979
200713,0,7,f,0,,317,4,,949,3,131,0,1979
200714,0,7,f,0,,317,4,,949,3,157,0,1979
200715,0,8,f,0,,317,4,,949,3,148,0,1979
200716,0,10,f,0,,317,4,,949,3,152,0,1979
200717,0,11,f,0,,317,4,,949,3,132,0,1979
200718,0,,f,0,,317,4,,949,3,89,0,1979
200719,0,,f,0,,317,4,,949,3,156,0,1979
200720,0,1,t,38,1,318,5,,952,3,146,3,1979
200721,0,1,t,36,2,318,5,,952,3,6,2,1979
200722,0,2,t,30,3,318,5,,952,3,58,0,1979
200723,0,3,t,11,4,318,5,,952,3,123,0,1979
200724,0,3,t,4,5,318,5,,952,3,117,0,1979
200725,0,3,t,4,6,318,5,,952,3,141,0,1979
200726,0,6,t,1,7,318,5,,952,3,147,0,1979
200727,0,6,t,1,8,318,5,,952,3,142,0,1979
200728,0,7,f,0,,318,5,,952,3,131,0,1979
200729,0,7,f,0,,318,5,,952,3,157,0,1979
200730,0,8,f,0,,318,5,,952,3,148,0,1979
200731,0,9,f,0,,318,5,,952,3,152,0,1979
200732,0,11,f,0,,318,5,,952,3,132,0,1979
200733,0,14,f,0,,318,5,,952,3,89,0,1979
200734,0,,f,0,,318,5,,952,3,156,0,1979
200735,0,1,t,45,1,319,6,,955,3,6,3,1979
200736,0,1,t,44,2,319,6,,955,3,146,3,1979
200737,0,2,t,33,3,319,6,,955,3,58,0,1979
200738,0,3,t,15,4,319,6,,955,3,123,0,1979
200739,0,3,t,5,5,319,6,,955,3,117,0,1979
200740,0,3,t,4,6,319,6,,955,3,141,0,1979
200741,0,5,t,2,7,319,6,,955,3,157,0,1979
200742,0,6,t,1,8,319,6,,955,3,147,0,1979
200743,0,6,t,1,9,319,6,,955,3,142,0,1979
200744,0,7,f,0,,319,6,,955,3,131,0,1979
200745,0,8,f,0,,319,6,,955,3,89,0,1979
200746,0,8,f,0,,319,6,,955,3,148,0,1979
200747,0,9,f,0,,319,6,,955,3,152,0,1979
200748,0,11,f,0,,319,6,,955,3,132,0,1979
200749,0,,f,0,,319,6,,955,3,1,0,1979
200750,0,,f,0,,319,6,,955,3,156,0,1979
200751,0,1,t,54,1,320,7,,958,3,6,4,1979
200752,0,1,t,46,2,320,7,,958,3,146,3,1979
200753,0,2,t,37,3,320,7,,958,3,58,0,1979
200754,0,3,t,15,4,320,7,,958,3,123,0,1979
200755,0,2,t,10,5,320,7,,958,3,141,0,1979
200756,0,3,t,8,6,320,7,,958,3,117,0,1979
200757,0,5,t,3,7,320,7,,958,3,157,0,1979
200758,0,6,t,1,8,320,7,,958,3,147,0,1979
200759,0,6,t,1,9,320,7,,958,3,142,0,1979
200760,0,7,f,0,,320,7,,958,3,131,0,1979
200761,0,8,f,0,,320,7,,958,3,89,0,1979
200762,0,8,f,0,,320,7,,958,3,148,0,1979
200763,0,9,f,0,,320,7,,958,3,152,0,1979
200764,0,11,f,0,,320,7,,958,3,132,0,1979
200765,0,,f,0,,320,7,,958,3,1,0,1979
200766,0,,f,0,,320,7,,958,3,156,0,1979
200767,0,1,t,60,1,321,8,,961,3,6,4,1979
200768,0,1,t,46,2,321,8,,961,3,146,3,1979
200769,0,2,t,37,3,321,8,,961,3,58,0,1979
200770,0,3,t,17,4,321,8,,961,3,123,0,1979
200771,0,2,t,14,5,321,8,,961,3,141,0,1979
200772,0,1,t,13,6,321,8,,961,3,152,1,1979
200773,0,3,t,8,7,321,8,,961,3,117,0,1979
200774,0,5,t,3,8,321,8,,961,3,157,0,1979
200775,0,6,t,1,9,321,8,,961,3,147,0,1979
200776,0,6,t,1,10,321,8,,961,3,142,0,1979
200777,0,7,f,0,,321,8,,961,3,131,0,1979
200778,0,8,f,0,,321,8,,961,3,148,0,1979
200779,0,8,f,0,,321,8,,961,3,89,0,1979
200780,0,11,f,0,,321,8,,961,3,132,0,1979
200781,0,17,f,0,,321,8,,961,3,1,0,1979
200782,0,,f,0,,321,8,,961,3,156,0,1979
200783,0,1,t,62,1,322,9,,964,3,6,4,1979
200784,0,1,t,47,2,322,9,,964,3,146,3,1979
200785,0,2,t,37,3,322,9,,964,3,58,0,1979
200786,0,1,t,23,4,322,9,,964,3,141,1,1979
200787,0,3,t,21,5,322,9,,964,3,123,0,1979
200788,0,1,t,19,6,322,9,,964,3,152,1,1979
200789,0,3,t,11,7,322,9,,964,3,117,0,1979
200790,0,5,t,3,8,322,9,,964,3,157,0,1979
200791,0,6,t,1,9,322,9,,964,3,147,0,1979
200792,0,6,t,1,10,322,9,,964,3,142,0,1979
200793,0,7,f,0,,322,9,,964,3,131,0,1979
200794,0,8,f,0,,322,9,,964,3,148,0,1979
200795,0,8,f,0,,322,9,,964,3,89,0,1979
200796,0,11,f,0,,322,9,,964,3,132,0,1979
200797,0,17,f,0,,322,9,,964,3,1,0,1979
200798,0,,f,0,,322,9,,964,3,156,0,1979
200799,0,1,t,65,1,323,10,,967,3,6,4,1979
200800,0,1,t,51,2,323,10,,967,3,146,3,1979
200801,0,1,t,38,3,323,10,,967,3,141,2,1979
200802,0,2,t,37,4,323,10,,967,3,58,0,1979
200803,0,3,t,21,5,323,10,,967,3,123,0,1979
200804,0,1,t,19,6,323,10,,967,3,152,1,1979
200805,0,3,t,13,7,323,10,,967,3,117,0,1979
200806,0,5,t,4,8,323,10,,967,3,157,0,1979
200807,0,6,t,1,9,323,10,,967,3,147,0,1979
200808,0,6,t,1,10,323,10,,967,3,142,0,1979
200809,0,7,f,0,,323,10,,967,3,131,0,1979
200810,0,8,f,0,,323,10,,967,3,148,0,1979
200811,0,8,f,0,,323,10,,967,3,89,0,1979
200812,0,11,f,0,,323,10,,967,3,132,0,1979
200813,0,17,f,0,,323,10,,967,3,1,0,1979
200814,0,,f,0,,323,10,,967,3,156,0,1979
200815,0,1,t,74,1,324,11,,970,3,6,4,1979
200816,0,1,t,55,2,324,11,,970,3,146,3,1979
200817,0,1,t,49,3,324,11,,970,3,141,3,1979
200818,0,2,t,37,4,324,11,,970,3,58,0,1979
200819,0,3,t,21,5,324,11,,970,3,123,0,1979
200820,0,1,t,20,6,324,11,,970,3,152,1,1979
200821,0,3,t,13,7,324,11,,970,3,117,0,1979
200822,0,5,t,4,8,324,11,,970,3,157,0,1979
200823,0,6,t,1,9,324,11,,970,3,147,0,1979
200824,0,6,t,1,10,324,11,,970,3,142,0,1979
200825,0,7,f,0,,324,11,,970,3,131,0,1979
200826,0,8,f,0,,324,11,,970,3,148,0,1979
200827,0,8,f,0,,324,11,,970,3,89,0,1979
200828,0,11,f,0,,324,11,,970,3,132,0,1979
200829,0,17,f,0,,324,11,,970,3,1,0,1979
200830,0,,f,0,,324,11,,970,3,156,0,1979
200831,0,1,t,80,1,325,12,,973,3,6,4,1979
200832,0,1,t,61,2,325,12,,973,3,146,3,1979
200833,0,1,t,58,3,325,12,,973,3,141,4,1979
200834,0,2,t,37,4,325,12,,973,3,58,0,1979
200835,0,3,t,21,5,325,12,,973,3,123,0,1979
200836,0,1,t,20,6,325,12,,973,3,152,1,1979
200837,0,3,t,13,7,325,12,,973,3,117,0,1979
200838,0,5,t,5,8,325,12,,973,3,157,0,1979
200839,0,4,t,4,9,325,12,,973,3,147,0,1979
200840,0,6,t,1,10,325,12,,973,3,142,0,1979
200841,0,7,f,0,,325,12,,973,3,131,0,1979
200842,0,8,f,0,,325,12,,973,3,148,0,1979
200843,0,8,f,0,,325,12,,973,3,89,0,1979
200844,0,11,f,0,,325,12,,973,3,132,0,1979
200845,0,17,f,0,,325,12,,973,3,1,0,1979
200846,0,,f,0,,325,12,,973,3,156,0,1979
200847,0,1,t,95,1,326,13,,976,3,6,5,1979
200848,0,1,t,62,2,326,13,,976,3,141,4,1979
200849,0,1,t,61,3,326,13,,976,3,146,3,1979
200850,0,2,t,39,4,326,13,,976,3,58,0,1979
200851,0,3,t,22,5,326,13,,976,3,123,0,1979
200852,0,1,t,20,6,326,13,,976,3,152,1,1979
200853,0,3,t,13,7,326,13,,976,3,117,0,1979
200854,0,4,t,7,8,326,13,,976,3,147,0,1979
200855,0,5,t,5,9,326,13,,976,3,157,0,1979
200856,0,6,t,1,10,326,13,,976,3,142,0,1979
200857,0,7,f,0,,326,13,,976,3,131,0,1979
200858,0,8,f,0,,326,13,,976,3,148,0,1979
200859,0,8,f,0,,326,13,,976,3,89,0,1979
200860,0,11,f,0,,326,13,,976,3,132,0,1979
200861,0,12,f,0,,326,13,,976,3,1,0,1979
200862,0,,f,0,,326,13,,976,3,156,0,1979
200863,0,1,t,104,1,327,14,,979,3,6,5,1979
200864,0,1,t,75,2,327,14,,979,3,141,5,1979
200865,0,1,t,61,3,327,14,,979,3,146,3,1979
200866,0,2,t,39,4,327,14,,979,3,58,0,1979
200867,0,3,t,24,5,327,14,,979,3,123,0,1979
200868,0,1,t,20,6,327,14,,979,3,152,1,1979
200869,0,3,t,14,7,327,14,,979,3,117,0,1979
200870,0,4,t,7,8,327,14,,979,3,147,0,1979
200871,0,5,t,5,9,327,14,,979,3,157,0,1979
200872,0,6,t,1,10,327,14,,979,3,142,0,1979
200873,0,7,f,0,,327,14,,979,3,131,0,1979
200874,0,7,f,0,,327,14,,979,3,97,0,1979
200875,0,8,f,0,,327,14,,979,3,148,0,1979
200876,0,8,f,0,,327,14,,979,3,89,0,1979
200877,0,11,f,0,,327,14,,979,3,132,0,1979
200878,0,12,f,0,,327,14,,979,3,1,0,1979
200879,0,,f,0,,327,14,,979,3,160,0,1979
200880,0,,f,0,,327,14,,979,3,156,0,1979
200881,0,1,t,113,1,328,15,30,982,3,6,6,1979
200882,0,1,t,75,2,328,15,30,982,3,141,5,1979
200883,0,1,t,61,3,328,15,30,982,3,146,3,1979
200884,0,2,t,39,4,328,15,30,982,3,58,0,1979
200885,0,3,t,28,5,328,15,30,982,3,123,0,1979
200886,0,1,t,26,6,328,15,30,982,3,152,1,1979
200887,0,3,t,15,7,328,15,30,982,3,117,0,1979
200888,0,4,t,7,8,328,15,30,982,3,147,0,1979
200889,0,5,t,5,9,328,15,30,982,3,157,0,1979
200890,0,4,t,3,10,328,15,30,982,3,131,0,1979
200891,0,5,t,2,11,328,15,30,982,3,89,0,1979
200892,0,6,t,1,12,328,15,30,982,3,142,0,1979
200893,0,7,f,0,,328,15,30,982,3,97,0,1979
200894,0,8,f,0,,328,15,30,982,3,148,0,1979
200895,0,11,f,0,,328,15,30,982,3,132,0,1979
200896,0,12,f,0,,328,15,30,982,3,1,0,1979
200897,0,,f,0,,328,15,30,982,3,160,0,1979
200898,0,,f,0,,328,15,30,982,3,156,0,1979
200899,0,1,t,9,1,329,1,,985,3,141,1,1980
200900,0,2,t,6,2,329,1,,985,3,83,0,1980
200901,0,3,t,4,3,329,1,,985,3,142,0,1980
200902,0,4,t,3,4,329,1,,985,3,123,0,1980
200903,0,5,t,2,5,329,1,,985,3,1,0,1980
200904,0,6,t,1,6,329,1,,985,3,117,0,1980
200905,0,,f,0,,329,1,,985,3,6,0,1980
200906,0,,f,0,,329,1,,985,3,132,0,1980
200907,0,,f,0,,329,1,,985,3,146,0,1980
200908,0,,f,0,,329,1,,985,3,157,0,1980
200909,0,,f,0,,329,1,,985,3,89,0,1980
200910,0,,f,0,,329,1,,985,3,58,0,1980
200911,0,,f,0,,329,1,,985,3,152,0,1980
200912,0,1,t,13,1,330,2,,988,3,141,1,1980
200913,0,1,t,9,2,330,2,,988,3,152,1,1980
200914,0,2,t,6,3,330,2,,988,3,83,0,1980
200915,0,2,t,6,4,330,2,,988,3,58,0,1980
200916,0,3,t,4,5,330,2,,988,3,142,0,1980
200917,0,4,t,3,6,330,2,,988,3,123,0,1980
200918,0,4,t,3,7,330,2,,988,3,146,0,1980
200919,0,5,t,3,8,330,2,,988,3,117,0,1980
200920,0,5,t,2,9,330,2,,988,3,1,0,1980
200921,0,6,t,1,10,330,2,,988,3,157,0,1980
200922,0,7,f,0,,330,2,,988,3,89,0,1980
200923,0,16,f,0,,330,2,,988,3,6,0,1980
200924,0,,f,0,,330,2,,988,3,132,0,1980
200925,0,1,t,18,1,331,3,,991,3,152,2,1980
200926,0,1,t,15,2,331,3,,991,3,141,1,1980
200927,0,2,t,13,3,331,3,,991,3,146,0,1980
200928,0,2,t,9,4,331,3,,991,3,83,0,1980
200929,0,2,t,6,5,331,3,,991,3,58,0,1980
200930,0,3,t,4,6,331,3,,991,3,142,0,1980
200931,0,4,t,3,7,331,3,,991,3,123,0,1980
200932,0,5,t,3,8,331,3,,991,3,117,0,1980
200933,0,5,t,2,9,331,3,,991,3,1,0,1980
200934,0,6,t,2,10,331,3,,991,3,157,0,1980
200935,0,7,f,0,,331,3,,991,3,89,0,1980
200936,0,9,f,0,,331,3,,991,3,132,0,1980
200937,0,13,f,0,,331,3,,991,3,131,0,1980
200938,0,16,f,0,,331,3,,991,3,6,0,1980
200939,0,,f,0,,331,3,,991,3,161,0,1980
200940,0,1,t,18,1,332,4,,994,3,152,2,1980
200941,0,1,t,18,2,332,4,,994,3,83,1,1980
200942,0,1,t,15,3,332,4,,994,3,141,1,1980
200943,0,2,t,14,4,332,4,,994,3,146,0,1980
200944,0,2,t,8,5,332,4,,994,3,157,0,1980
200945,0,3,t,8,6,332,4,,994,3,142,0,1980
200946,0,2,t,6,7,332,4,,994,3,58,0,1980
200947,0,4,t,6,8,332,4,,994,3,117,0,1980
200948,0,4,t,3,9,332,4,,994,3,123,0,1980
200949,0,5,t,2,10,332,4,,994,3,1,0,1980
200950,0,5,t,2,11,332,4,,994,3,6,0,1980
200951,0,7,f,0,,332,4,,994,3,89,0,1980
200952,0,9,f,0,,332,4,,994,3,132,0,1980
200953,0,13,f,0,,332,4,,994,3,131,0,1980
200954,0,,f,0,,332,4,,994,3,161,0,1980
200955,0,1,t,25,1,333,5,,997,3,141,1,1980
200956,0,1,t,23,2,333,5,,997,3,146,1,1980
200957,0,1,t,21,3,333,5,,997,3,152,2,1980
200958,0,1,t,18,4,333,5,,997,3,83,1,1980
200959,0,2,t,8,5,333,5,,997,3,157,0,1980
200960,0,3,t,8,6,333,5,,997,3,142,0,1980
200961,0,2,t,6,7,333,5,,997,3,58,0,1980
200962,0,4,t,6,8,333,5,,997,3,117,0,1980
200963,0,4,t,5,9,333,5,,997,3,123,0,1980
200964,0,5,t,3,10,333,5,,997,3,6,0,1980
200965,0,5,t,2,11,333,5,,997,3,1,0,1980
200966,0,7,f,0,,333,5,,997,3,89,0,1980
200967,0,9,f,0,,333,5,,997,3,132,0,1980
200968,0,13,f,0,,333,5,,997,3,131,0,1980
200969,0,,f,0,,333,5,,997,3,161,0,1980
200970,0,1,t,34,1,334,6,,1000,3,141,2,1980
200971,0,1,t,29,2,334,6,,1000,3,146,1,1980
200972,0,1,t,22,3,334,6,,1000,3,83,1,1980
200973,0,1,t,21,4,334,6,,1000,3,152,2,1980
200974,0,2,t,11,5,334,6,,1000,3,157,0,1980
200975,0,3,t,9,6,334,6,,1000,3,142,0,1980
200976,0,2,t,6,7,334,6,,1000,3,58,0,1980
200977,0,4,t,6,8,334,6,,1000,3,117,0,1980
200978,0,4,t,5,9,334,6,,1000,3,123,0,1980
200979,0,5,t,5,10,334,6,,1000,3,6,0,1980
200980,0,5,t,2,11,334,6,,1000,3,1,0,1980
200981,0,7,f,0,,334,6,,1000,3,89,0,1980
200982,0,9,f,0,,334,6,,1000,3,132,0,1980
200983,0,13,f,0,,334,6,,1000,3,131,0,1980
200984,0,,f,0,,334,6,,1000,3,161,0,1980
200985,0,1,t,44,1,335,7,,1003,3,141,3,1980
200986,0,1,t,39,2,335,7,,1003,3,146,1,1980
200987,0,1,t,25,3,335,7,,1003,3,83,1,1980
200988,0,1,t,23,4,335,7,,1003,3,152,2,1980
200989,0,2,t,11,5,335,7,,1003,3,157,0,1980
200990,0,3,t,9,6,335,7,,1003,3,142,0,1980
200991,0,2,t,6,7,335,7,,1003,3,58,0,1980
200992,0,4,t,6,8,335,7,,1003,3,117,0,1980
200993,0,4,t,5,9,335,7,,1003,3,123,0,1980
200994,0,5,t,5,10,335,7,,1003,3,6,0,1980
200995,0,5,t,2,11,335,7,,1003,3,1,0,1980
200996,0,7,f,0,,335,7,,1003,3,89,0,1980
200997,0,9,f,0,,335,7,,1003,3,132,0,1980
200998,0,13,f,0,,335,7,,1003,3,131,0,1980
200999,0,,f,0,,335,7,,1003,3,161,0,1980
201000,0,1,t,57,1,336,8,,1006,3,141,4,1980
201001,0,1,t,39,2,336,8,,1006,3,146,1,1980
201002,0,1,t,31,3,336,8,,1006,3,83,1,1980
201003,0,1,t,23,4,336,8,,1006,3,152,2,1980
201004,0,2,t,11,5,336,8,,1006,3,157,0,1980
201005,0,4,t,10,6,336,8,,1006,3,123,0,1980
201006,0,3,t,9,7,336,8,,1006,3,142,0,1980
201007,0,4,t,7,8,336,8,,1006,3,117,0,1980
201008,0,2,t,6,9,336,8,,1006,3,58,0,1980
201009,0,5,t,5,10,336,8,,1006,3,6,0,1980
201010,0,5,t,2,11,336,8,,1006,3,1,0,1980
201011,0,7,f,0,,336,8,,1006,3,89,0,1980
201012,0,9,f,0,,336,8,,1006,3,132,0,1980
201013,0,13,f,0,,336,8,,1006,3,131,0,1980
201014,0,,f,0,,336,8,,1006,3,161,0,1980
201015,0,1,t,67,1,337,9,,1009,3,141,4,1980
201016,0,1,t,48,2,337,9,,1009,3,146,2,1980
201017,0,1,t,34,3,337,9,,1009,3,83,1,1980
201018,0,1,t,23,4,337,9,,1009,3,152,2,1980
201019,0,2,t,11,5,337,9,,1009,3,157,0,1980
201020,0,4,t,10,6,337,9,,1009,3,123,0,1980
201021,0,3,t,9,7,337,9,,1009,3,142,0,1980
201022,0,4,t,7,8,337,9,,1009,3,117,0,1980
201023,0,2,t,6,9,337,9,,1009,3,58,0,1980
201024,0,5,t,6,10,337,9,,1009,3,6,0,1980
201025,0,5,t,4,11,337,9,,1009,3,1,0,1980
201026,0,7,f,0,,337,9,,1009,3,89,0,1980
201027,0,9,f,0,,337,9,,1009,3,132,0,1980
201028,0,13,f,0,,337,9,,1009,3,131,0,1980
201029,0,,f,0,,337,9,,1009,3,161,0,1980
201030,0,1,t,77,1,338,10,,1012,3,141,4,1980
201031,0,1,t,51,2,338,10,,1012,3,146,2,1980
201032,0,1,t,36,3,338,10,,1012,3,83,1,1980
201033,0,1,t,32,4,338,10,,1012,3,152,3,1980
201034,0,2,t,11,5,338,10,,1012,3,157,0,1980
201035,0,4,t,10,6,338,10,,1012,3,123,0,1980
201036,0,3,t,9,7,338,10,,1012,3,142,0,1980
201037,0,2,t,7,8,338,10,,1012,3,58,0,1980
201038,0,4,t,7,9,338,10,,1012,3,117,0,1980
201039,0,5,t,6,10,338,10,,1012,3,6,0,1980
201040,0,5,t,4,11,338,10,,1012,3,1,0,1980
201041,0,7,f,0,,338,10,,1012,3,89,0,1980
201042,0,9,f,0,,338,10,,1012,3,132,0,1980
201043,0,13,f,0,,338,10,,1012,3,131,0,1980
201044,0,,f,0,,338,10,,1012,3,161,0,1980
201045,0,1,t,80,1,339,11,,1015,3,141,4,1980
201046,0,1,t,55,2,339,11,,1015,3,146,2,1980
201047,0,1,t,45,3,339,11,,1015,3,83,2,1980
201048,0,1,t,38,4,339,11,,1015,3,152,3,1980
201049,0,4,t,12,5,339,11,,1015,3,123,0,1980
201050,0,2,t,11,6,339,11,,1015,3,157,0,1980
201051,0,3,t,9,7,339,11,,1015,3,142,0,1980
201052,0,4,t,8,8,339,11,,1015,3,117,0,1980
201053,0,2,t,7,9,339,11,,1015,3,58,0,1980
201054,0,5,t,6,10,339,11,,1015,3,6,0,1980
201055,0,5,t,4,11,339,11,,1015,3,1,0,1980
201056,0,7,f,0,,339,11,,1015,3,89,0,1980
201057,0,9,f,0,,339,11,,1015,3,132,0,1980
201058,0,13,f,0,,339,11,,1015,3,131,0,1980
201059,0,,f,0,,339,11,,1015,3,161,0,1980
201060,0,1,t,90,1,340,12,,1018,3,141,4,1980
201061,0,1,t,56,2,340,12,,1018,3,146,2,1980
201062,0,1,t,54,3,340,12,,1018,3,83,3,1980
201063,0,1,t,38,4,340,12,,1018,3,152,3,1980
201064,0,4,t,12,5,340,12,,1018,3,123,0,1980
201065,0,2,t,11,6,340,12,,1018,3,157,0,1980
201066,0,3,t,11,7,340,12,,1018,3,142,0,1980
201067,0,2,t,10,8,340,12,,1018,3,58,0,1980
201068,0,4,t,8,9,340,12,,1018,3,117,0,1980
201069,0,5,t,6,10,340,12,,1018,3,6,0,1980
201070,0,5,t,4,11,340,12,,1018,3,1,0,1980
201071,0,7,f,0,,340,12,,1018,3,89,0,1980
201072,0,9,f,0,,340,12,,1018,3,132,0,1980
201073,0,12,f,0,,340,12,,1018,3,161,0,1980
201074,0,13,f,0,,340,12,,1018,3,131,0,1980
201075,0,1,t,105,1,341,13,,1021,3,141,5,1980
201076,0,1,t,60,2,341,13,,1021,3,146,2,1980
201077,0,1,t,55,3,341,13,,1021,3,83,3,1980
201078,0,1,t,38,4,341,13,,1021,3,152,3,1980
201079,0,4,t,12,5,341,13,,1021,3,123,0,1980
201080,0,2,t,11,6,341,13,,1021,3,157,0,1980
201081,0,3,t,11,7,341,13,,1021,3,142,0,1980
201082,0,4,t,11,8,341,13,,1021,3,117,0,1980
201083,0,2,t,10,9,341,13,,1021,3,58,0,1980
201084,0,5,t,8,10,341,13,,1021,3,6,0,1980
201085,0,5,t,4,11,341,13,,1021,3,1,0,1980
201086,0,7,f,0,,341,13,,1021,3,89,0,1980
201087,0,9,f,0,,341,13,,1021,3,132,0,1980
201088,0,12,f,0,,341,13,,1021,3,161,0,1980
201089,0,13,f,0,,341,13,,1021,3,131,0,1980
201090,0,1,t,120,1,342,14,31,1024,3,141,6,1980
201091,0,1,t,66,2,342,14,31,1024,3,146,2,1980
201092,0,1,t,55,3,342,14,31,1024,3,83,3,1980
201093,0,1,t,38,4,342,14,31,1024,3,152,3,1980
201094,0,2,t,14,5,342,14,31,1024,3,58,0,1980
201095,0,4,t,12,6,342,14,31,1024,3,123,0,1980
201096,0,2,t,11,7,342,14,31,1024,3,157,0,1980
201097,0,3,t,11,8,342,14,31,1024,3,142,0,1980
201098,0,4,t,11,9,342,14,31,1024,3,117,0,1980
201099,0,5,t,8,10,342,14,31,1024,3,6,0,1980
201100,0,5,t,4,11,342,14,31,1024,3,1,0,1980
201101,0,7,f,0,,342,14,31,1024,3,89,0,1980
201102,0,9,f,0,,342,14,31,1024,3,132,0,1980
201103,0,12,f,0,,342,14,31,1024,3,161,0,1980
201104,0,13,f,0,,342,14,31,1024,3,131,0,1980
201105,0,1,t,15,1,343,1,,1027,3,141,1,1981
201106,0,3,t,4,2,343,1,,1027,3,83,0,1981
201107,0,4,t,3,3,343,1,,1027,3,1,0,1981
201108,0,5,t,2,4,343,1,,1027,3,123,0,1981
201109,0,6,t,1,5,343,1,,1027,3,155,0,1981
201110,0,7,f,0,,343,1,,1027,3,142,0,1981
201111,0,8,f,0,,343,1,,1027,3,152,0,1981
201112,0,,f,0,,343,1,,1027,3,132,0,1981
201113,0,,f,0,,343,1,,1027,3,6,0,1981
201114,0,,f,0,,343,1,,1027,3,146,0,1981
201115,0,,f,0,,343,1,,1027,3,89,0,1981
201116,0,,f,0,,343,1,,1027,3,157,0,1981
201117,0,,f,0,,343,1,,1027,3,161,0,1981
201118,0,,f,0,,343,1,,1027,3,58,0,1981
201119,0,,f,0,,343,1,,1027,3,117,0,1981
201120,0,1,t,30,1,344,2,,1030,3,141,2,1981
201121,0,3,t,4,2,344,2,,1030,3,83,0,1981
201122,0,3,t,4,3,344,2,,1030,3,157,0,1981
201123,0,4,t,3,4,344,2,,1030,3,132,0,1981
201124,0,4,t,3,5,344,2,,1030,3,1,0,1981
201125,0,5,t,2,6,344,2,,1030,3,58,0,1981
201126,0,5,t,2,7,344,2,,1030,3,123,0,1981
201127,0,6,t,1,8,344,2,,1030,3,146,0,1981
201128,0,6,t,1,9,344,2,,1030,3,155,0,1981
201129,0,7,f,0,,344,2,,1030,3,142,0,1981
201130,0,8,f,0,,344,2,,1030,3,152,0,1981
201131,0,8,f,0,,344,2,,1030,3,117,0,1981
201132,0,,f,0,,344,2,,1030,3,6,0,1981
201133,0,,f,0,,344,2,,1030,3,89,0,1981
201134,0,,f,0,,344,2,,1030,3,161,0,1981
201135,0,1,t,39,1,345,3,,1033,3,141,2,1981
201136,0,1,t,13,2,345,3,,1033,3,83,1,1981
201137,0,3,t,6,3,345,3,,1033,3,152,0,1981
201138,0,3,t,4,4,345,3,,1033,3,157,0,1981
201139,0,4,t,3,5,345,3,,1033,3,1,0,1981
201140,0,4,t,3,6,345,3,,1033,3,132,0,1981
201141,0,5,t,3,7,345,3,,1033,3,58,0,1981
201142,0,5,t,2,8,345,3,,1033,3,123,0,1981
201143,0,6,t,1,9,345,3,,1033,3,146,0,1981
201144,0,6,t,1,10,345,3,,1033,3,155,0,1981
201145,0,7,f,0,,345,3,,1033,3,142,0,1981
201146,0,8,f,0,,345,3,,1033,3,117,0,1981
201147,0,12,f,0,,345,3,,1033,3,89,0,1981
201148,0,,f,0,,345,3,,1033,3,6,0,1981
201149,0,,f,0,,345,3,,1033,3,161,0,1981
201150,0,1,t,43,1,346,4,,1036,3,141,2,1981
201151,0,1,t,25,2,346,4,,1036,3,83,2,1981
201152,0,2,t,10,3,346,4,,1036,3,157,0,1981
201153,0,3,t,6,4,346,4,,1036,3,152,0,1981
201154,0,4,t,3,5,346,4,,1036,3,1,0,1981
201155,0,4,t,3,6,346,4,,1036,3,132,0,1981
201156,0,5,t,3,7,346,4,,1036,3,58,0,1981
201157,0,5,t,2,8,346,4,,1036,3,6,0,1981
201158,0,5,t,2,9,346,4,,1036,3,123,0,1981
201159,0,6,t,1,10,346,4,,1036,3,146,0,1981
201160,0,6,t,1,11,346,4,,1036,3,117,0,1981
201161,0,6,t,1,12,346,4,,1036,3,155,0,1981
201162,0,7,f,0,,346,4,,1036,3,142,0,1981
201163,0,12,f,0,,346,4,,1036,3,89,0,1981
201164,0,,f,0,,346,4,,1036,3,119,0,1981
201165,0,,f,0,,346,4,,1036,3,161,0,1981
201166,0,1,t,52,1,347,5,,1039,3,141,3,1981
201167,0,1,t,25,2,347,5,,1039,3,83,2,1981
201168,0,2,t,10,3,347,5,,1039,3,157,0,1981
201169,0,3,t,9,4,347,5,,1039,3,58,0,1981
201170,0,2,t,7,5,347,5,,1039,3,146,0,1981
201171,0,3,t,6,6,347,5,,1039,3,152,0,1981
201172,0,4,t,5,7,347,5,,1039,3,6,0,1981
201173,0,4,t,3,8,347,5,,1039,3,1,0,1981
201174,0,4,t,3,9,347,5,,1039,3,132,0,1981
201175,0,5,t,3,10,347,5,,1039,3,123,0,1981
201176,0,6,t,1,11,347,5,,1039,3,117,0,1981
201177,0,6,t,1,12,347,5,,1039,3,155,0,1981
201178,0,7,f,0,,347,5,,1039,3,142,0,1981
201179,0,12,f,0,,347,5,,1039,3,89,0,1981
201180,0,13,f,0,,347,5,,1039,3,161,0,1981
201181,0,,f,0,,347,5,,1039,3,119,0,1981
201182,0,1,t,58,1,348,6,,1042,3,141,3,1981
201183,0,1,t,25,2,348,6,,1042,3,83,2,1981
201184,0,1,t,17,3,348,6,,1042,3,6,1,1981
201185,0,2,t,11,4,348,6,,1042,3,146,0,1981
201186,0,2,t,10,5,348,6,,1042,3,157,0,1981
201187,0,3,t,9,6,348,6,,1042,3,58,0,1981
201188,0,3,t,6,7,348,6,,1042,3,152,0,1981
201189,0,5,t,5,8,348,6,,1042,3,123,0,1981
201190,0,4,t,4,9,348,6,,1042,3,132,0,1981
201191,0,4,t,3,10,348,6,,1042,3,1,0,1981
201192,0,6,t,1,11,348,6,,1042,3,117,0,1981
201193,0,6,t,1,12,348,6,,1042,3,155,0,1981
201194,0,7,f,0,,348,6,,1042,3,142,0,1981
201195,0,12,f,0,,348,6,,1042,3,89,0,1981
201196,0,13,f,0,,348,6,,1042,3,161,0,1981
201197,0,,f,0,,348,6,,1042,3,119,0,1981
201198,0,1,t,61,1,349,7,,1045,3,141,3,1981
201199,0,1,t,26,2,349,7,,1045,3,6,2,1981
201200,0,1,t,25,3,349,7,,1045,3,83,2,1981
201201,0,2,t,17,4,349,7,,1045,3,146,0,1981
201202,0,3,t,12,5,349,7,,1045,3,58,0,1981
201203,0,2,t,10,6,349,7,,1045,3,157,0,1981
201204,0,3,t,6,7,349,7,,1045,3,152,0,1981
201205,0,3,t,5,8,349,7,,1045,3,117,0,1981
201206,0,5,t,5,9,349,7,,1045,3,123,0,1981
201207,0,4,t,4,10,349,7,,1045,3,132,0,1981
201208,0,4,t,3,11,349,7,,1045,3,1,0,1981
201209,0,6,t,1,12,349,7,,1045,3,155,0,1981
201210,0,7,f,0,,349,7,,1045,3,142,0,1981
201211,0,12,f,0,,349,7,,1045,3,89,0,1981
201212,0,13,f,0,,349,7,,1045,3,161,0,1981
201213,0,16,f,0,,349,7,,1045,3,119,0,1981
201214,0,1,t,61,1,350,8,,1048,3,141,3,1981
201215,0,1,t,29,2,350,8,,1048,3,83,2,1981
201216,0,1,t,28,3,350,8,,1048,3,6,2,1981
201217,0,1,t,18,4,350,8,,1048,3,152,1,1981
201218,0,2,t,17,5,350,8,,1048,3,146,0,1981
201219,0,3,t,13,6,350,8,,1048,3,58,0,1981
201220,0,2,t,11,7,350,8,,1048,3,117,0,1981
201221,0,2,t,10,8,350,8,,1048,3,157,0,1981
201222,0,5,t,5,9,350,8,,1048,3,123,0,1981
201223,0,4,t,4,10,350,8,,1048,3,132,0,1981
201224,0,4,t,3,11,350,8,,1048,3,1,0,1981
201225,0,6,t,1,12,350,8,,1048,3,155,0,1981
201226,0,7,f,0,,350,8,,1048,3,142,0,1981
201227,0,12,f,0,,350,8,,1048,3,89,0,1981
201228,0,13,f,0,,350,8,,1048,3,161,0,1981
201229,0,16,f,0,,350,8,,1048,3,119,0,1981
201230,0,1,t,67,1,351,9,,1051,3,141,3,1981
201231,0,1,t,31,2,351,9,,1051,3,83,2,1981
201232,0,1,t,28,3,351,9,,1051,3,6,2,1981
201233,0,2,t,21,4,351,9,,1051,3,146,0,1981
201234,0,1,t,20,5,351,9,,1051,3,117,1,1981
201235,0,1,t,18,6,351,9,,1051,3,152,1,1981
201236,0,3,t,13,7,351,9,,1051,3,58,0,1981
201237,0,2,t,10,8,351,9,,1051,3,157,0,1981
201238,0,4,t,8,9,351,9,,1051,3,123,0,1981
201239,0,4,t,4,10,351,9,,1051,3,132,0,1981
201240,0,4,t,3,11,351,9,,1051,3,1,0,1981
201241,0,6,t,1,12,351,9,,1051,3,155,0,1981
201242,0,6,t,1,13,351,9,,1051,3,89,0,1981
201243,0,7,f,0,,351,9,,1051,3,142,0,1981
201244,0,7,f,0,,351,9,,1051,3,119,0,1981
201245,0,8,f,0,,351,9,,1051,3,161,0,1981
201246,0,1,t,67,1,352,10,,1054,3,141,3,1981
201247,0,1,t,43,2,352,10,,1054,3,83,3,1981
201248,0,1,t,28,3,352,10,,1054,3,6,2,1981
201249,0,2,t,25,4,352,10,,1054,3,146,0,1981
201250,0,1,t,24,5,352,10,,1054,3,152,1,1981
201251,0,1,t,21,6,352,10,,1054,3,117,1,1981
201252,0,3,t,13,7,352,10,,1054,3,58,0,1981
201253,0,2,t,10,8,352,10,,1054,3,157,0,1981
201254,0,4,t,10,9,352,10,,1054,3,123,0,1981
201255,0,4,t,4,10,352,10,,1054,3,132,0,1981
201256,0,4,t,3,11,352,10,,1054,3,1,0,1981
201257,0,6,t,1,12,352,10,,1054,3,155,0,1981
201258,0,6,t,1,13,352,10,,1054,3,89,0,1981
201259,0,7,f,0,,352,10,,1054,3,142,0,1981
201260,0,7,f,0,,352,10,,1054,3,119,0,1981
201261,0,8,f,0,,352,10,,1054,3,161,0,1981
201262,0,1,t,72,1,353,11,,1057,3,141,3,1981
201263,0,1,t,47,2,353,11,,1057,3,83,3,1981
201264,0,1,t,34,3,353,11,,1057,3,146,1,1981
201265,0,1,t,30,4,353,11,,1057,3,152,1,1981
201266,0,1,t,28,5,353,11,,1057,3,6,2,1981
201267,0,1,t,22,6,353,11,,1057,3,117,1,1981
201268,0,3,t,13,7,353,11,,1057,3,58,0,1981
201269,0,2,t,10,8,353,11,,1057,3,157,0,1981
201270,0,4,t,10,9,353,11,,1057,3,123,0,1981
201271,0,4,t,4,10,353,11,,1057,3,132,0,1981
201272,0,4,t,3,11,353,11,,1057,3,1,0,1981
201273,0,6,t,1,12,353,11,,1057,3,155,0,1981
201274,0,6,t,1,13,353,11,,1057,3,89,0,1981
201275,0,7,f,0,,353,11,,1057,3,142,0,1981
201276,0,7,f,0,,353,11,,1057,3,119,0,1981
201277,0,8,f,0,,353,11,,1057,3,161,0,1981
201278,0,1,t,76,1,354,12,,1060,3,141,3,1981
201279,0,1,t,56,2,354,12,,1060,3,83,3,1981
201280,0,1,t,39,3,354,12,,1060,3,152,2,1981
201281,0,1,t,34,4,354,12,,1060,3,146,1,1981
201282,0,1,t,28,5,354,12,,1060,3,6,2,1981
201283,0,1,t,22,6,354,12,,1060,3,117,1,1981
201284,0,3,t,15,7,354,12,,1060,3,58,0,1981
201285,0,2,t,10,8,354,12,,1060,3,157,0,1981
201286,0,4,t,10,9,354,12,,1060,3,123,0,1981
201287,0,4,t,5,10,354,12,,1060,3,132,0,1981
201288,0,4,t,3,11,354,12,,1060,3,1,0,1981
201289,0,6,t,1,12,354,12,,1060,3,155,0,1981
201290,0,6,t,1,13,354,12,,1060,3,89,0,1981
201291,0,7,f,0,,354,12,,1060,3,142,0,1981
201292,0,7,f,0,,354,12,,1060,3,119,0,1981
201293,0,8,f,0,,354,12,,1060,3,161,0,1981
201294,0,1,t,86,1,355,13,,1063,3,141,3,1981
201295,0,1,t,57,2,355,13,,1063,3,83,3,1981
201296,0,1,t,48,3,355,13,,1063,3,152,3,1981
201297,0,1,t,34,4,355,13,,1063,3,146,1,1981
201298,0,1,t,30,5,355,13,,1063,3,6,2,1981
201299,0,1,t,22,6,355,13,,1063,3,117,1,1981
201300,0,3,t,18,7,355,13,,1063,3,58,0,1981
201301,0,2,t,10,8,355,13,,1063,3,157,0,1981
201302,0,4,t,10,9,355,13,,1063,3,123,0,1981
201303,0,4,t,5,10,355,13,,1063,3,132,0,1981
201304,0,4,t,3,11,355,13,,1063,3,1,0,1981
201305,0,6,t,1,12,355,13,,1063,3,155,0,1981
201306,0,6,t,1,13,355,13,,1063,3,89,0,1981
201307,0,7,f,0,,355,13,,1063,3,142,0,1981
201308,0,7,f,0,,355,13,,1063,3,119,0,1981
201309,0,8,f,0,,355,13,,1063,3,161,0,1981
201310,0,10,f,0,,355,13,,1063,3,162,0,1981
201311,0,1,t,86,1,356,14,,1066,3,141,3,1981
201312,0,1,t,59,2,356,14,,1066,3,83,3,1981
201313,0,1,t,48,3,356,14,,1066,3,152,3,1981
201314,0,1,t,43,4,356,14,,1066,3,146,2,1981
201315,0,1,t,34,5,356,14,,1066,3,6,2,1981
201316,0,1,t,28,6,356,14,,1066,3,117,1,1981
201317,0,3,t,19,7,356,14,,1066,3,58,0,1981
201318,0,2,t,10,8,356,14,,1066,3,157,0,1981
201319,0,4,t,10,9,356,14,,1066,3,123,0,1981
201320,0,4,t,6,10,356,14,,1066,3,1,0,1981
201321,0,4,t,5,11,356,14,,1066,3,132,0,1981
201322,0,6,t,1,12,356,14,,1066,3,155,0,1981
201323,0,6,t,1,13,356,14,,1066,3,89,0,1981
201324,0,7,f,0,,356,14,,1066,3,119,0,1981
201325,0,7,f,0,,356,14,,1066,3,142,0,1981
201326,0,8,f,0,,356,14,,1066,3,161,0,1981
201327,0,10,f,0,,356,14,,1066,3,162,0,1981
201328,0,1,t,95,1,357,15,32,1069,3,141,4,1981
201329,0,1,t,61,2,357,15,32,1069,3,83,3,1981
201330,0,1,t,54,3,357,15,32,1069,3,152,3,1981
201331,0,1,t,44,4,357,15,32,1069,3,146,2,1981
201332,0,1,t,34,5,357,15,32,1069,3,6,2,1981
201333,0,1,t,28,6,357,15,32,1069,3,117,1,1981
201334,0,3,t,22,7,357,15,32,1069,3,58,0,1981
201335,0,2,t,10,8,357,15,32,1069,3,157,0,1981
201336,0,3,t,10,9,357,15,32,1069,3,1,0,1981
201337,0,4,t,10,10,357,15,32,1069,3,123,0,1981
201338,0,4,t,5,11,357,15,32,1069,3,132,0,1981
201339,0,6,t,1,12,357,15,32,1069,3,155,0,1981
201340,0,6,t,1,13,357,15,32,1069,3,89,0,1981
201341,0,7,f,0,,357,15,32,1069,3,119,0,1981
201342,0,7,f,0,,357,15,32,1069,3,142,0,1981
201343,0,8,f,0,,357,15,32,1069,3,161,0,1981
201344,0,10,f,0,,357,15,32,1069,3,162,0,1981
201345,0,1,t,13,1,358,1,,1072,3,152,1,1982
201346,0,2,t,8,2,358,1,,1072,3,141,0,1982
201347,0,4,t,4,3,358,1,,1072,3,117,0,1982
201348,0,7,f,0,,358,1,,1072,3,123,0,1982
201349,0,8,f,0,,358,1,,1072,3,58,0,1982
201350,0,9,f,0,,358,1,,1072,3,89,0,1982
201351,0,11,f,0,,358,1,,1072,3,1,0,1982
201352,0,12,f,0,,358,1,,1072,3,119,0,1982
201353,0,14,f,0,,358,1,,1072,3,155,0,1982
201354,0,17,f,0,,358,1,,1072,3,142,0,1982
201355,0,18,f,0,,358,1,,1072,3,6,0,1982
201356,0,,f,0,,358,1,,1072,3,146,0,1982
201357,0,,f,0,,358,1,,1072,3,162,0,1982
201358,0,,f,0,,358,1,,1072,3,83,0,1982
201359,0,,f,0,,358,1,,1072,3,161,0,1982
201360,0,1,t,22,1,359,2,,1075,3,152,2,1982
201361,0,2,t,10,2,359,2,,1075,3,117,0,1982
201362,0,2,t,8,3,359,2,,1075,3,141,0,1982
201363,0,3,t,4,4,359,2,,1075,3,58,0,1982
201364,0,4,t,3,5,359,2,,1075,3,123,0,1982
201365,0,5,t,2,6,359,2,,1075,3,89,0,1982
201366,0,6,t,1,7,359,2,,1075,3,6,0,1982
201367,0,8,f,0,,359,2,,1075,3,119,0,1982
201368,0,9,f,0,,359,2,,1075,3,161,0,1982
201369,0,10,f,0,,359,2,,1075,3,157,0,1982
201370,0,11,f,0,,359,2,,1075,3,1,0,1982
201371,0,14,f,0,,359,2,,1075,3,155,0,1982
201372,0,17,f,0,,359,2,,1075,3,142,0,1982
201373,0,,f,0,,359,2,,1075,3,83,0,1982
201374,0,,f,0,,359,2,,1075,3,146,0,1982
201375,0,,f,0,,359,2,,1075,3,162,0,1982
201376,0,1,t,22,1,360,3,,1078,3,152,2,1982
201377,0,1,t,20,2,360,3,,1078,3,117,1,1982
201378,0,2,t,14,3,360,3,,1078,3,141,0,1982
201379,0,3,t,6,4,360,3,,1078,3,58,0,1982
201380,0,4,t,6,5,360,3,,1078,3,123,0,1982
201381,0,3,t,4,6,360,3,,1078,3,83,0,1982
201382,0,5,t,2,7,360,3,,1078,3,89,0,1982
201383,0,6,t,1,8,360,3,,1078,3,6,0,1982
201384,0,8,f,0,,360,3,,1078,3,119,0,1982
201385,0,9,f,0,,360,3,,1078,3,161,0,1982
201386,0,10,f,0,,360,3,,1078,3,157,0,1982
201387,0,11,f,0,,360,3,,1078,3,1,0,1982
201388,0,14,f,0,,360,3,,1078,3,155,0,1982
201389,0,17,f,0,,360,3,,1078,3,142,0,1982
201390,0,,f,0,,360,3,,1078,3,146,0,1982
201391,0,,f,0,,360,3,,1078,3,132,0,1982
201392,0,,f,0,,360,3,,1078,3,162,0,1982
201393,0,1,t,22,1,361,4,,1081,3,152,2,1982
201394,0,1,t,20,2,361,4,,1081,3,117,1,1982
201395,0,1,t,16,3,361,4,,1081,3,6,1,1982
201396,0,2,t,14,4,361,4,,1081,3,141,0,1982
201397,0,3,t,10,5,361,4,,1081,3,123,0,1982
201398,0,3,t,6,6,361,4,,1081,3,58,0,1982
201399,0,3,t,4,7,361,4,,1081,3,83,0,1982
201400,0,5,t,4,8,361,4,,1081,3,89,0,1982
201401,0,4,t,3,9,361,4,,1081,3,161,0,1982
201402,0,8,f,0,,361,4,,1081,3,119,0,1982
201403,0,10,f,0,,361,4,,1081,3,157,0,1982
201404,0,11,f,0,,361,4,,1081,3,1,0,1982
201405,0,14,f,0,,361,4,,1081,3,155,0,1982
201406,0,17,f,0,,361,4,,1081,3,142,0,1982
201407,0,,f,0,,361,4,,1081,3,162,0,1982
201408,0,,f,0,,361,4,,1081,3,146,0,1982
201409,0,,f,0,,361,4,,1081,3,132,0,1982
201410,0,1,t,29,1,362,5,,1084,3,117,2,1982
201411,0,1,t,22,2,362,5,,1084,3,152,2,1982
201412,0,2,t,20,3,362,5,,1084,3,141,0,1982
201413,0,1,t,16,4,362,5,,1084,3,6,1,1982
201414,0,3,t,10,5,362,5,,1084,3,123,0,1982
201415,0,3,t,9,6,362,5,,1084,3,58,0,1982
201416,0,3,t,6,7,362,5,,1084,3,83,0,1982
201417,0,3,t,4,8,362,5,,1084,3,146,0,1982
201418,0,5,t,4,9,362,5,,1084,3,89,0,1982
201419,0,4,t,3,10,362,5,,1084,3,161,0,1982
201420,0,6,t,1,11,362,5,,1084,3,142,0,1982
201421,0,7,f,0,,362,5,,1084,3,157,0,1982
201422,0,8,f,0,,362,5,,1084,3,119,0,1982
201423,0,11,f,0,,362,5,,1084,3,1,0,1982
201424,0,14,f,0,,362,5,,1084,3,155,0,1982
201425,0,,f,0,,362,5,,1084,3,162,0,1982
201426,0,,f,0,,362,5,,1084,3,132,0,1982
201427,0,1,t,29,1,363,6,,1087,3,117,2,1982
201428,0,1,t,22,2,363,6,,1087,3,152,2,1982
201429,0,1,t,22,3,363,6,,1087,3,6,1,1982
201430,0,2,t,21,4,363,6,,1087,3,141,0,1982
201431,0,1,t,15,5,363,6,,1087,3,83,1,1982
201432,0,3,t,14,6,363,6,,1087,3,58,0,1982
201433,0,3,t,10,7,363,6,,1087,3,123,0,1982
201434,0,3,t,4,8,363,6,,1087,3,146,0,1982
201435,0,3,t,4,9,363,6,,1087,3,1,0,1982
201436,0,5,t,4,10,363,6,,1087,3,89,0,1982
201437,0,4,t,3,11,363,6,,1087,3,161,0,1982
201438,0,6,t,1,12,363,6,,1087,3,142,0,1982
201439,0,7,f,0,,363,6,,1087,3,157,0,1982
201440,0,8,f,0,,363,6,,1087,3,119,0,1982
201441,0,14,f,0,,363,6,,1087,3,155,0,1982
201442,0,,f,0,,363,6,,1087,3,162,0,1982
201443,0,,f,0,,363,6,,1087,3,132,0,1982
201444,0,1,t,38,1,364,7,,1090,3,117,3,1982
201445,0,1,t,26,2,364,7,,1090,3,6,1,1982
201446,0,2,t,26,3,364,7,,1090,3,141,0,1982
201447,0,1,t,22,4,364,7,,1090,3,152,2,1982
201448,0,1,t,15,5,364,7,,1090,3,83,1,1982
201449,0,3,t,14,6,364,7,,1090,3,58,0,1982
201450,0,2,t,11,7,364,7,,1090,3,146,0,1982
201451,0,3,t,10,8,364,7,,1090,3,123,0,1982
201452,0,3,t,4,9,364,7,,1090,3,1,0,1982
201453,0,5,t,4,10,364,7,,1090,3,89,0,1982
201454,0,4,t,3,11,364,7,,1090,3,161,0,1982
201455,0,6,t,1,12,364,7,,1090,3,142,0,1982
201456,0,7,f,0,,364,7,,1090,3,119,0,1982
201457,0,7,f,0,,364,7,,1090,3,157,0,1982
201458,0,14,f,0,,364,7,,1090,3,155,0,1982
201459,0,,f,0,,364,7,,1090,3,162,0,1982
201460,0,,f,0,,364,7,,1090,3,132,0,1982
201461,0,1,t,42,1,365,8,,1093,3,117,3,1982
201462,0,1,t,30,2,365,8,,1093,3,83,2,1982
201463,0,1,t,26,3,365,8,,1093,3,6,1,1982
201464,0,2,t,26,4,365,8,,1093,3,141,0,1982
201465,0,1,t,22,5,365,8,,1093,3,152,2,1982
201466,0,3,t,17,6,365,8,,1093,3,58,0,1982
201467,0,2,t,11,7,365,8,,1093,3,146,0,1982
201468,0,3,t,10,8,365,8,,1093,3,123,0,1982
201469,0,3,t,5,9,365,8,,1093,3,1,0,1982
201470,0,5,t,4,10,365,8,,1093,3,89,0,1982
201471,0,4,t,3,11,365,8,,1093,3,161,0,1982
201472,0,5,t,2,12,365,8,,1093,3,157,0,1982
201473,0,6,t,1,13,365,8,,1093,3,142,0,1982
201474,0,7,f,0,,365,8,,1093,3,119,0,1982
201475,0,14,f,0,,365,8,,1093,3,155,0,1982
201476,0,,f,0,,365,8,,1093,3,162,0,1982
201477,0,,f,0,,365,8,,1093,3,132,0,1982
201478,0,1,t,45,1,366,9,,1096,3,117,3,1982
201479,0,1,t,36,2,366,9,,1096,3,83,2,1982
201480,0,1,t,35,3,366,9,,1096,3,6,2,1982
201481,0,2,t,32,4,366,9,,1096,3,141,0,1982
201482,0,1,t,22,5,366,9,,1096,3,152,2,1982
201483,0,3,t,17,6,366,9,,1096,3,58,0,1982
201484,0,2,t,11,7,366,9,,1096,3,146,0,1982
201485,0,3,t,10,8,366,9,,1096,3,123,0,1982
201486,0,3,t,5,9,366,9,,1096,3,1,0,1982
201487,0,5,t,4,10,366,9,,1096,3,89,0,1982
201488,0,4,t,3,11,366,9,,1096,3,161,0,1982
201489,0,5,t,3,12,366,9,,1096,3,157,0,1982
201490,0,6,t,1,13,366,9,,1096,3,142,0,1982
201491,0,7,f,0,,366,9,,1096,3,119,0,1982
201492,0,14,f,0,,366,9,,1096,3,155,0,1982
201493,0,,f,0,,366,9,,1096,3,162,0,1982
201494,0,,f,0,,366,9,,1096,3,132,0,1982
201495,0,1,t,54,1,367,10,,1099,3,117,4,1982
201496,0,1,t,45,2,367,10,,1099,3,6,2,1982
201497,0,1,t,36,3,367,10,,1099,3,83,2,1982
201498,0,2,t,34,4,367,10,,1099,3,141,0,1982
201499,0,1,t,23,5,367,10,,1099,3,152,2,1982
201500,0,3,t,20,6,367,10,,1099,3,58,0,1982
201501,0,2,t,11,7,367,10,,1099,3,146,0,1982
201502,0,3,t,10,8,367,10,,1099,3,123,0,1982
201503,0,3,t,5,9,367,10,,1099,3,1,0,1982
201504,0,5,t,4,10,367,10,,1099,3,89,0,1982
201505,0,4,t,3,11,367,10,,1099,3,161,0,1982
201506,0,5,t,3,12,367,10,,1099,3,157,0,1982
201507,0,6,t,1,13,367,10,,1099,3,142,0,1982
201508,0,7,f,0,,367,10,,1099,3,119,0,1982
201509,0,14,f,0,,367,10,,1099,3,155,0,1982
201510,0,,f,0,,367,10,,1099,3,162,0,1982
201511,0,,f,0,,367,10,,1099,3,132,0,1982
201512,0,1,t,54,1,368,11,,1102,3,117,4,1982
201513,0,1,t,52,2,368,11,,1102,3,6,2,1982
201514,0,1,t,38,3,368,11,,1102,3,152,3,1982
201515,0,1,t,36,4,368,11,,1102,3,83,2,1982
201516,0,2,t,36,5,368,11,,1102,3,141,0,1982
201517,0,3,t,20,6,368,11,,1102,3,58,0,1982
201518,0,2,t,11,7,368,11,,1102,3,146,0,1982
201519,0,3,t,11,8,368,11,,1102,3,123,0,1982
201520,0,3,t,5,9,368,11,,1102,3,1,0,1982
201521,0,5,t,4,10,368,11,,1102,3,89,0,1982
201522,0,4,t,3,11,368,11,,1102,3,161,0,1982
201523,0,5,t,3,12,368,11,,1102,3,157,0,1982
201524,0,6,t,1,13,368,11,,1102,3,142,0,1982
201525,0,7,f,0,,368,11,,1102,3,119,0,1982
201526,0,14,f,0,,368,11,,1102,3,155,0,1982
201527,0,15,f,0,,368,11,,1102,3,162,0,1982
201528,0,,f,0,,368,11,,1102,3,132,0,1982
201529,0,1,t,61,1,369,12,,1105,3,6,3,1982
201530,0,1,t,54,2,369,12,,1105,3,117,4,1982
201531,0,1,t,44,3,369,12,,1105,3,152,3,1982
201532,0,2,t,40,4,369,12,,1105,3,141,0,1982
201533,0,1,t,36,5,369,12,,1105,3,83,2,1982
201534,0,3,t,20,6,369,12,,1105,3,58,0,1982
201535,0,3,t,14,7,369,12,,1105,3,123,0,1982
201536,0,2,t,11,8,369,12,,1105,3,146,0,1982
201537,0,3,t,7,9,369,12,,1105,3,1,0,1982
201538,0,5,t,4,10,369,12,,1105,3,89,0,1982
201539,0,5,t,4,11,369,12,,1105,3,157,0,1982
201540,0,4,t,3,12,369,12,,1105,3,161,0,1982
201541,0,6,t,1,13,369,12,,1105,3,142,0,1982
201542,0,7,f,0,,369,12,,1105,3,119,0,1982
201543,0,8,f,0,,369,12,,1105,3,132,0,1982
201544,0,10,f,0,,369,12,,1105,3,162,0,1982
201545,0,14,f,0,,369,12,,1105,3,155,0,1982
201546,0,1,t,64,1,370,13,,1108,3,6,3,1982
201547,0,1,t,56,2,370,13,,1108,3,117,4,1982
201548,0,2,t,46,3,370,13,,1108,3,141,0,1982
201549,0,1,t,44,4,370,13,,1108,3,152,3,1982
201550,0,1,t,36,5,370,13,,1108,3,83,2,1982
201551,0,1,t,29,6,370,13,,1108,3,58,1,1982
201552,0,2,t,15,7,370,13,,1108,3,146,0,1982
201553,0,3,t,14,8,370,13,,1108,3,123,0,1982
201554,0,3,t,7,9,370,13,,1108,3,1,0,1982
201555,0,5,t,5,10,370,13,,1108,3,157,0,1982
201556,0,5,t,4,11,370,13,,1108,3,89,0,1982
201557,0,4,t,3,12,370,13,,1108,3,161,0,1982
201558,0,6,t,1,13,370,13,,1108,3,142,0,1982
201559,0,7,f,0,,370,13,,1108,3,119,0,1982
201560,0,8,f,0,,370,13,,1108,3,132,0,1982
201561,0,10,f,0,,370,13,,1108,3,162,0,1982
201562,0,14,f,0,,370,13,,1108,3,155,0,1982
201563,0,1,t,64,1,371,14,,1111,3,6,3,1982
201564,0,1,t,60,2,371,14,,1111,3,117,4,1982
201565,0,1,t,55,3,371,14,,1111,3,141,1,1982
201566,0,1,t,50,4,371,14,,1111,3,152,3,1982
201567,0,1,t,41,5,371,14,,1111,3,83,2,1982
201568,0,1,t,30,6,371,14,,1111,3,58,1,1982
201569,0,2,t,15,7,371,14,,1111,3,146,0,1982
201570,0,3,t,14,8,371,14,,1111,3,123,0,1982
201571,0,3,t,7,9,371,14,,1111,3,1,0,1982
201572,0,5,t,5,10,371,14,,1111,3,157,0,1982
201573,0,5,t,4,11,371,14,,1111,3,89,0,1982
201574,0,4,t,3,12,371,14,,1111,3,161,0,1982
201575,0,6,t,1,13,371,14,,1111,3,142,0,1982
201576,0,7,f,0,,371,14,,1111,3,119,0,1982
201577,0,8,f,0,,371,14,,1111,3,132,0,1982
201578,0,10,f,0,,371,14,,1111,3,162,0,1982
201579,0,14,f,0,,371,14,,1111,3,155,0,1982
201580,0,1,t,74,1,372,15,,1114,3,6,3,1982
201581,0,1,t,63,2,372,15,,1114,3,117,4,1982
201582,0,1,t,59,3,372,15,,1114,3,152,4,1982
201583,0,1,t,55,4,372,15,,1114,3,141,1,1982
201584,0,1,t,41,5,372,15,,1114,3,83,2,1982
201585,0,1,t,30,6,372,15,,1114,3,58,1,1982
201586,0,2,t,16,7,372,15,,1114,3,146,0,1982
201587,0,3,t,16,8,372,15,,1114,3,123,0,1982
201588,0,3,t,7,9,372,15,,1114,3,1,0,1982
201589,0,5,t,5,10,372,15,,1114,3,157,0,1982
201590,0,5,t,4,11,372,15,,1114,3,89,0,1982
201591,0,4,t,3,12,372,15,,1114,3,161,0,1982
201592,0,6,t,1,13,372,15,,1114,3,142,0,1982
201593,0,7,f,0,,372,15,,1114,3,119,0,1982
201594,0,8,f,0,,372,15,,1114,3,132,0,1982
201595,0,10,f,0,,372,15,,1114,3,162,0,1982
201596,0,14,f,0,,372,15,,1114,3,155,0,1982
201597,0,1,t,74,1,373,16,33,1117,3,6,3,1982
201598,0,1,t,69,2,373,16,33,1117,3,117,4,1982
201599,0,1,t,62,3,373,16,33,1117,3,152,4,1982
201600,0,1,t,58,4,373,16,33,1117,3,141,1,1982
201601,0,1,t,41,5,373,16,33,1117,3,83,2,1982
201602,0,1,t,30,6,373,16,33,1117,3,58,1,1982
201603,0,1,t,25,7,373,16,33,1117,3,123,1,1982
201604,0,2,t,20,8,373,16,33,1117,3,146,0,1982
201605,0,3,t,7,9,373,16,33,1117,3,1,0,1982
201606,0,5,t,5,10,373,16,33,1117,3,157,0,1982
201607,0,5,t,4,11,373,16,33,1117,3,89,0,1982
201608,0,4,t,3,12,373,16,33,1117,3,161,0,1982
201609,0,6,t,1,13,373,16,33,1117,3,142,0,1982
201610,0,7,f,0,,373,16,33,1117,3,119,0,1982
201611,0,8,f,0,,373,16,33,1117,3,132,0,1982
201612,0,10,f,0,,373,16,33,1117,3,162,0,1982
201613,0,14,f,0,,373,16,33,1117,3,155,0,1982
201614,0,1,t,9,1,374,1,,1120,3,83,1,1983
201615,0,2,t,4,2,374,1,,1120,3,117,0,1983
201616,0,3,t,3,3,374,1,,1120,3,141,0,1983
201617,0,4,t,2,4,374,1,,1120,3,6,0,1983
201618,0,5,t,1,5,374,1,,1120,3,157,0,1983
201619,0,6,f,0,,374,1,,1120,3,152,0,1983
201620,0,7,f,0,,374,1,,1120,3,162,0,1983
201621,0,10,f,0,,374,1,,1120,3,123,0,1983
201622,0,11,f,0,,374,1,,1120,3,58,0,1983
201623,0,12,f,0,,374,1,,1120,3,155,0,1983
201624,0,13,f,0,,374,1,,1120,3,163,0,1983
201625,0,14,f,0,,374,1,,1120,3,89,0,1983
201626,0,,f,0,,374,1,,1120,3,146,0,1983
201627,0,,f,0,,374,1,,1120,3,1,0,1983
201628,0,,f,0,,374,1,,1120,3,161,0,1983
201629,0,1,t,19,1,375,2,,1123,3,117,1,1983
201630,0,1,t,9,2,375,2,,1123,3,83,1,1983
201631,0,3,t,6,3,375,2,,1123,3,6,0,1983
201632,0,3,t,6,4,375,2,,1123,3,141,0,1983
201633,0,5,t,3,5,375,2,,1123,3,157,0,1983
201634,0,6,t,1,6,375,2,,1123,3,155,0,1983
201635,0,6,f,0,,375,2,,1123,3,152,0,1983
201636,0,7,f,0,,375,2,,1123,3,146,0,1983
201637,0,7,f,0,,375,2,,1123,3,162,0,1983
201638,0,8,f,0,,375,2,,1123,3,123,0,1983
201639,0,11,f,0,,375,2,,1123,3,58,0,1983
201640,0,13,f,0,,375,2,,1123,3,163,0,1983
201641,0,14,f,0,,375,2,,1123,3,89,0,1983
201642,0,,f,0,,375,2,,1123,3,1,0,1983
201643,0,,f,0,,375,2,,1123,3,161,0,1983
201644,0,1,t,19,1,376,3,,1126,3,117,1,1983
201645,0,1,t,15,2,376,3,,1126,3,83,1,1983
201646,0,1,t,13,3,376,3,,1126,3,152,1,1983
201647,0,3,t,9,4,376,3,,1126,3,6,0,1983
201648,0,3,t,9,5,376,3,,1126,3,141,0,1983
201649,0,5,t,3,6,376,3,,1126,3,157,0,1983
201650,0,6,t,1,7,376,3,,1126,3,155,0,1983
201651,0,7,f,0,,376,3,,1126,3,146,0,1983
201652,0,7,f,0,,376,3,,1126,3,162,0,1983
201653,0,8,f,0,,376,3,,1126,3,123,0,1983
201654,0,11,f,0,,376,3,,1126,3,58,0,1983
201655,0,12,f,0,,376,3,,1126,3,1,0,1983
201656,0,13,f,0,,376,3,,1126,3,163,0,1983
201657,0,14,f,0,,376,3,,1126,3,89,0,1983
201658,0,,f,0,,376,3,,1126,3,161,0,1983
201659,0,1,t,22,1,377,4,,1129,3,6,1,1983
201660,0,1,t,21,2,377,4,,1129,3,117,1,1983
201661,0,1,t,19,3,377,4,,1129,3,152,1,1983
201662,0,1,t,15,4,377,4,,1129,3,83,1,1983
201663,0,3,t,12,5,377,4,,1129,3,141,0,1983
201664,0,5,t,4,6,377,4,,1129,3,157,0,1983
201665,0,6,t,1,7,377,4,,1129,3,155,0,1983
201666,0,7,f,0,,377,4,,1129,3,146,0,1983
201667,0,7,f,0,,377,4,,1129,3,162,0,1983
201668,0,8,f,0,,377,4,,1129,3,123,0,1983
201669,0,10,f,0,,377,4,,1129,3,1,0,1983
201670,0,11,f,0,,377,4,,1129,3,58,0,1983
201671,0,11,f,0,,377,4,,1129,3,89,0,1983
201672,0,13,f,0,,377,4,,1129,3,163,0,1983
201673,0,,f,0,,377,4,,1129,3,161,0,1983
201674,0,1,t,25,1,378,5,,1132,3,6,1,1983
201675,0,1,t,23,2,378,5,,1132,3,152,1,1983
201676,0,1,t,21,3,378,5,,1132,3,117,1,1983
201677,0,1,t,21,4,378,5,,1132,3,83,1,1983
201678,0,1,t,21,5,378,5,,1132,3,141,1,1983
201679,0,5,t,4,6,378,5,,1132,3,157,0,1983
201680,0,5,t,2,7,378,5,,1132,3,123,0,1983
201681,0,6,t,1,8,378,5,,1132,3,1,0,1983
201682,0,6,t,1,9,378,5,,1132,3,155,0,1983
201683,0,7,f,0,,378,5,,1132,3,146,0,1983
201684,0,7,f,0,,378,5,,1132,3,162,0,1983
201685,0,11,f,0,,378,5,,1132,3,58,0,1983
201686,0,11,f,0,,378,5,,1132,3,89,0,1983
201687,0,13,f,0,,378,5,,1132,3,163,0,1983
201688,0,,f,0,,378,5,,1132,3,161,0,1983
201689,0,1,t,36,1,379,6,,1135,3,152,2,1983
201690,0,1,t,31,2,379,6,,1135,3,6,1,1983
201691,0,1,t,24,3,379,6,,1135,3,83,1,1983
201692,0,1,t,24,4,379,6,,1135,3,141,1,1983
201693,0,1,t,21,5,379,6,,1135,3,117,1,1983
201694,0,5,t,4,6,379,6,,1135,3,157,0,1983
201695,0,5,t,2,7,379,6,,1135,3,123,0,1983
201696,0,6,t,1,8,379,6,,1135,3,155,0,1983
201697,0,6,t,1,9,379,6,,1135,3,1,0,1983
201698,0,7,f,0,,379,6,,1135,3,162,0,1983
201699,0,7,f,0,,379,6,,1135,3,146,0,1983
201700,0,9,f,0,,379,6,,1135,3,58,0,1983
201701,0,11,f,0,,379,6,,1135,3,89,0,1983
201702,0,13,f,0,,379,6,,1135,3,163,0,1983
201703,0,,f,0,,379,6,,1135,3,161,0,1983
201704,0,1,t,36,1,380,7,,1138,3,152,2,1983
201705,0,1,t,32,2,380,7,,1138,3,141,1,1983
201706,0,1,t,31,3,380,7,,1138,3,6,1,1983
201707,0,1,t,27,4,380,7,,1138,3,83,1,1983
201708,0,1,t,25,5,380,7,,1138,3,117,1,1983
201709,0,1,t,11,6,380,7,,1138,3,123,1,1983
201710,0,5,t,4,7,380,7,,1138,3,157,0,1983
201711,0,6,t,1,8,380,7,,1138,3,58,0,1983
201712,0,6,t,1,9,380,7,,1138,3,155,0,1983
201713,0,6,t,1,10,380,7,,1138,3,1,0,1983
201714,0,7,f,0,,380,7,,1138,3,162,0,1983
201715,0,7,f,0,,380,7,,1138,3,146,0,1983
201716,0,11,f,0,,380,7,,1138,3,89,0,1983
201717,0,13,f,0,,380,7,,1138,3,163,0,1983
201718,0,,f,0,,380,7,,1138,3,161,0,1983
201719,0,1,t,44,1,381,8,,1141,3,152,2,1983
201720,0,1,t,44,2,381,8,,1141,3,6,2,1983
201721,0,1,t,35,3,381,8,,1141,3,141,1,1983
201722,0,1,t,27,4,381,8,,1141,3,83,1,1983
201723,0,1,t,26,5,381,8,,1141,3,117,1,1983
201724,0,1,t,11,6,381,8,,1141,3,123,1,1983
201725,0,5,t,4,7,381,8,,1141,3,157,0,1983
201726,0,6,t,1,8,381,8,,1141,3,58,0,1983
201727,0,6,t,1,9,381,8,,1141,3,1,0,1983
201728,0,6,t,1,10,381,8,,1141,3,155,0,1983
201729,0,7,f,0,,381,8,,1141,3,162,0,1983
201730,0,7,f,0,,381,8,,1141,3,146,0,1983
201731,0,9,f,0,,381,8,,1141,3,89,0,1983
201732,0,13,f,0,,381,8,,1141,3,163,0,1983
201733,0,,f,0,,381,8,,1141,3,161,0,1983
201734,0,1,t,53,1,382,9,,1144,3,152,3,1983
201735,0,1,t,50,2,382,9,,1144,3,6,2,1983
201736,0,1,t,35,3,382,9,,1144,3,141,1,1983
201737,0,1,t,33,4,382,9,,1144,3,83,1,1983
201738,0,1,t,27,5,382,9,,1144,3,117,1,1983
201739,0,1,t,11,6,382,9,,1144,3,123,1,1983
201740,0,4,t,4,7,382,9,,1144,3,58,0,1983
201741,0,5,t,4,8,382,9,,1144,3,157,0,1983
201742,0,6,t,1,9,382,9,,1144,3,1,0,1983
201743,0,6,t,1,10,382,9,,1144,3,155,0,1983
201744,0,7,f,0,,382,9,,1144,3,162,0,1983
201745,0,7,f,0,,382,9,,1144,3,146,0,1983
201746,0,9,f,0,,382,9,,1144,3,89,0,1983
201747,0,13,f,0,,382,9,,1144,3,163,0,1983
201748,0,,f,0,,382,9,,1144,3,161,0,1983
201749,0,,f,0,,382,9,,1144,3,164,0,1983
201750,0,1,t,59,1,383,10,,1147,3,6,3,1983
201751,0,1,t,56,2,383,10,,1147,3,152,3,1983
201752,0,1,t,37,3,383,10,,1147,3,83,1,1983
201753,0,1,t,36,4,383,10,,1147,3,141,1,1983
201754,0,1,t,29,5,383,10,,1147,3,117,1,1983
201755,0,1,t,11,6,383,10,,1147,3,123,1,1983
201756,0,2,t,7,7,383,10,,1147,3,1,0,1983
201757,0,4,t,4,8,383,10,,1147,3,58,0,1983
201758,0,5,t,4,9,383,10,,1147,3,157,0,1983
201759,0,6,t,1,10,383,10,,1147,3,155,0,1983
201760,0,7,f,0,,383,10,,1147,3,162,0,1983
201761,0,7,f,0,,383,10,,1147,3,146,0,1983
201762,0,9,f,0,,383,10,,1147,3,89,0,1983
201763,0,13,f,0,,383,10,,1147,3,163,0,1983
201764,0,,f,0,,383,10,,1147,3,161,0,1983
201765,0,,f,0,,383,10,,1147,3,164,0,1983
201766,0,1,t,68,1,384,11,,1150,3,152,4,1983
201767,0,1,t,65,2,384,11,,1150,3,6,3,1983
201768,0,1,t,41,3,384,11,,1150,3,83,1,1983
201769,0,1,t,36,4,384,11,,1150,3,141,1,1983
201770,0,1,t,30,5,384,11,,1150,3,117,1,1983
201771,0,1,t,11,6,384,11,,1150,3,123,1,1983
201772,0,2,t,7,7,384,11,,1150,3,1,0,1983
201773,0,4,t,6,8,384,11,,1150,3,58,0,1983
201774,0,5,t,4,9,384,11,,1150,3,157,0,1983
201775,0,6,t,1,10,384,11,,1150,3,155,0,1983
201776,0,7,f,0,,384,11,,1150,3,146,0,1983
201777,0,7,f,0,,384,11,,1150,3,162,0,1983
201778,0,9,f,0,,384,11,,1150,3,89,0,1983
201779,0,10,f,0,,384,11,,1150,3,161,0,1983
201780,0,12,f,0,,384,11,,1150,3,164,0,1983
201781,0,13,f,0,,384,11,,1150,3,163,0,1983
201782,0,1,t,80,1,385,12,,1153,3,6,4,1983
201783,0,1,t,68,2,385,12,,1153,3,152,4,1983
201784,0,1,t,41,3,385,12,,1153,3,83,1,1983
201785,0,1,t,36,4,385,12,,1153,3,141,1,1983
201786,0,1,t,34,5,385,12,,1153,3,117,1,1983
201787,0,1,t,12,6,385,12,,1153,3,123,1,1983
201788,0,2,t,9,7,385,12,,1153,3,1,0,1983
201789,0,4,t,6,8,385,12,,1153,3,58,0,1983
201790,0,5,t,4,9,385,12,,1153,3,157,0,1983
201791,0,4,t,3,10,385,12,,1153,3,162,0,1983
201792,0,6,t,1,11,385,12,,1153,3,155,0,1983
201793,0,7,f,0,,385,12,,1153,3,146,0,1983
201794,0,7,f,0,,385,12,,1153,3,164,0,1983
201795,0,9,f,0,,385,12,,1153,3,89,0,1983
201796,0,10,f,0,,385,12,,1153,3,161,0,1983
201797,0,13,f,0,,385,12,,1153,3,163,0,1983
201798,0,1,t,89,1,386,13,,1156,3,6,4,1983
201799,0,1,t,72,2,386,13,,1156,3,152,4,1983
201800,0,1,t,50,3,386,13,,1156,3,83,2,1983
201801,0,1,t,36,4,386,13,,1156,3,141,1,1983
201802,0,1,t,34,5,386,13,,1156,3,117,1,1983
201803,0,1,t,12,6,386,13,,1156,3,123,1,1983
201804,0,2,t,9,7,386,13,,1156,3,1,0,1983
201805,0,4,t,8,8,386,13,,1156,3,58,0,1983
201806,0,4,t,4,9,386,13,,1156,3,162,0,1983
201807,0,5,t,4,10,386,13,,1156,3,157,0,1983
201808,0,6,t,1,11,386,13,,1156,3,155,0,1983
201809,0,7,f,0,,386,13,,1156,3,146,0,1983
201810,0,7,f,0,,386,13,,1156,3,164,0,1983
201811,0,9,f,0,,386,13,,1156,3,89,0,1983
201812,0,10,f,0,,386,13,,1156,3,161,0,1983
201813,0,13,f,0,,386,13,,1156,3,163,0,1983
201814,0,1,t,89,1,387,14,,1159,3,6,4,1983
201815,0,1,t,78,2,387,14,,1159,3,152,4,1983
201816,0,1,t,59,3,387,14,,1159,3,83,3,1983
201817,0,1,t,36,4,387,14,,1159,3,141,1,1983
201818,0,1,t,34,5,387,14,,1159,3,117,1,1983
201819,0,1,t,12,6,387,14,,1159,3,123,1,1983
201820,0,2,t,12,7,387,14,,1159,3,1,0,1983
201821,0,3,t,12,8,387,14,,1159,3,58,0,1983
201822,0,4,t,7,9,387,14,,1159,3,162,0,1983
201823,0,5,t,4,10,387,14,,1159,3,157,0,1983
201824,0,6,t,1,11,387,14,,1159,3,155,0,1983
201825,0,7,f,0,,387,14,,1159,3,146,0,1983
201826,0,7,f,0,,387,14,,1159,3,164,0,1983
201827,0,8,f,0,,387,14,,1159,3,89,0,1983
201828,0,10,f,0,,387,14,,1159,3,161,0,1983
201829,0,13,f,0,,387,14,,1159,3,163,0,1983
201830,0,1,t,89,1,388,15,34,1162,3,6,4,1983
201831,0,1,t,79,2,388,15,34,1162,3,152,4,1983
201832,0,1,t,72,3,388,15,34,1162,3,83,4,1983
201833,0,1,t,38,4,388,15,34,1162,3,141,1,1983
201834,0,1,t,34,5,388,15,34,1162,3,117,1,1983
201835,0,2,t,18,6,388,15,34,1162,3,1,0,1983
201836,0,1,t,12,7,388,15,34,1162,3,123,1,1983
201837,0,3,t,12,8,388,15,34,1162,3,58,0,1983
201838,0,4,t,10,9,388,15,34,1162,3,162,0,1983
201839,0,5,t,4,10,388,15,34,1162,3,157,0,1983
201840,0,6,t,1,11,388,15,34,1162,3,155,0,1983
201841,0,7,f,0,,388,15,34,1162,3,146,0,1983
201842,0,7,f,0,,388,15,34,1162,3,164,0,1983
201843,0,8,f,0,,388,15,34,1162,3,89,0,1983
201844,0,10,f,0,,388,15,34,1162,3,161,0,1983
201845,0,12,f,0,,388,15,34,1162,3,163,0,1983
201846,0,1,t,9,1,389,1,,1165,3,117,1,1984
201847,0,2,t,6,2,389,1,,1165,3,141,0,1984
201848,0,3,t,4,3,389,1,,1165,3,58,0,1984
201849,0,4,t,3,4,389,1,,1165,3,1,0,1984
201850,0,5,t,2,5,389,1,,1165,3,152,0,1984
201851,0,6,t,1,6,389,1,,1165,3,157,0,1984
201852,0,8,f,0,,389,1,,1165,3,163,0,1984
201853,0,,f,0,,389,1,,1165,3,123,0,1984
201854,0,,f,0,,389,1,,1165,3,146,0,1984
201855,0,,f,0,,389,1,,1165,3,83,0,1984
201856,0,,f,0,,389,1,,1165,3,6,0,1984
201857,0,,f,0,,389,1,,1165,3,161,0,1984
201858,0,,f,0,,389,1,,1165,3,162,0,1984
201859,0,,f,0,,389,1,,1165,3,164,0,1984
201860,0,,f,0,,389,1,,1165,3,89,0,1984
201861,0,1,t,24,1,390,2,,1168,3,117,2,1984
201862,0,2,t,6,2,390,2,,1168,3,141,0,1984
201863,0,3,t,6,3,390,2,,1168,3,152,0,1984
201864,0,4,t,6,4,390,2,,1168,3,1,0,1984
201865,0,3,t,4,5,390,2,,1168,3,58,0,1984
201866,0,5,t,2,6,390,2,,1168,3,146,0,1984
201867,0,6,t,1,7,390,2,,1168,3,157,0,1984
201868,0,6,t,1,8,390,2,,1168,3,162,0,1984
201869,0,8,f,0,,390,2,,1168,3,163,0,1984
201870,0,8,f,0,,390,2,,1168,3,164,0,1984
201871,0,11,f,0,,390,2,,1168,3,6,0,1984
201872,0,,f,0,,390,2,,1168,3,123,0,1984
201873,0,,f,0,,390,2,,1168,3,83,0,1984
201874,0,,f,0,,390,2,,1168,3,89,0,1984
201875,0,,f,0,,390,2,,1168,3,161,0,1984
201876,0,1,t,24,1,391,3,,1171,3,117,2,1984
201877,0,1,t,13,2,391,3,,1171,3,6,1,1984
201878,0,2,t,12,3,391,3,,1171,3,152,0,1984
201879,0,2,t,9,4,391,3,,1171,3,141,0,1984
201880,0,3,t,6,5,391,3,,1171,3,58,0,1984
201881,0,4,t,6,6,391,3,,1171,3,1,0,1984
201882,0,5,t,2,7,391,3,,1171,3,146,0,1984
201883,0,6,t,2,8,391,3,,1171,3,162,0,1984
201884,0,6,t,1,9,391,3,,1171,3,157,0,1984
201885,0,8,f,0,,391,3,,1171,3,163,0,1984
201886,0,8,f,0,,391,3,,1171,3,164,0,1984
201887,0,9,f,0,,391,3,,1171,3,83,0,1984
201888,0,,f,0,,391,3,,1171,3,123,0,1984
201889,0,,f,0,,391,3,,1171,3,89,0,1984
201890,0,,f,0,,391,3,,1171,3,161,0,1984
201891,0,1,t,33,1,392,4,,1174,3,117,3,1984
201892,0,1,t,19,2,392,4,,1174,3,6,1,1984
201893,0,2,t,15,3,392,4,,1174,3,152,0,1984
201894,0,3,t,10,4,392,4,,1174,3,58,0,1984
201895,0,2,t,9,5,392,4,,1174,3,141,0,1984
201896,0,4,t,6,6,392,4,,1174,3,1,0,1984
201897,0,5,t,3,7,392,4,,1174,3,157,0,1984
201898,0,5,t,3,8,392,4,,1174,3,146,0,1984
201899,0,6,t,2,9,392,4,,1174,3,162,0,1984
201900,0,8,f,0,,392,4,,1174,3,164,0,1984
201901,0,8,f,0,,392,4,,1174,3,163,0,1984
201902,0,9,f,0,,392,4,,1174,3,83,0,1984
201903,0,,f,0,,392,4,,1174,3,123,0,1984
201904,0,,f,0,,392,4,,1174,3,89,0,1984
201905,0,,f,0,,392,4,,1174,3,161,0,1984
201906,0,1,t,42,1,393,5,,1177,3,117,4,1984
201907,0,1,t,22,2,393,5,,1177,3,6,1,1984
201908,0,2,t,21,3,393,5,,1177,3,152,0,1984
201909,0,3,t,16,4,393,5,,1177,3,58,0,1984
201910,0,2,t,10,5,393,5,,1177,3,141,0,1984
201911,0,4,t,6,6,393,5,,1177,3,1,0,1984
201912,0,5,t,3,7,393,5,,1177,3,157,0,1984
201913,0,5,t,3,8,393,5,,1177,3,146,0,1984
201914,0,6,t,2,9,393,5,,1177,3,162,0,1984
201915,0,8,f,0,,393,5,,1177,3,164,0,1984
201916,0,8,f,0,,393,5,,1177,3,163,0,1984
201917,0,9,f,0,,393,5,,1177,3,83,0,1984
201918,0,12,f,0,,393,5,,1177,3,161,0,1984
201919,0,,f,0,,393,5,,1177,3,123,0,1984
201920,0,,f,0,,393,5,,1177,3,89,0,1984
201921,0,1,t,46.5,1,394,6,,1180,3,117,5,1984
201922,0,1,t,24.5,2,394,6,,1180,3,6,1,1984
201923,0,2,t,21,3,394,6,,1180,3,152,0,1984
201924,0,3,t,17,4,394,6,,1180,3,58,0,1984
201925,0,2,t,11.5,5,394,6,,1180,3,141,0,1984
201926,0,4,t,6,6,394,6,,1180,3,1,0,1984
201927,0,2,t,5,7,394,6,,1180,3,162,0,1984
201928,0,5,t,3,8,394,6,,1180,3,157,0,1984
201929,0,5,t,3,9,394,6,,1180,3,146,0,1984
201930,0,7,f,0,,394,6,,1180,3,161,0,1984
201931,0,8,f,0,,394,6,,1180,3,164,0,1984
201932,0,8,f,0,,394,6,,1180,3,163,0,1984
201933,0,9,f,0,,394,6,,1180,3,83,0,1984
201934,0,,f,0,,394,6,,1180,3,123,0,1984
201935,0,,f,0,,394,6,,1180,3,89,0,1984
201936,0,1,t,56.5,1,395,7,,1183,3,117,5,1984
201937,0,1,t,26.5,2,395,7,,1183,3,6,1,1984
201938,0,2,t,21,3,395,7,,1183,3,152,0,1984
201939,0,3,t,21,4,395,7,,1183,3,58,0,1984
201940,0,2,t,11.5,5,395,7,,1183,3,141,0,1984
201941,0,1,t,9,6,395,7,,1183,3,83,1,1984
201942,0,4,t,6,7,395,7,,1183,3,1,0,1984
201943,0,2,t,5,8,395,7,,1183,3,162,0,1984
201944,0,5,t,3,9,395,7,,1183,3,157,0,1984
201945,0,5,t,3,10,395,7,,1183,3,146,0,1984
201946,0,7,f,0,,395,7,,1183,3,161,0,1984
201947,0,8,f,0,,395,7,,1183,3,164,0,1984
201948,0,8,f,0,,395,7,,1183,3,163,0,1984
201949,0,8,f,0,,395,7,,1183,3,89,0,1984
201950,0,,f,0,,395,7,,1183,3,123,0,1984
201951,0,1,t,59.5,1,396,8,,1186,3,117,5,1984
201952,0,2,t,27,2,396,8,,1186,3,58,0,1984
201953,0,1,t,26.5,3,396,8,,1186,3,6,1,1984
201954,0,1,t,22,4,396,8,,1186,3,83,2,1984
201955,0,2,t,21,5,396,8,,1186,3,152,0,1984
201956,0,2,t,13.5,6,396,8,,1186,3,141,0,1984
201957,0,4,t,6,7,396,8,,1186,3,1,0,1984
201958,0,2,t,5,8,396,8,,1186,3,162,0,1984
201959,0,5,t,3,9,396,8,,1186,3,157,0,1984
201960,0,5,t,3,10,396,8,,1186,3,146,0,1984
201961,0,7,f,0,,396,8,,1186,3,161,0,1984
201962,0,8,f,0,,396,8,,1186,3,164,0,1984
201963,0,8,f,0,,396,8,,1186,3,163,0,1984
201964,0,8,f,0,,396,8,,1186,3,89,0,1984
201965,0,,f,0,,396,8,,1186,3,123,0,1984
201966,0,1,t,59.5,1,397,9,,1189,3,117,5,1984
201967,0,1,t,32.5,2,397,9,,1189,3,6,1,1984
201968,0,2,t,32,3,397,9,,1189,3,58,0,1984
201969,0,1,t,25.5,4,397,9,,1189,3,141,1,1984
201970,0,1,t,22,5,397,9,,1189,3,83,2,1984
201971,0,2,t,21,6,397,9,,1189,3,152,0,1984
201972,0,4,t,6,7,397,9,,1189,3,1,0,1984
201973,0,2,t,5,8,397,9,,1189,3,162,0,1984
201974,0,5,t,3,9,397,9,,1189,3,157,0,1984
201975,0,5,t,3,10,397,9,,1189,3,146,0,1984
201976,0,5,t,2,11,397,9,,1189,3,161,0,1984
201977,0,8,f,0,,397,9,,1189,3,164,0,1984
201978,0,8,f,0,,397,9,,1189,3,89,0,1984
201979,0,8,f,0,,397,9,,1189,3,163,0,1984
201980,0,,f,0,,397,9,,1189,3,123,0,1984
201981,0,1,t,68.5,1,398,10,,1192,3,117,6,1984
201982,0,1,t,35.5,2,398,10,,1192,3,6,1,1984
201983,0,2,t,35,3,398,10,,1192,3,58,0,1984
201984,0,2,t,27,4,398,10,,1192,3,152,0,1984
201985,0,1,t,25.5,5,398,10,,1192,3,141,1,1984
201986,0,1,t,22,6,398,10,,1192,3,83,2,1984
201987,0,2,t,9,7,398,10,,1192,3,162,0,1984
201988,0,4,t,6,8,398,10,,1192,3,1,0,1984
201989,0,5,t,3,9,398,10,,1192,3,157,0,1984
201990,0,5,t,3,10,398,10,,1192,3,146,0,1984
201991,0,5,t,2,11,398,10,,1192,3,161,0,1984
201992,0,8,f,0,,398,10,,1192,3,164,0,1984
201993,0,8,f,0,,398,10,,1192,3,89,0,1984
201994,0,8,f,0,,398,10,,1192,3,163,0,1984
201995,0,,f,0,,398,10,,1192,3,123,0,1984
201996,0,1,t,83.5,1,399,11,,1195,3,117,7,1984
201997,0,2,t,38,2,399,11,,1195,3,58,0,1984
201998,0,1,t,36.5,3,399,11,,1195,3,6,1,1984
201999,0,2,t,33,4,399,11,,1195,3,152,0,1984
202000,0,1,t,25.5,5,399,11,,1195,3,141,1,1984
202001,0,1,t,22,6,399,11,,1195,3,83,2,1984
202002,0,2,t,9,7,399,11,,1195,3,162,0,1984
202003,0,4,t,6,8,399,11,,1195,3,1,0,1984
202004,0,5,t,3,9,399,11,,1195,3,157,0,1984
202005,0,5,t,3,10,399,11,,1195,3,146,0,1984
202006,0,5,t,2,11,399,11,,1195,3,161,0,1984
202007,0,8,f,0,,399,11,,1195,3,164,0,1984
202008,0,8,f,0,,399,11,,1195,3,89,0,1984
202009,0,8,f,0,,399,11,,1195,3,163,0,1984
202010,0,,f,0,,399,11,,1195,3,123,0,1984
202011,0,1,t,92.5,1,400,12,,1198,3,117,8,1984
202012,0,1,t,40.5,2,400,12,,1198,3,6,1,1984
202013,0,2,t,38,3,400,12,,1198,3,58,0,1984
202014,0,2,t,33,4,400,12,,1198,3,152,0,1984
202015,0,1,t,31,5,400,12,,1198,3,83,2,1984
202016,0,1,t,25.5,6,400,12,,1198,3,141,1,1984
202017,0,2,t,9,7,400,12,,1198,3,162,0,1984
202018,0,4,t,6,8,400,12,,1198,3,1,0,1984
202019,0,5,t,6,9,400,12,,1198,3,157,0,1984
202020,0,5,t,3,10,400,12,,1198,3,146,0,1984
202021,0,5,t,2,11,400,12,,1198,3,161,0,1984
202022,0,8,f,0,,400,12,,1198,3,164,0,1984
202023,0,8,f,0,,400,12,,1198,3,89,0,1984
202024,0,8,f,0,,400,12,,1198,3,163,0,1984
202025,0,,f,0,,400,12,,1198,3,123,0,1984
202026,0,1,t,107.5,1,401,13,,1201,3,117,9,1984
202027,0,2,t,45,2,401,13,,1201,3,58,0,1984
202028,0,1,t,40.5,3,401,13,,1201,3,6,1,1984
202029,0,2,t,34,4,401,13,,1201,3,152,0,1984
202030,0,1,t,33,5,401,13,,1201,3,83,2,1984
202031,0,1,t,25.5,6,401,13,,1201,3,141,1,1984
202032,0,2,t,9,7,401,13,,1201,3,162,0,1984
202033,0,4,t,6,8,401,13,,1201,3,1,0,1984
202034,0,5,t,6,9,401,13,,1201,3,157,0,1984
202035,0,5,t,3,10,401,13,,1201,3,146,0,1984
202036,0,5,t,2,11,401,13,,1201,3,161,0,1984
202037,0,8,f,0,,401,13,,1201,3,164,0,1984
202038,0,8,f,0,,401,13,,1201,3,89,0,1984
202039,0,8,f,0,,401,13,,1201,3,163,0,1984
202040,0,,f,0,,401,13,,1201,3,123,0,1984
202041,0,1,t,116.5,1,402,14,,1204,3,117,10,1984
202042,0,1,t,46.5,2,402,14,,1204,3,6,1,1984
202043,0,2,t,45,3,402,14,,1204,3,58,0,1984
202044,0,2,t,34,4,402,14,,1204,3,152,0,1984
202045,0,1,t,33,5,402,14,,1204,3,83,2,1984
202046,0,1,t,25.5,6,402,14,,1204,3,141,1,1984
202047,0,2,t,12,7,402,14,,1204,3,162,0,1984
202048,0,3,t,10,8,402,14,,1204,3,1,0,1984
202049,0,5,t,6,9,402,14,,1204,3,157,0,1984
202050,0,5,t,3,10,402,14,,1204,3,146,0,1984
202051,0,5,t,2,11,402,14,,1204,3,161,0,1984
202052,0,6,f,0,,402,14,,1204,3,89,0,1984
202053,0,8,f,0,,402,14,,1204,3,164,0,1984
202054,0,8,f,0,,402,14,,1204,3,163,0,1984
202055,0,,f,0,,402,14,,1204,3,123,0,1984
202056,0,1,t,128.5,1,403,15,,1207,3,117,11,1984
202057,0,1,t,54.5,2,403,15,,1207,3,6,1,1984
202058,0,2,t,45,3,403,15,,1207,3,58,0,1984
202059,0,1,t,37,4,403,15,,1207,3,83,2,1984
202060,0,2,t,34,5,403,15,,1207,3,152,0,1984
202061,0,1,t,25.5,6,403,15,,1207,3,141,1,1984
202062,0,2,t,12,7,403,15,,1207,3,162,0,1984
202063,0,3,t,11,8,403,15,,1207,3,1,0,1984
202064,0,5,t,6,9,403,15,,1207,3,157,0,1984
202065,0,5,t,3,10,403,15,,1207,3,146,0,1984
202066,0,5,t,2,11,403,15,,1207,3,161,0,1984
202067,0,6,f,0,,403,15,,1207,3,89,0,1984
202068,0,8,f,0,,403,15,,1207,3,164,0,1984
202069,0,8,f,0,,403,15,,1207,3,163,0,1984
202070,0,,f,0,,403,15,,1207,3,123,0,1984
202071,0,1,t,143.5,1,404,16,35,1210,3,117,12,1984
202072,0,1,t,57.5,2,404,16,35,1210,3,6,1,1984
202073,0,2,t,47,3,404,16,35,1210,3,58,0,1984
202074,0,1,t,38,4,404,16,35,1210,3,83,2,1984
202075,0,2,t,34,5,404,16,35,1210,3,152,0,1984
202076,0,1,t,25.5,6,404,16,35,1210,3,141,1,1984
202077,0,2,t,16,7,404,16,35,1210,3,162,0,1984
202078,0,3,t,11,8,404,16,35,1210,3,1,0,1984
202079,0,5,t,6,9,404,16,35,1210,3,157,0,1984
202080,0,5,t,3,10,404,16,35,1210,3,146,0,1984
202081,0,5,t,2,11,404,16,35,1210,3,161,0,1984
202082,0,6,f,0,,404,16,35,1210,3,89,0,1984
202083,0,8,f,0,,404,16,35,1210,3,164,0,1984
202084,0,8,f,0,,404,16,35,1210,3,163,0,1984
202085,0,,f,0,,404,16,35,1210,3,123,0,1984
202086,0,1,t,9,1,405,1,,1213,3,117,1,1985
202087,0,2,t,9,2,405,1,,1213,3,6,0,1985
202088,0,3,t,4,3,405,1,,1213,3,58,0,1985
202089,0,5,t,2,4,405,1,,1213,3,152,0,1985
202090,0,6,t,1,5,405,1,,1213,3,146,0,1985
202091,0,7,f,0,,405,1,,1213,3,123,0,1985
202092,0,9,f,0,,405,1,,1213,3,163,0,1985
202093,0,11,f,0,,405,1,,1213,3,157,0,1985
202094,0,12,f,0,,405,1,,1213,3,161,0,1985
202095,0,,f,0,,405,1,,1213,3,1,0,1985
202096,0,,f,0,,405,1,,1213,3,165,0,1985
202097,0,,f,0,,405,1,,1213,3,141,0,1985
202098,0,,f,0,,405,1,,1213,3,83,0,1985
202099,0,,f,0,,405,1,,1213,3,164,0,1985
202100,0,1,t,16,1,406,2,,1216,3,58,1,1985
202101,0,2,t,15,2,406,2,,1216,3,6,0,1985
202102,0,1,t,9,3,406,2,,1216,3,117,1,1985
202103,0,3,t,6,4,406,2,,1216,3,152,0,1985
202104,0,5,t,2,5,406,2,,1216,3,141,0,1985
202105,0,6,t,1,6,406,2,,1216,3,123,0,1985
202106,0,6,t,1,7,406,2,,1216,3,146,0,1985
202107,0,9,f,0,,406,2,,1216,3,161,0,1985
202108,0,9,f,0,,406,2,,1216,3,163,0,1985
202109,0,11,f,0,,406,2,,1216,3,157,0,1985
202110,0,,f,0,,406,2,,1216,3,1,0,1985
202111,0,,f,0,,406,2,,1216,3,83,0,1985
202112,0,,f,0,,406,2,,1216,3,165,0,1985
202113,0,,f,0,,406,2,,1216,3,164,0,1985
202114,0,,f,0,,406,2,,1216,3,166,0,1985
202115,0,1,t,25,1,407,3,,1219,3,58,2,1985
202116,0,2,t,16,2,407,3,,1219,3,6,0,1985
202117,0,1,t,12,3,407,3,,1219,3,117,1,1985
202118,0,3,t,10,4,407,3,,1219,3,152,0,1985
202119,0,2,t,6,5,407,3,,1219,3,157,0,1985
202120,0,5,t,4,6,407,3,,1219,3,141,0,1985
202121,0,6,t,1,7,407,3,,1219,3,123,0,1985
202122,0,6,t,1,8,407,3,,1219,3,146,0,1985
202123,0,8,f,0,,407,3,,1219,3,83,0,1985
202124,0,9,f,0,,407,3,,1219,3,161,0,1985
202125,0,9,f,0,,407,3,,1219,3,163,0,1985
202126,0,,f,0,,407,3,,1219,3,1,0,1985
202127,0,,f,0,,407,3,,1219,3,165,0,1985
202128,0,,f,0,,407,3,,1219,3,164,0,1985
202129,0,,f,0,,407,3,,1219,3,166,0,1985
202130,0,1,t,29,1,408,4,,1222,3,58,2,1985
202131,0,2,t,22,2,408,4,,1222,3,6,0,1985
202132,0,1,t,21,3,408,4,,1222,3,117,2,1985
202133,0,3,t,12,4,408,4,,1222,3,152,0,1985
202134,0,2,t,6,5,408,4,,1222,3,157,0,1985
202135,0,4,t,5,6,408,4,,1222,3,146,0,1985
202136,0,5,t,4,7,408,4,,1222,3,141,0,1985
202137,0,6,t,1,8,408,4,,1222,3,123,0,1985
202138,0,8,f,0,,408,4,,1222,3,83,0,1985
202139,0,9,f,0,,408,4,,1222,3,161,0,1985
202140,0,9,f,0,,408,4,,1222,3,163,0,1985
202141,0,11,f,0,,408,4,,1222,3,166,0,1985
202142,0,,f,0,,408,4,,1222,3,1,0,1985
202143,0,,f,0,,408,4,,1222,3,162,0,1985
202144,0,,f,0,,408,4,,1222,3,165,0,1985
202145,0,,f,0,,408,4,,1222,3,164,0,1985
202146,0,1,t,37,1,409,5,,1225,3,6,1,1985
202147,0,1,t,31,2,409,5,,1225,3,58,2,1985
202148,0,1,t,25,3,409,5,,1225,3,117,2,1985
202149,0,3,t,12,4,409,5,,1225,3,152,0,1985
202150,0,4,t,8,5,409,5,,1225,3,141,0,1985
202151,0,2,t,6,6,409,5,,1225,3,157,0,1985
202152,0,4,t,5,7,409,5,,1225,3,146,0,1985
202153,0,6,t,1,8,409,5,,1225,3,123,0,1985
202154,0,8,f,0,,409,5,,1225,3,83,0,1985
202155,0,9,f,0,,409,5,,1225,3,161,0,1985
202156,0,9,f,0,,409,5,,1225,3,163,0,1985
202157,0,10,f,0,,409,5,,1225,3,1,0,1985
202158,0,11,f,0,,409,5,,1225,3,166,0,1985
202159,0,,f,0,,409,5,,1225,3,162,0,1985
202160,0,,f,0,,409,5,,1225,3,165,0,1985
202161,0,,f,0,,409,5,,1225,3,164,0,1985
202162,0,1,t,47,1,410,6,,1228,3,6,1,1985
202163,0,1,t,33,2,410,6,,1228,3,58,2,1985
202164,0,1,t,25,3,410,6,,1228,3,117,2,1985
202165,0,1,t,17,4,410,6,,1228,3,141,1,1985
202166,0,3,t,12,5,410,6,,1228,3,152,0,1985
202167,0,2,t,6,6,410,6,,1228,3,157,0,1985
202168,0,4,t,5,7,410,6,,1228,3,146,0,1985
202169,0,4,t,4,8,410,6,,1228,3,123,0,1985
202170,0,6,t,1,9,410,6,,1228,3,83,0,1985
202171,0,9,f,0,,410,6,,1228,3,1,0,1985
202172,0,9,f,0,,410,6,,1228,3,161,0,1985
202173,0,9,f,0,,410,6,,1228,3,163,0,1985
202174,0,11,f,0,,410,6,,1228,3,166,0,1985
202175,0,,f,0,,410,6,,1228,3,162,0,1985
202176,0,,f,0,,410,6,,1228,3,165,0,1985
202177,0,,f,0,,410,6,,1228,3,164,0,1985
202178,0,1,t,50,1,411,7,,1231,3,6,1,1985
202179,0,1,t,35,2,411,7,,1231,3,58,2,1985
202180,0,1,t,29,3,411,7,,1231,3,117,2,1985
202181,0,1,t,23,4,411,7,,1231,3,141,1,1985
202182,0,3,t,13,5,411,7,,1231,3,152,0,1985
202183,0,1,t,10,6,411,7,,1231,3,83,1,1985
202184,0,2,t,6,7,411,7,,1231,3,157,0,1985
202185,0,4,t,5,8,411,7,,1231,3,146,0,1985
202186,0,4,t,4,9,411,7,,1231,3,123,0,1985
202187,0,9,f,0,,411,7,,1231,3,1,0,1985
202188,0,9,f,0,,411,7,,1231,3,163,0,1985
202189,0,9,f,0,,411,7,,1231,3,161,0,1985
202190,0,11,f,0,,411,7,,1231,3,166,0,1985
202191,0,14,f,0,,411,7,,1231,3,162,0,1985
202192,0,,f,0,,411,7,,1231,3,165,0,1985
202193,0,,f,0,,411,7,,1231,3,164,0,1985
202194,0,1,t,56,1,412,8,,1234,3,6,1,1985
202195,0,1,t,38,2,412,8,,1234,3,117,3,1985
202196,0,1,t,35,3,412,8,,1234,3,58,2,1985
202197,0,1,t,23,4,412,8,,1234,3,141,1,1985
202198,0,3,t,15,5,412,8,,1234,3,152,0,1985
202199,0,1,t,14,6,412,8,,1234,3,83,1,1985
202200,0,3,t,9,7,412,8,,1234,3,146,0,1985
202201,0,2,t,6,8,412,8,,1234,3,157,0,1985
202202,0,4,t,4,9,412,8,,1234,3,123,0,1985
202203,0,9,f,0,,412,8,,1234,3,1,0,1985
202204,0,9,f,0,,412,8,,1234,3,163,0,1985
202205,0,9,f,0,,412,8,,1234,3,161,0,1985
202206,0,11,f,0,,412,8,,1234,3,166,0,1985
202207,0,14,f,0,,412,8,,1234,3,162,0,1985
202208,0,,f,0,,412,8,,1234,3,165,0,1985
202209,0,,f,0,,412,8,,1234,3,164,0,1985
202210,0,1,t,65,1,413,9,,1237,3,6,2,1985
202211,0,1,t,46,2,413,9,,1237,3,117,3,1985
202212,0,1,t,35,3,413,9,,1237,3,58,2,1985
202213,0,1,t,24,4,413,9,,1237,3,141,1,1985
202214,0,3,t,15,5,413,9,,1237,3,152,0,1985
202215,0,1,t,14,6,413,9,,1237,3,83,1,1985
202216,0,3,t,13,7,413,9,,1237,3,146,0,1985
202217,0,2,t,9,8,413,9,,1237,3,157,0,1985
202218,0,4,t,4,9,413,9,,1237,3,123,0,1985
202219,0,9,f,0,,413,9,,1237,3,1,0,1985
202220,0,9,f,0,,413,9,,1237,3,163,0,1985
202221,0,9,f,0,,413,9,,1237,3,161,0,1985
202222,0,11,f,0,,413,9,,1237,3,165,0,1985
202223,0,11,f,0,,413,9,,1237,3,166,0,1985
202224,0,14,f,0,,413,9,,1237,3,162,0,1985
202225,0,,f,0,,413,9,,1237,3,164,0,1985
202226,0,1,t,72,1,414,10,,1240,3,6,2,1985
202227,0,1,t,55,2,414,10,,1240,3,117,4,1985
202228,0,1,t,43,3,414,10,,1240,3,58,2,1985
202229,0,1,t,24,4,414,10,,1240,3,141,1,1985
202230,0,1,t,15,5,414,10,,1240,3,83,1,1985
202231,0,3,t,15,6,414,10,,1240,3,152,0,1985
202232,0,3,t,13,7,414,10,,1240,3,146,0,1985
202233,0,2,t,9,8,414,10,,1240,3,157,0,1985
202234,0,4,t,4,9,414,10,,1240,3,123,0,1985
202235,0,9,f,0,,414,10,,1240,3,1,0,1985
202236,0,9,f,0,,414,10,,1240,3,161,0,1985
202237,0,9,f,0,,414,10,,1240,3,163,0,1985
202238,0,11,f,0,,414,10,,1240,3,165,0,1985
202239,0,11,f,0,,414,10,,1240,3,166,0,1985
202240,0,14,f,0,,414,10,,1240,3,162,0,1985
202241,0,,f,0,,414,10,,1240,3,164,0,1985
202242,0,1,t,75,1,415,11,,1243,3,6,2,1985
202243,0,1,t,70,2,415,11,,1243,3,117,5,1985
202244,0,1,t,49,3,415,11,,1243,3,58,2,1985
202245,0,1,t,25,4,415,11,,1243,3,141,1,1985
202246,0,1,t,15,5,415,11,,1243,3,83,1,1985
202247,0,3,t,15,6,415,11,,1243,3,152,0,1985
202248,0,3,t,13,7,415,11,,1243,3,146,0,1985
202249,0,2,t,9,8,415,11,,1243,3,157,0,1985
202250,0,4,t,4,9,415,11,,1243,3,123,0,1985
202251,0,9,f,0,,415,11,,1243,3,1,0,1985
202252,0,9,f,0,,415,11,,1243,3,161,0,1985
202253,0,9,f,0,,415,11,,1243,3,163,0,1985
202254,0,11,f,0,,415,11,,1243,3,165,0,1985
202255,0,11,f,0,,415,11,,1243,3,166,0,1985
202256,0,14,f,0,,415,11,,1243,3,162,0,1985
202257,0,,f,0,,415,11,,1243,3,164,0,1985
202258,0,1,t,79,1,416,12,,1246,3,117,6,1985
202259,0,1,t,77,2,416,12,,1246,3,6,2,1985
202260,0,1,t,54,3,416,12,,1246,3,58,2,1985
202261,0,1,t,25,4,416,12,,1246,3,141,1,1985
202262,0,1,t,24,5,416,12,,1246,3,83,1,1985
202263,0,3,t,15,6,416,12,,1246,3,152,0,1985
202264,0,3,t,13,7,416,12,,1246,3,146,0,1985
202265,0,2,t,9,8,416,12,,1246,3,157,0,1985
202266,0,4,t,4,9,416,12,,1246,3,123,0,1985
202267,0,9,f,0,,416,12,,1246,3,1,0,1985
202268,0,9,f,0,,416,12,,1246,3,161,0,1985
202269,0,9,f,0,,416,12,,1246,3,163,0,1985
202270,0,11,f,0,,416,12,,1246,3,165,0,1985
202271,0,11,f,0,,416,12,,1246,3,166,0,1985
202272,0,12,f,0,,416,12,,1246,3,162,0,1985
202273,0,,f,0,,416,12,,1246,3,164,0,1985
202274,0,,f,0,,416,12,,1246,3,81,0,1985
202275,0,1,t,83,1,417,13,,1249,3,117,6,1985
202276,0,1,t,77,2,417,13,,1249,3,6,2,1985
202277,0,1,t,63,3,417,13,,1249,3,58,3,1985
202278,0,1,t,34,4,417,13,,1249,3,141,1,1985
202279,0,1,t,26,5,417,13,,1249,3,83,1,1985
202280,0,3,t,16,6,417,13,,1249,3,152,0,1985
202281,0,3,t,13,7,417,13,,1249,3,146,0,1985
202282,0,2,t,9,8,417,13,,1249,3,157,0,1985
202283,0,4,t,4,9,417,13,,1249,3,123,0,1985
202284,0,9,f,0,,417,13,,1249,3,1,0,1985
202285,0,9,f,0,,417,13,,1249,3,161,0,1985
202286,0,9,f,0,,417,13,,1249,3,163,0,1985
202287,0,11,f,0,,417,13,,1249,3,165,0,1985
202288,0,11,f,0,,417,13,,1249,3,166,0,1985
202289,0,12,f,0,,417,13,,1249,3,162,0,1985
202290,0,,f,0,,417,13,,1249,3,164,0,1985
202291,0,,f,0,,417,13,,1249,3,81,0,1985
202292,0,1,t,86,1,418,14,,1252,3,117,6,1985
202293,0,1,t,77,2,418,14,,1252,3,6,2,1985
202294,0,1,t,71,3,418,14,,1252,3,58,3,1985
202295,0,1,t,47,4,418,14,,1252,3,141,2,1985
202296,0,1,t,26,5,418,14,,1252,3,83,1,1985
202297,0,3,t,16,6,418,14,,1252,3,152,0,1985
202298,0,3,t,13,7,418,14,,1252,3,146,0,1985
202299,0,2,t,10,8,418,14,,1252,3,157,0,1985
202300,0,4,t,4,9,418,14,,1252,3,123,0,1985
202301,0,9,f,0,,418,14,,1252,3,1,0,1985
202302,0,9,f,0,,418,14,,1252,3,161,0,1985
202303,0,9,f,0,,418,14,,1252,3,163,0,1985
202304,0,11,f,0,,418,14,,1252,3,165,0,1985
202305,0,11,f,0,,418,14,,1252,3,166,0,1985
202306,0,12,f,0,,418,14,,1252,3,162,0,1985
202307,0,,f,0,,418,14,,1252,3,164,0,1985
202308,0,,f,0,,418,14,,1252,3,81,0,1985
202309,0,1,t,90,1,419,15,,1255,3,117,6,1985
202310,0,1,t,80,2,419,15,,1255,3,6,2,1985
202311,0,1,t,71,3,419,15,,1255,3,58,3,1985
202312,0,1,t,62,4,419,15,,1255,3,141,3,1985
202313,0,1,t,26,5,419,15,,1255,3,83,1,1985
202314,0,3,t,16,6,419,15,,1255,3,152,0,1985
202315,0,2,t,13,7,419,15,,1255,3,157,0,1985
202316,0,3,t,13,8,419,15,,1255,3,146,0,1985
202317,0,4,t,4,9,419,15,,1255,3,123,0,1985
202318,0,9,f,0,,419,15,,1255,3,1,0,1985
202319,0,9,f,0,,419,15,,1255,3,161,0,1985
202320,0,9,f,0,,419,15,,1255,3,163,0,1985
202321,0,11,f,0,,419,15,,1255,3,165,0,1985
202322,0,11,f,0,,419,15,,1255,3,166,0,1985
202323,0,12,f,0,,419,15,,1255,3,162,0,1985
202324,0,,f,0,,419,15,,1255,3,164,0,1985
202325,0,,f,0,,419,15,,1255,3,81,0,1985
202326,0,1,t,90,1,420,16,36,1258,3,117,6,1985
202327,0,1,t,82,2,420,16,36,1258,3,6,2,1985
202328,0,1,t,71,3,420,16,36,1258,3,141,4,1985
202329,0,1,t,71,4,420,16,36,1258,3,58,3,1985
202330,0,1,t,26,5,420,16,36,1258,3,83,1,1985
202331,0,2,t,23,6,420,16,36,1258,3,146,0,1985
202332,0,3,t,16,7,420,16,36,1258,3,152,0,1985
202333,0,2,t,14,8,420,16,36,1258,3,157,0,1985
202334,0,4,t,7,9,420,16,36,1258,3,123,0,1985
202335,0,7,f,0,,420,16,36,1258,3,161,0,1985
202336,0,8,f,0,,420,16,36,1258,3,165,0,1985
202337,0,9,f,0,,420,16,36,1258,3,1,0,1985
202338,0,9,f,0,,420,16,36,1258,3,163,0,1985
202339,0,11,f,0,,420,16,36,1258,3,166,0,1985
202340,0,12,f,0,,420,16,36,1258,3,162,0,1985
202341,0,,f,0,,420,16,36,1258,3,164,0,1985
202342,0,,f,0,,420,16,36,1258,3,81,0,1985
202343,0,1,t,9,1,421,1,,1261,3,141,1,1986
202344,0,3,t,7,2,421,1,,1261,3,146,0,1986
202345,0,2,t,6,3,421,1,,1261,3,58,0,1986
202346,0,5,t,2,4,421,1,,1261,3,123,0,1986
202347,0,6,t,1,5,421,1,,1261,3,167,0,1986
202348,0,8,f,0,,421,1,,1261,3,83,0,1986
202349,0,,f,0,,421,1,,1261,3,157,0,1986
202350,0,,f,0,,421,1,,1261,3,6,0,1986
202351,0,,f,0,,421,1,,1261,3,117,0,1986
202352,0,,f,0,,421,1,,1261,3,161,0,1986
202353,0,,f,0,,421,1,,1261,3,81,0,1986
202354,0,,f,0,,421,1,,1261,3,166,0,1986
202355,0,,f,0,,421,1,,1261,3,165,0,1986
202356,0,1,t,15,1,422,2,,1264,3,58,1,1986
202357,0,1,t,15,2,422,2,,1264,3,141,1,1986
202358,0,3,t,7,3,422,2,,1264,3,146,0,1986
202359,0,3,t,7,4,422,2,,1264,3,117,0,1986
202360,0,5,t,4,5,422,2,,1264,3,167,0,1986
202361,0,5,t,2,6,422,2,,1264,3,123,0,1986
202362,0,7,f,0,,422,2,,1264,3,157,0,1986
202363,0,8,f,0,,422,2,,1264,3,83,0,1986
202364,0,8,f,0,,422,2,,1264,3,81,0,1986
202365,0,,f,0,,422,2,,1264,3,6,0,1986
202366,0,,f,0,,422,2,,1264,3,161,0,1986
202367,0,,f,0,,422,2,,1264,3,166,0,1986
202368,0,,f,0,,422,2,,1264,3,165,0,1986
202369,0,1,t,21,1,423,3,,1267,3,141,1,1986
202370,0,1,t,18,2,423,3,,1267,3,117,1,1986
202371,0,1,t,15,3,423,3,,1267,3,58,1,1986
202372,0,3,t,8,4,423,3,,1267,3,167,0,1986
202373,0,3,t,7,5,423,3,,1267,3,146,0,1986
202374,0,4,t,3,6,423,3,,1267,3,6,0,1986
202375,0,5,t,2,7,423,3,,1267,3,123,0,1986
202376,0,6,t,1,8,423,3,,1267,3,83,0,1986
202377,0,7,f,0,,423,3,,1267,3,157,0,1986
202378,0,8,f,0,,423,3,,1267,3,81,0,1986
202379,0,,f,0,,423,3,,1267,3,161,0,1986
202380,0,,f,0,,423,3,,1267,3,166,0,1986
202381,0,,f,0,,423,3,,1267,3,165,0,1986
202382,0,1,t,33,1,424,4,,1270,3,117,2,1986
202383,0,1,t,24,2,424,4,,1270,3,141,1,1986
202384,0,1,t,19,3,424,4,,1270,3,58,1,1986
202385,0,3,t,10,4,424,4,,1270,3,146,0,1986
202386,0,3,t,8,5,424,4,,1270,3,167,0,1986
202387,0,4,t,3,6,424,4,,1270,3,6,0,1986
202388,0,5,t,2,7,424,4,,1270,3,123,0,1986
202389,0,6,t,1,8,424,4,,1270,3,83,0,1986
202390,0,7,f,0,,424,4,,1270,3,157,0,1986
202391,0,8,f,0,,424,4,,1270,3,81,0,1986
202392,0,12,f,0,,424,4,,1270,3,166,0,1986
202393,0,,f,0,,424,4,,1270,3,161,0,1986
202394,0,,f,0,,424,4,,1270,3,165,0,1986
202395,0,1,t,34,1,425,5,,1273,3,117,2,1986
202396,0,1,t,33,2,425,5,,1273,3,141,2,1986
202397,0,1,t,25,3,425,5,,1273,3,58,1,1986
202398,0,3,t,12,4,425,5,,1273,3,146,0,1986
202399,0,3,t,10,5,425,5,,1273,3,6,0,1986
202400,0,3,t,8,6,425,5,,1273,3,167,0,1986
202401,0,5,t,2,7,425,5,,1273,3,123,0,1986
202402,0,6,t,1,8,425,5,,1273,3,83,0,1986
202403,0,7,f,0,,425,5,,1273,3,157,0,1986
202404,0,8,f,0,,425,5,,1273,3,81,0,1986
202405,0,12,f,0,,425,5,,1273,3,166,0,1986
202406,0,,f,0,,425,5,,1273,3,161,0,1986
202407,0,,f,0,,425,5,,1273,3,165,0,1986
202408,0,1,t,46,1,426,6,,1276,3,141,3,1986
202409,0,1,t,43,2,426,6,,1276,3,117,2,1986
202410,0,1,t,27,3,426,6,,1276,3,58,1,1986
202411,0,3,t,13,4,426,6,,1276,3,146,0,1986
202412,0,3,t,10,5,426,6,,1276,3,6,0,1986
202413,0,3,t,8,6,426,6,,1276,3,167,0,1986
202414,0,5,t,2,7,426,6,,1276,3,123,0,1986
202415,0,6,t,1,8,426,6,,1276,3,83,0,1986
202416,0,7,f,0,,426,6,,1276,3,157,0,1986
202417,0,8,f,0,,426,6,,1276,3,81,0,1986
202418,0,12,f,0,,426,6,,1276,3,166,0,1986
202419,0,,f,0,,426,6,,1276,3,161,0,1986
202420,0,,f,0,,426,6,,1276,3,165,0,1986
202421,0,1,t,48,1,427,7,,1279,3,141,3,1986
202422,0,1,t,47,2,427,7,,1279,3,117,2,1986
202423,0,1,t,36,3,427,7,,1279,3,58,2,1986
202424,0,2,t,19,4,427,7,,1279,3,146,0,1986
202425,0,3,t,13,5,427,7,,1279,3,6,0,1986
202426,0,3,t,8,6,427,7,,1279,3,167,0,1986
202427,0,5,t,2,7,427,7,,1279,3,123,0,1986
202428,0,6,t,2,8,427,7,,1279,3,83,0,1986
202429,0,7,f,0,,427,7,,1279,3,157,0,1986
202430,0,8,f,0,,427,7,,1279,3,81,0,1986
202431,0,8,f,0,,427,7,,1279,3,166,0,1986
202432,0,,f,0,,427,7,,1279,3,161,0,1986
202433,0,,f,0,,427,7,,1279,3,165,0,1986
202434,0,1,t,61,1,428,8,,1282,3,141,4,1986
202435,0,1,t,56,2,428,8,,1282,3,117,2,1986
202436,0,1,t,36,3,428,8,,1282,3,58,2,1986
202437,0,2,t,22,4,428,8,,1282,3,146,0,1986
202438,0,3,t,13,5,428,8,,1282,3,6,0,1986
202439,0,3,t,8,6,428,8,,1282,3,167,0,1986
202440,0,5,t,2,7,428,8,,1282,3,123,0,1986
202441,0,6,t,2,8,428,8,,1282,3,83,0,1986
202442,0,7,f,0,,428,8,,1282,3,157,0,1986
202443,0,8,f,0,,428,8,,1282,3,81,0,1986
202444,0,8,f,0,,428,8,,1282,3,166,0,1986
202445,0,,f,0,,428,8,,1282,3,161,0,1986
202446,0,,f,0,,428,8,,1282,3,165,0,1986
202447,0,1,t,76,1,429,9,,1285,3,141,5,1986
202448,0,1,t,60,2,429,9,,1285,3,117,2,1986
202449,0,1,t,36,3,429,9,,1285,3,58,2,1986
202450,0,2,t,25,4,429,9,,1285,3,146,0,1986
202451,0,3,t,13,5,429,9,,1285,3,6,0,1986
202452,0,3,t,8,6,429,9,,1285,3,167,0,1986
202453,0,5,t,5,7,429,9,,1285,3,123,0,1986
202454,0,6,t,2,8,429,9,,1285,3,83,0,1986
202455,0,7,f,0,,429,9,,1285,3,157,0,1986
202456,0,8,f,0,,429,9,,1285,3,166,0,1986
202457,0,8,f,0,,429,9,,1285,3,81,0,1986
202458,0,,f,0,,429,9,,1285,3,161,0,1986
202459,0,,f,0,,429,9,,1285,3,165,0,1986
202460,0,1,t,89,1,430,10,,1288,3,141,6,1986
202461,0,1,t,63,2,430,10,,1288,3,117,2,1986
202462,0,1,t,42,3,430,10,,1288,3,58,2,1986
202463,0,2,t,28,4,430,10,,1288,3,146,0,1986
202464,0,3,t,13,5,430,10,,1288,3,6,0,1986
202465,0,3,t,8,6,430,10,,1288,3,167,0,1986
202466,0,5,t,5,7,430,10,,1288,3,123,0,1986
202467,0,6,t,2,8,430,10,,1288,3,83,0,1986
202468,0,7,f,0,,430,10,,1288,3,157,0,1986
202469,0,8,f,0,,430,10,,1288,3,81,0,1986
202470,0,8,f,0,,430,10,,1288,3,166,0,1986
202471,0,12,f,0,,430,10,,1288,3,161,0,1986
202472,0,,f,0,,430,10,,1288,3,165,0,1986
202473,0,1,t,102,1,431,11,,1291,3,141,7,1986
202474,0,1,t,63,2,431,11,,1291,3,117,2,1986
202475,0,1,t,50,3,431,11,,1291,3,58,2,1986
202476,0,2,t,28,4,431,11,,1291,3,146,0,1986
202477,0,3,t,16,5,431,11,,1291,3,6,0,1986
202478,0,3,t,8,6,431,11,,1291,3,167,0,1986
202479,0,5,t,6,7,431,11,,1291,3,123,0,1986
202480,0,6,t,2,8,431,11,,1291,3,83,0,1986
202481,0,7,f,0,,431,11,,1291,3,157,0,1986
202482,0,7,f,0,,431,11,,1291,3,81,0,1986
202483,0,8,f,0,,431,11,,1291,3,166,0,1986
202484,0,12,f,0,,431,11,,1291,3,161,0,1986
202485,0,,f,0,,431,11,,1291,3,165,0,1986
202486,0,1,t,102,1,432,12,,1294,3,141,7,1986
202487,0,1,t,72,2,432,12,,1294,3,117,3,1986
202488,0,1,t,50,3,432,12,,1294,3,58,2,1986
202489,0,2,t,28,4,432,12,,1294,3,146,0,1986
202490,0,2,t,26,5,432,12,,1294,3,6,0,1986
202491,0,3,t,8,6,432,12,,1294,3,167,0,1986
202492,0,5,t,6,7,432,12,,1294,3,123,0,1986
202493,0,4,t,5,8,432,12,,1294,3,81,0,1986
202494,0,6,t,2,9,432,12,,1294,3,83,0,1986
202495,0,6,t,1,10,432,12,,1294,3,157,0,1986
202496,0,8,f,0,,432,12,,1294,3,166,0,1986
202497,0,11,f,0,,432,12,,1294,3,161,0,1986
202498,0,,f,0,,432,12,,1294,3,165,0,1986
202499,0,1,t,117,1,433,13,,1297,3,141,8,1986
202500,0,1,t,75,2,433,13,,1297,3,117,3,1986
202501,0,1,t,50,3,433,13,,1297,3,58,2,1986
202502,0,2,t,30,4,433,13,,1297,3,6,0,1986
202503,0,2,t,28,5,433,13,,1297,3,146,0,1986
202504,0,3,t,10,6,433,13,,1297,3,167,0,1986
202505,0,4,t,6,7,433,13,,1297,3,81,0,1986
202506,0,5,t,6,8,433,13,,1297,3,123,0,1986
202507,0,6,t,2,9,433,13,,1297,3,83,0,1986
202508,0,6,t,1,10,433,13,,1297,3,157,0,1986
202509,0,8,f,0,,433,13,,1297,3,166,0,1986
202510,0,11,f,0,,433,13,,1297,3,161,0,1986
202511,0,,f,0,,433,13,,1297,3,165,0,1986
202512,0,,f,0,,433,13,,1297,3,168,0,1986
202513,0,1,t,130,1,434,14,,1300,3,141,9,1986
202514,0,1,t,81,2,434,14,,1300,3,117,3,1986
202515,0,1,t,53,3,434,14,,1300,3,58,2,1986
202516,0,2,t,33,4,434,14,,1300,3,6,0,1986
202517,0,2,t,28,5,434,14,,1300,3,146,0,1986
202518,0,3,t,10,6,434,14,,1300,3,167,0,1986
202519,0,4,t,6,7,434,14,,1300,3,81,0,1986
202520,0,5,t,6,8,434,14,,1300,3,123,0,1986
202521,0,6,t,2,9,434,14,,1300,3,83,0,1986
202522,0,6,t,1,10,434,14,,1300,3,157,0,1986
202523,0,8,f,0,,434,14,,1300,3,166,0,1986
202524,0,11,f,0,,434,14,,1300,3,161,0,1986
202525,0,,f,0,,434,14,,1300,3,165,0,1986
202526,0,,f,0,,434,14,,1300,3,168,0,1986
202527,0,1,t,135,1,435,15,,1303,3,141,9,1986
202528,0,1,t,87,2,435,15,,1303,3,117,3,1986
202529,0,1,t,57,3,435,15,,1303,3,58,2,1986
202530,0,2,t,33,4,435,15,,1303,3,6,0,1986
202531,0,2,t,29,5,435,15,,1303,3,146,0,1986
202532,0,1,t,19,6,435,15,,1303,3,167,1,1986
202533,0,4,t,6,7,435,15,,1303,3,81,0,1986
202534,0,5,t,6,8,435,15,,1303,3,123,0,1986
202535,0,6,t,2,9,435,15,,1303,3,83,0,1986
202536,0,6,t,1,10,435,15,,1303,3,157,0,1986
202537,0,8,f,0,,435,15,,1303,3,166,0,1986
202538,0,8,f,0,,435,15,,1303,3,165,0,1986
202539,0,11,f,0,,435,15,,1303,3,161,0,1986
202540,0,,f,0,,435,15,,1303,3,168,0,1986
202541,0,1,t,141,1,436,16,37,1306,3,141,9,1986
202542,0,1,t,96,2,436,16,37,1306,3,117,4,1986
202543,0,1,t,58,3,436,16,37,1306,3,58,2,1986
202544,0,2,t,37,4,436,16,37,1306,3,6,0,1986
202545,0,2,t,29,5,436,16,37,1306,3,146,0,1986
202546,0,1,t,19,6,436,16,37,1306,3,167,1,1986
202547,0,4,t,11,7,436,16,37,1306,3,123,0,1986
202548,0,4,t,6,8,436,16,37,1306,3,81,0,1986
202549,0,6,t,2,9,436,16,37,1306,3,83,0,1986
202550,0,6,t,1,10,436,16,37,1306,3,157,0,1986
202551,0,8,f,0,,436,16,37,1306,3,166,0,1986
202552,0,8,f,0,,436,16,37,1306,3,165,0,1986
202553,0,11,f,0,,436,16,37,1306,3,161,0,1986
202554,0,,f,0,,436,16,37,1306,3,168,0,1986
202555,0,1,t,13,1,437,1,,1309,3,117,1,1987
202556,0,2,t,7,2,437,1,,1309,3,141,0,1987
202557,0,4,t,3,3,437,1,,1309,3,6,0,1987
202558,0,5,t,2,4,437,1,,1309,3,167,0,1987
202559,0,7,f,0,,437,1,,1309,3,58,0,1987
202560,0,9,f,0,,437,1,,1309,3,166,0,1987
202561,0,10,f,0,,437,1,,1309,3,123,0,1987
202562,0,12,f,0,,437,1,,1309,3,168,0,1987
202563,0,,f,0,,437,1,,1309,3,157,0,1987
202564,0,,f,0,,437,1,,1309,3,83,0,1987
202565,0,,f,0,,437,1,,1309,3,161,0,1987
202566,0,,f,0,,437,1,,1309,3,165,0,1987
202567,0,,f,0,,437,1,,1309,3,119,0,1987
202568,0,1,t,16,1,438,2,,1312,3,141,1,1987
202569,0,1,t,16,2,438,2,,1312,3,117,1,1987
202570,0,2,t,7,3,438,2,,1312,3,58,0,1987
202571,0,3,t,7,4,438,2,,1312,3,6,0,1987
202572,0,5,t,2,5,438,2,,1312,3,166,0,1987
202573,0,5,t,2,6,438,2,,1312,3,167,0,1987
202574,0,8,f,0,,438,2,,1312,3,123,0,1987
202575,0,9,f,0,,438,2,,1312,3,83,0,1987
202576,0,10,f,0,,438,2,,1312,3,169,0,1987
202577,0,11,f,0,,438,2,,1312,3,157,0,1987
202578,0,12,f,0,,438,2,,1312,3,168,0,1987
202579,0,12,f,0,,438,2,,1312,3,161,0,1987
202580,0,,f,0,,438,2,,1312,3,165,0,1987
202581,0,,f,0,,438,2,,1312,3,119,0,1987
202582,0,,f,0,,438,2,,1312,3,146,0,1987
202583,0,1,t,31,1,439,3,,1315,3,117,2,1987
202584,0,1,t,16,2,439,3,,1315,3,141,1,1987
202585,0,2,t,9,3,439,3,,1315,3,58,0,1987
202586,0,3,t,7,4,439,3,,1315,3,6,0,1987
202587,0,3,t,4,5,439,3,,1315,3,83,0,1987
202588,0,4,t,3,6,439,3,,1315,3,157,0,1987
202589,0,5,t,2,7,439,3,,1315,3,166,0,1987
202590,0,5,t,2,8,439,3,,1315,3,167,0,1987
202591,0,6,t,1,9,439,3,,1315,3,146,0,1987
202592,0,8,f,0,,439,3,,1315,3,123,0,1987
202593,0,8,f,0,,439,3,,1315,3,169,0,1987
202594,0,10,f,0,,439,3,,1315,3,168,0,1987
202595,0,12,f,0,,439,3,,1315,3,161,0,1987
202596,0,,f,0,,439,3,,1315,3,119,0,1987
202597,0,,f,0,,439,3,,1315,3,165,0,1987
202598,0,1,t,31,1,440,4,,1318,3,117,2,1987
202599,0,1,t,22,2,440,4,,1318,3,141,1,1987
202600,0,1,t,18,3,440,4,,1318,3,58,1,1987
202601,0,3,t,14,4,440,4,,1318,3,6,0,1987
202602,0,3,t,4,5,440,4,,1318,3,83,0,1987
202603,0,4,t,3,6,440,4,,1318,3,157,0,1987
202604,0,5,t,2,7,440,4,,1318,3,166,0,1987
202605,0,5,t,2,8,440,4,,1318,3,123,0,1987
202606,0,5,t,2,9,440,4,,1318,3,167,0,1987
202607,0,6,t,1,10,440,4,,1318,3,146,0,1987
202608,0,6,t,1,11,440,4,,1318,3,119,0,1987
202609,0,8,f,0,,440,4,,1318,3,169,0,1987
202610,0,10,f,0,,440,4,,1318,3,168,0,1987
202611,0,12,f,0,,440,4,,1318,3,161,0,1987
202612,0,,f,0,,440,4,,1318,3,165,0,1987
202613,0,1,t,35,1,441,5,,1321,3,117,2,1987
202614,0,1,t,30,2,441,5,,1321,3,141,1,1987
202615,0,1,t,27,3,441,5,,1321,3,58,2,1987
202616,0,3,t,17,4,441,5,,1321,3,6,0,1987
202617,0,3,t,4,5,441,5,,1321,3,83,0,1987
202618,0,4,t,4,6,441,5,,1321,3,157,0,1987
202619,0,5,t,2,7,441,5,,1321,3,166,0,1987
202620,0,5,t,2,8,441,5,,1321,3,123,0,1987
202621,0,5,t,2,9,441,5,,1321,3,167,0,1987
202622,0,6,t,1,10,441,5,,1321,3,146,0,1987
202623,0,6,t,1,11,441,5,,1321,3,119,0,1987
202624,0,8,f,0,,441,5,,1321,3,169,0,1987
202625,0,10,f,0,,441,5,,1321,3,168,0,1987
202626,0,12,f,0,,441,5,,1321,3,161,0,1987
202627,0,,f,0,,441,5,,1321,3,165,0,1987
202628,0,1,t,45,1,442,6,,1324,3,141,2,1987
202629,0,1,t,39,2,442,6,,1324,3,117,2,1987
202630,0,1,t,30,3,442,6,,1324,3,58,2,1987
202631,0,3,t,17,4,442,6,,1324,3,6,0,1987
202632,0,3,t,4,5,442,6,,1324,3,83,0,1987
202633,0,4,t,4,6,442,6,,1324,3,157,0,1987
202634,0,5,t,4,7,442,6,,1324,3,167,0,1987
202635,0,5,t,3,8,442,6,,1324,3,123,0,1987
202636,0,5,t,2,9,442,6,,1324,3,166,0,1987
202637,0,6,t,1,10,442,6,,1324,3,146,0,1987
202638,0,6,t,1,11,442,6,,1324,3,119,0,1987
202639,0,8,f,0,,442,6,,1324,3,169,0,1987
202640,0,9,f,0,,442,6,,1324,3,168,0,1987
202641,0,12,f,0,,442,6,,1324,3,161,0,1987
202642,0,,f,0,,442,6,,1324,3,165,0,1987
202643,0,1,t,60,1,443,7,,1327,3,141,3,1987
202644,0,1,t,39,2,443,7,,1327,3,117,2,1987
202645,0,1,t,37,3,443,7,,1327,3,58,2,1987
202646,0,3,t,17,4,443,7,,1327,3,6,0,1987
202647,0,4,t,6,5,443,7,,1327,3,157,0,1987
202648,0,5,t,5,6,443,7,,1327,3,167,0,1987
202649,0,3,t,4,7,443,7,,1327,3,83,0,1987
202650,0,5,t,3,8,443,7,,1327,3,123,0,1987
202651,0,5,t,2,9,443,7,,1327,3,166,0,1987
202652,0,6,t,1,10,443,7,,1327,3,146,0,1987
202653,0,6,t,1,11,443,7,,1327,3,119,0,1987
202654,0,8,f,0,,443,7,,1327,3,169,0,1987
202655,0,9,f,0,,443,7,,1327,3,168,0,1987
202656,0,12,f,0,,443,7,,1327,3,161,0,1987
202657,0,,f,0,,443,7,,1327,3,165,0,1987
202658,0,1,t,69,1,444,8,,1330,3,141,4,1987
202659,0,1,t,45,2,444,8,,1330,3,117,2,1987
202660,0,1,t,41,3,444,8,,1330,3,58,2,1987
202661,0,3,t,17,4,444,8,,1330,3,6,0,1987
202662,0,4,t,8,5,444,8,,1330,3,123,0,1987
202663,0,4,t,6,6,444,8,,1330,3,157,0,1987
202664,0,5,t,5,7,444,8,,1330,3,167,0,1987
202665,0,3,t,4,8,444,8,,1330,3,83,0,1987
202666,0,5,t,2,9,444,8,,1330,3,166,0,1987
202667,0,6,t,1,10,444,8,,1330,3,146,0,1987
202668,0,6,t,1,11,444,8,,1330,3,169,0,1987
202669,0,6,t,1,12,444,8,,1330,3,119,0,1987
202670,0,9,f,0,,444,8,,1330,3,168,0,1987
202671,0,12,f,0,,444,8,,1330,3,161,0,1987
202672,0,,f,0,,444,8,,1330,3,165,0,1987
202673,0,1,t,78,1,445,9,,1333,3,141,5,1987
202674,0,1,t,49,2,445,9,,1333,3,117,2,1987
202675,0,1,t,47,3,445,9,,1333,3,58,2,1987
202676,0,3,t,17,4,445,9,,1333,3,6,0,1987
202677,0,4,t,8,5,445,9,,1333,3,123,0,1987
202678,0,4,t,8,6,445,9,,1333,3,167,0,1987
202679,0,4,t,7,7,445,9,,1333,3,157,0,1987
202680,0,3,t,6,8,445,9,,1333,3,83,0,1987
202681,0,5,t,2,9,445,9,,1333,3,166,0,1987
202682,0,6,t,1,10,445,9,,1333,3,146,0,1987
202683,0,6,t,1,11,445,9,,1333,3,169,0,1987
202684,0,6,t,1,12,445,9,,1333,3,119,0,1987
202685,0,9,f,0,,445,9,,1333,3,168,0,1987
202686,0,11,f,0,,445,9,,1333,3,165,0,1987
202687,0,12,f,0,,445,9,,1333,3,161,0,1987
202688,0,1,t,93,1,446,10,,1336,3,141,6,1987
202689,0,1,t,50,2,446,10,,1336,3,117,2,1987
202690,0,1,t,49,3,446,10,,1336,3,58,2,1987
202691,0,3,t,17,4,446,10,,1336,3,6,0,1987
202692,0,3,t,15,5,446,10,,1336,3,167,0,1987
202693,0,4,t,8,6,446,10,,1336,3,123,0,1987
202694,0,4,t,7,7,446,10,,1336,3,157,0,1987
202695,0,3,t,6,8,446,10,,1336,3,83,0,1987
202696,0,5,t,2,9,446,10,,1336,3,166,0,1987
202697,0,6,t,1,10,446,10,,1336,3,146,0,1987
202698,0,6,t,1,11,446,10,,1336,3,169,0,1987
202699,0,6,t,1,12,446,10,,1336,3,119,0,1987
202700,0,9,f,0,,446,10,,1336,3,168,0,1987
202701,0,11,f,0,,446,10,,1336,3,165,0,1987
202702,0,12,f,0,,446,10,,1336,3,161,0,1987
202703,0,1,t,106,1,447,11,,1339,3,141,7,1987
202704,0,1,t,55,2,447,11,,1339,3,58,2,1987
202705,0,1,t,51,3,447,11,,1339,3,117,2,1987
202706,0,3,t,20,4,447,11,,1339,3,6,0,1987
202707,0,3,t,17,5,447,11,,1339,3,167,0,1987
202708,0,4,t,8,6,447,11,,1339,3,123,0,1987
202709,0,4,t,7,7,447,11,,1339,3,157,0,1987
202710,0,3,t,6,8,447,11,,1339,3,83,0,1987
202711,0,5,t,2,9,447,11,,1339,3,166,0,1987
202712,0,6,t,1,10,447,11,,1339,3,146,0,1987
202713,0,6,t,1,11,447,11,,1339,3,169,0,1987
202714,0,6,t,1,12,447,11,,1339,3,119,0,1987
202715,0,9,f,0,,447,11,,1339,3,168,0,1987
202716,0,11,f,0,,447,11,,1339,3,165,0,1987
202717,0,12,f,0,,447,11,,1339,3,161,0,1987
202718,0,1,t,110,1,448,12,,1342,3,141,7,1987
202719,0,1,t,62,2,448,12,,1342,3,117,3,1987
202720,0,1,t,55,3,448,12,,1342,3,58,2,1987
202721,0,2,t,26,4,448,12,,1342,3,6,0,1987
202722,0,3,t,20,5,448,12,,1342,3,167,0,1987
202723,0,4,t,8,6,448,12,,1342,3,123,0,1987
202724,0,4,t,8,7,448,12,,1342,3,157,0,1987
202725,0,3,t,6,8,448,12,,1342,3,83,0,1987
202726,0,5,t,2,9,448,12,,1342,3,166,0,1987
202727,0,6,t,1,10,448,12,,1342,3,146,0,1987
202728,0,6,t,1,11,448,12,,1342,3,169,0,1987
202729,0,6,t,1,12,448,12,,1342,3,119,0,1987
202730,0,9,f,0,,448,12,,1342,3,168,0,1987
202731,0,11,f,0,,448,12,,1342,3,165,0,1987
202732,0,12,f,0,,448,12,,1342,3,161,0,1987
202733,0,1,t,122,1,449,13,,1345,3,141,8,1987
202734,0,1,t,72,2,449,13,,1345,3,117,3,1987
202735,0,1,t,57,3,449,13,,1345,3,58,2,1987
202736,0,2,t,26,4,449,13,,1345,3,6,0,1987
202737,0,3,t,20,5,449,13,,1345,3,167,0,1987
202738,0,4,t,8,6,449,13,,1345,3,123,0,1987
202739,0,4,t,8,7,449,13,,1345,3,157,0,1987
202740,0,3,t,6,8,449,13,,1345,3,83,0,1987
202741,0,5,t,2,9,449,13,,1345,3,166,0,1987
202742,0,6,t,2,10,449,13,,1345,3,169,0,1987
202743,0,6,t,1,11,449,13,,1345,3,146,0,1987
202744,0,6,t,1,12,449,13,,1345,3,119,0,1987
202745,0,9,f,0,,449,13,,1345,3,168,0,1987
202746,0,11,f,0,,449,13,,1345,3,165,0,1987
202747,0,12,f,0,,449,13,,1345,3,161,0,1987
202748,0,,f,0,,449,13,,1345,3,170,0,1987
202749,0,1,t,137,1,450,14,,1348,3,141,9,1987
202750,0,1,t,72,2,450,14,,1348,3,117,3,1987
202751,0,1,t,57,3,450,14,,1348,3,58,2,1987
202752,0,2,t,26,4,450,14,,1348,3,6,0,1987
202753,0,3,t,22,5,450,14,,1348,3,167,0,1987
202754,0,4,t,11,6,450,14,,1348,3,157,0,1987
202755,0,3,t,10,7,450,14,,1348,3,83,0,1987
202756,0,4,t,8,8,450,14,,1348,3,123,0,1987
202757,0,6,t,3,9,450,14,,1348,3,169,0,1987
202758,0,5,t,2,10,450,14,,1348,3,166,0,1987
202759,0,6,t,1,11,450,14,,1348,3,146,0,1987
202760,0,6,t,1,12,450,14,,1348,3,119,0,1987
202761,0,9,f,0,,450,14,,1348,3,168,0,1987
202762,0,11,f,0,,450,14,,1348,3,165,0,1987
202763,0,12,f,0,,450,14,,1348,3,161,0,1987
202764,0,,f,0,,450,14,,1348,3,170,0,1987
202765,0,1,t,137,1,451,15,,1351,3,141,9,1987
202766,0,1,t,76,2,451,15,,1351,3,117,3,1987
202767,0,1,t,64,3,451,15,,1351,3,58,2,1987
202768,0,1,t,38,4,451,15,,1351,3,6,1,1987
202769,0,3,t,24,5,451,15,,1351,3,167,0,1987
202770,0,4,t,11,6,451,15,,1351,3,157,0,1987
202771,0,3,t,10,7,451,15,,1351,3,83,0,1987
202772,0,4,t,8,8,451,15,,1351,3,123,0,1987
202773,0,6,t,3,9,451,15,,1351,3,169,0,1987
202774,0,5,t,2,10,451,15,,1351,3,166,0,1987
202775,0,6,t,1,11,451,15,,1351,3,146,0,1987
202776,0,6,t,1,12,451,15,,1351,3,119,0,1987
202777,0,9,f,0,,451,15,,1351,3,168,0,1987
202778,0,11,f,0,,451,15,,1351,3,165,0,1987
202779,0,12,f,0,,451,15,,1351,3,161,0,1987
202780,0,,f,0,,451,15,,1351,3,170,0,1987
202781,0,1,t,137,1,452,16,38,1354,3,141,9,1987
202782,0,1,t,76,2,452,16,38,1354,3,117,3,1987
202783,0,1,t,64,3,452,16,38,1354,3,58,2,1987
202784,0,1,t,53,4,452,16,38,1354,3,6,2,1987
202785,0,3,t,28,5,452,16,38,1354,3,167,0,1987
202786,0,4,t,11,6,452,16,38,1354,3,123,0,1987
202787,0,4,t,11,7,452,16,38,1354,3,157,0,1987
202788,0,3,t,10,8,452,16,38,1354,3,83,0,1987
202789,0,5,t,3,9,452,16,38,1354,3,169,0,1987
202790,0,5,t,2,10,452,16,38,1354,3,166,0,1987
202791,0,6,t,1,11,452,16,38,1354,3,146,0,1987
202792,0,6,t,1,12,452,16,38,1354,3,168,0,1987
202793,0,6,t,1,13,452,16,38,1354,3,119,0,1987
202794,0,11,f,0,,452,16,38,1354,3,165,0,1987
202795,0,12,f,0,,452,16,38,1354,3,161,0,1987
202796,0,,f,0,,452,16,38,1354,3,170,0,1987
202797,0,1,t,9,1,453,1,,1357,3,117,1,1988
202798,0,2,t,8,2,453,1,,1357,3,6,0,1988
202799,0,3,t,5,3,453,1,,1357,3,58,0,1988
202800,0,4,t,3,4,453,1,,1357,3,157,0,1988
202801,0,7,f,0,,453,1,,1357,3,167,0,1988
202802,0,9,f,0,,453,1,,1357,3,146,0,1988
202803,0,,f,0,,453,1,,1357,3,173,0,1988
202804,0,,f,0,,453,1,,1357,3,123,0,1988
202805,0,,f,0,,453,1,,1357,3,165,0,1988
202806,0,,f,0,,453,1,,1357,3,169,0,1988
202807,0,,f,0,,453,1,,1357,3,170,0,1988
202808,0,,f,0,,453,1,,1357,3,168,0,1988
202809,0,,f,0,,453,1,,1357,3,172,0,1988
202810,0,,f,0,,453,1,,1357,3,141,0,1988
202811,0,,f,0,,453,1,,1357,3,119,0,1988
202812,0,1,t,24,1,454,2,,1360,3,117,2,1988
202813,0,2,t,10,2,454,2,,1360,3,6,0,1988
202814,0,3,t,9,3,454,2,,1360,3,58,0,1988
202815,0,4,t,4,4,454,2,,1360,3,167,0,1988
202816,0,4,t,3,5,454,2,,1360,3,157,0,1988
202817,0,9,f,0,,454,2,,1360,3,146,0,1988
202818,0,10,f,0,,454,2,,1360,3,168,0,1988
202819,0,11,f,0,,454,2,,1360,3,165,0,1988
202820,0,12,f,0,,454,2,,1360,3,169,0,1988
202821,0,13,f,0,,454,2,,1360,3,141,0,1988
202822,0,14,f,0,,454,2,,1360,3,123,0,1988
202823,0,15,f,0,,454,2,,1360,3,119,0,1988
202824,0,,f,0,,454,2,,1360,3,173,0,1988
202825,0,,f,0,,454,2,,1360,3,170,0,1988
202826,0,,f,0,,454,2,,1360,3,172,0,1988
202827,0,,f,0,,454,2,,1360,3,171,0,1988
202828,0,,f,0,,454,2,,1360,3,166,0,1988
202829,0,,f,0,,454,2,,1360,3,161,0,1988
202830,0,1,t,33,1,455,3,,1363,3,117,3,1988
202831,0,2,t,20,2,455,3,,1363,3,6,0,1988
202832,0,3,t,9,3,455,3,,1363,3,58,0,1988
202833,0,4,t,6,4,455,3,,1363,3,157,0,1988
202834,0,4,t,4,5,455,3,,1363,3,167,0,1988
202835,0,5,t,2,6,455,3,,1363,3,123,0,1988
202836,0,6,t,1,7,455,3,,1363,3,141,0,1988
202837,0,7,f,0,,455,3,,1363,3,169,0,1988
202838,0,9,f,0,,455,3,,1363,3,146,0,1988
202839,0,9,f,0,,455,3,,1363,3,161,0,1988
202840,0,10,f,0,,455,3,,1363,3,119,0,1988
202841,0,10,f,0,,455,3,,1363,3,168,0,1988
202842,0,11,f,0,,455,3,,1363,3,165,0,1988
202843,0,,f,0,,455,3,,1363,3,173,0,1988
202844,0,,f,0,,455,3,,1363,3,170,0,1988
202845,0,,f,0,,455,3,,1363,3,166,0,1988
202846,0,,f,0,,455,3,,1363,3,172,0,1988
202847,0,,f,0,,455,3,,1363,3,171,0,1988
202848,0,1,t,48,1,456,4,,1366,3,117,4,1988
202849,0,2,t,27,2,456,4,,1366,3,6,0,1988
202850,0,3,t,9,3,456,4,,1366,3,58,0,1988
202851,0,4,t,9,4,456,4,,1366,3,157,0,1988
202852,0,4,t,4,5,456,4,,1366,3,167,0,1988
202853,0,5,t,2,6,456,4,,1366,3,123,0,1988
202854,0,6,t,1,7,456,4,,1366,3,141,0,1988
202855,0,7,f,0,,456,4,,1366,3,169,0,1988
202856,0,9,f,0,,456,4,,1366,3,146,0,1988
202857,0,9,f,0,,456,4,,1366,3,161,0,1988
202858,0,10,f,0,,456,4,,1366,3,168,0,1988
202859,0,10,f,0,,456,4,,1366,3,119,0,1988
202860,0,11,f,0,,456,4,,1366,3,165,0,1988
202861,0,13,f,0,,456,4,,1366,3,172,0,1988
202862,0,14,f,0,,456,4,,1366,3,170,0,1988
202863,0,15,f,0,,456,4,,1366,3,166,0,1988
202864,0,,f,0,,456,4,,1366,3,173,0,1988
202865,0,,f,0,,456,4,,1366,3,171,0,1988
202866,0,1,t,63,1,457,5,,1369,3,117,5,1988
202867,0,2,t,27,2,457,5,,1369,3,6,0,1988
202868,0,3,t,12,3,457,5,,1369,3,58,0,1988
202869,0,4,t,9,4,457,5,,1369,3,157,0,1988
202870,0,3,t,8,5,457,5,,1369,3,167,0,1988
202871,0,5,t,3,6,457,5,,1369,3,123,0,1988
202872,0,5,t,2,7,457,5,,1369,3,119,0,1988
202873,0,6,t,1,8,457,5,,1369,3,141,0,1988
202874,0,7,f,0,,457,5,,1369,3,169,0,1988
202875,0,8,f,0,,457,5,,1369,3,170,0,1988
202876,0,9,f,0,,457,5,,1369,3,146,0,1988
202877,0,9,f,0,,457,5,,1369,3,173,0,1988
202878,0,9,f,0,,457,5,,1369,3,161,0,1988
202879,0,10,f,0,,457,5,,1369,3,168,0,1988
202880,0,11,f,0,,457,5,,1369,3,165,0,1988
202881,0,12,f,0,,457,5,,1369,3,172,0,1988
202882,0,14,f,0,,457,5,,1369,3,166,0,1988
202883,0,,f,0,,457,5,,1369,3,171,0,1988
202884,0,1,t,78,1,458,6,,1372,3,117,6,1988
202885,0,2,t,27,2,458,6,,1372,3,6,0,1988
202886,0,3,t,12,3,458,6,,1372,3,167,0,1988
202887,0,3,t,12,4,458,6,,1372,3,58,0,1988
202888,0,4,t,9,5,458,6,,1372,3,157,0,1988
202889,0,5,t,5,6,458,6,,1372,3,123,0,1988
202890,0,4,t,3,7,458,6,,1372,3,173,0,1988
202891,0,5,t,2,8,458,6,,1372,3,119,0,1988
202892,0,6,t,1,9,458,6,,1372,3,165,0,1988
202893,0,6,t,1,10,458,6,,1372,3,141,0,1988
202894,0,7,f,0,,458,6,,1372,3,169,0,1988
202895,0,8,f,0,,458,6,,1372,3,170,0,1988
202896,0,8,f,0,,458,6,,1372,3,171,0,1988
202897,0,9,f,0,,458,6,,1372,3,146,0,1988
202898,0,9,f,0,,458,6,,1372,3,161,0,1988
202899,0,10,f,0,,458,6,,1372,3,168,0,1988
202900,0,12,f,0,,458,6,,1372,3,172,0,1988
202901,0,14,f,0,,458,6,,1372,3,166,0,1988
202902,0,1,t,93,1,459,7,,1375,3,117,7,1988
202903,0,2,t,34,2,459,7,,1375,3,6,0,1988
202904,0,3,t,14,3,459,7,,1375,3,58,0,1988
202905,0,3,t,13,4,459,7,,1375,3,167,0,1988
202906,0,4,t,9,5,459,7,,1375,3,157,0,1988
202907,0,5,t,5,6,459,7,,1375,3,123,0,1988
202908,0,4,t,3,7,459,7,,1375,3,173,0,1988
202909,0,5,t,2,8,459,7,,1375,3,119,0,1988
202910,0,6,t,1,9,459,7,,1375,3,165,0,1988
202911,0,6,t,1,10,459,7,,1375,3,141,0,1988
202912,0,7,f,0,,459,7,,1375,3,169,0,1988
202913,0,8,f,0,,459,7,,1375,3,171,0,1988
202914,0,8,f,0,,459,7,,1375,3,170,0,1988
202915,0,9,f,0,,459,7,,1375,3,146,0,1988
202916,0,9,f,0,,459,7,,1375,3,161,0,1988
202917,0,10,f,0,,459,7,,1375,3,168,0,1988
202918,0,12,f,0,,459,7,,1375,3,172,0,1988
202919,0,14,f,0,,459,7,,1375,3,166,0,1988
202920,0,1,t,102,1,460,8,,1378,3,117,8,1988
202921,0,2,t,34,2,460,8,,1378,3,6,0,1988
202922,0,3,t,17,3,460,8,,1378,3,167,0,1988
202923,0,3,t,16,4,460,8,,1378,3,58,0,1988
202924,0,4,t,10,5,460,8,,1378,3,157,0,1988
202925,0,2,t,7,6,460,8,,1378,3,141,0,1988
202926,0,4,t,5,7,460,8,,1378,3,119,0,1988
202927,0,5,t,5,8,460,8,,1378,3,123,0,1988
202928,0,4,t,3,9,460,8,,1378,3,173,0,1988
202929,0,6,t,1,10,460,8,,1378,3,165,0,1988
202930,0,7,f,0,,460,8,,1378,3,169,0,1988
202931,0,8,f,0,,460,8,,1378,3,171,0,1988
202932,0,8,f,0,,460,8,,1378,3,170,0,1988
202933,0,9,f,0,,460,8,,1378,3,146,0,1988
202934,0,9,f,0,,460,8,,1378,3,161,0,1988
202935,0,10,f,0,,460,8,,1378,3,168,0,1988
202936,0,12,f,0,,460,8,,1378,3,172,0,1988
202937,0,14,f,0,,460,8,,1378,3,166,0,1988
202938,0,1,t,117,1,461,9,,1381,3,117,9,1988
202939,0,2,t,41,2,461,9,,1381,3,6,0,1988
202940,0,3,t,18,3,461,9,,1381,3,167,0,1988
202941,0,3,t,16,4,461,9,,1381,3,58,0,1988
202942,0,4,t,10,5,461,9,,1381,3,157,0,1988
202943,0,2,t,7,6,461,9,,1381,3,141,0,1988
202944,0,4,t,7,7,461,9,,1381,3,119,0,1988
202945,0,5,t,5,8,461,9,,1381,3,123,0,1988
202946,0,4,t,3,9,461,9,,1381,3,173,0,1988
202947,0,6,t,1,10,461,9,,1381,3,165,0,1988
202948,0,7,f,0,,461,9,,1381,3,169,0,1988
202949,0,8,f,0,,461,9,,1381,3,171,0,1988
202950,0,8,f,0,,461,9,,1381,3,170,0,1988
202951,0,9,f,0,,461,9,,1381,3,146,0,1988
202952,0,9,f,0,,461,9,,1381,3,161,0,1988
202953,0,10,f,0,,461,9,,1381,3,168,0,1988
202954,0,12,f,0,,461,9,,1381,3,172,0,1988
202955,0,12,f,0,,461,9,,1381,3,166,0,1988
202956,0,1,t,132,1,462,10,,1384,3,117,10,1988
202957,0,2,t,44,2,462,10,,1384,3,6,0,1988
202958,0,3,t,22,3,462,10,,1384,3,167,0,1988
202959,0,3,t,16,4,462,10,,1384,3,58,0,1988
202960,0,4,t,10,5,462,10,,1384,3,157,0,1988
202961,0,4,t,9,6,462,10,,1384,3,119,0,1988
202962,0,2,t,8,7,462,10,,1384,3,141,0,1988
202963,0,5,t,5,8,462,10,,1384,3,123,0,1988
202964,0,4,t,3,9,462,10,,1384,3,173,0,1988
202965,0,6,t,1,10,462,10,,1384,3,165,0,1988
202966,0,7,f,0,,462,10,,1384,3,169,0,1988
202967,0,8,f,0,,462,10,,1384,3,171,0,1988
202968,0,8,f,0,,462,10,,1384,3,170,0,1988
202969,0,9,f,0,,462,10,,1384,3,146,0,1988
202970,0,9,f,0,,462,10,,1384,3,161,0,1988
202971,0,10,f,0,,462,10,,1384,3,168,0,1988
202972,0,11,f,0,,462,10,,1384,3,172,0,1988
202973,0,12,f,0,,462,10,,1384,3,166,0,1988
202974,0,1,t,147,1,463,11,,1387,3,117,11,1988
202975,0,2,t,44,2,463,11,,1387,3,6,0,1988
202976,0,3,t,22,3,463,11,,1387,3,167,0,1988
202977,0,3,t,19,4,463,11,,1387,3,58,0,1988
202978,0,3,t,13,5,463,11,,1387,3,119,0,1988
202979,0,4,t,13,6,463,11,,1387,3,157,0,1988
202980,0,2,t,8,7,463,11,,1387,3,141,0,1988
202981,0,5,t,5,8,463,11,,1387,3,123,0,1988
202982,0,4,t,3,9,463,11,,1387,3,173,0,1988
202983,0,6,t,1,10,463,11,,1387,3,165,0,1988
202984,0,7,f,0,,463,11,,1387,3,169,0,1988
202985,0,8,f,0,,463,11,,1387,3,171,0,1988
202986,0,8,f,0,,463,11,,1387,3,170,0,1988
202987,0,9,f,0,,463,11,,1387,3,146,0,1988
202988,0,9,f,0,,463,11,,1387,3,161,0,1988
202989,0,10,f,0,,463,11,,1387,3,168,0,1988
202990,0,11,f,0,,463,11,,1387,3,172,0,1988
202991,0,12,f,0,,463,11,,1387,3,166,0,1988
202992,0,1,t,147,1,464,12,,1390,3,117,11,1988
202993,0,1,t,59,2,464,12,,1390,3,6,1,1988
202994,0,3,t,23,3,464,12,,1390,3,167,0,1988
202995,0,3,t,20,4,464,12,,1390,3,157,0,1988
202996,0,3,t,19,5,464,12,,1390,3,58,0,1988
202997,0,3,t,15,6,464,12,,1390,3,119,0,1988
202998,0,2,t,8,7,464,12,,1390,3,141,0,1988
202999,0,5,t,5,8,464,12,,1390,3,123,0,1988
203000,0,4,t,3,9,464,12,,1390,3,173,0,1988
203001,0,6,t,1,10,464,12,,1390,3,165,0,1988
203002,0,7,f,0,,464,12,,1390,3,169,0,1988
203003,0,8,f,0,,464,12,,1390,3,171,0,1988
203004,0,8,f,0,,464,12,,1390,3,170,0,1988
203005,0,9,f,0,,464,12,,1390,3,146,0,1988
203006,0,9,f,0,,464,12,,1390,3,161,0,1988
203007,0,10,f,0,,464,12,,1390,3,168,0,1988
203008,0,11,f,0,,464,12,,1390,3,172,0,1988
203009,0,12,f,0,,464,12,,1390,3,166,0,1988
203010,0,1,t,157,1,465,13,,1393,3,117,12,1988
203011,0,1,t,61,2,465,13,,1393,3,6,1,1988
203012,0,3,t,27,3,465,13,,1393,3,167,0,1988
203013,0,3,t,23,4,465,13,,1393,3,157,0,1988
203014,0,2,t,21,5,465,13,,1393,3,119,0,1988
203015,0,3,t,19,6,465,13,,1393,3,58,0,1988
203016,0,2,t,8,7,465,13,,1393,3,141,0,1988
203017,0,5,t,5,8,465,13,,1393,3,123,0,1988
203018,0,4,t,3,9,465,13,,1393,3,173,0,1988
203019,0,6,t,1,10,465,13,,1393,3,165,0,1988
203020,0,7,f,0,,465,13,,1393,3,169,0,1988
203021,0,7,f,0,,465,13,,1393,3,171,0,1988
203022,0,8,f,0,,465,13,,1393,3,170,0,1988
203023,0,9,f,0,,465,13,,1393,3,146,0,1988
203024,0,9,f,0,,465,13,,1393,3,168,0,1988
203025,0,9,f,0,,465,13,,1393,3,161,0,1988
203026,0,11,f,0,,465,13,,1393,3,172,0,1988
203027,0,12,f,0,,465,13,,1393,3,166,0,1988
203028,0,1,t,169,1,466,14,,1396,3,117,13,1988
203029,0,1,t,62,2,466,14,,1396,3,6,1,1988
203030,0,3,t,31,3,466,14,,1396,3,167,0,1988
203031,0,3,t,23,4,466,14,,1396,3,157,0,1988
203032,0,2,t,21,5,466,14,,1396,3,119,0,1988
203033,0,3,t,19,6,466,14,,1396,3,58,0,1988
203034,0,2,t,16,7,466,14,,1396,3,141,0,1988
203035,0,5,t,5,8,466,14,,1396,3,123,0,1988
203036,0,4,t,3,9,466,14,,1396,3,173,0,1988
203037,0,6,t,1,10,466,14,,1396,3,165,0,1988
203038,0,7,f,0,,466,14,,1396,3,169,0,1988
203039,0,7,f,0,,466,14,,1396,3,171,0,1988
203040,0,8,f,0,,466,14,,1396,3,170,0,1988
203041,0,9,f,0,,466,14,,1396,3,146,0,1988
203042,0,9,f,0,,466,14,,1396,3,168,0,1988
203043,0,9,f,0,,466,14,,1396,3,161,0,1988
203044,0,11,f,0,,466,14,,1396,3,172,0,1988
203045,0,12,f,0,,466,14,,1396,3,166,0,1988
203046,0,1,t,184,1,467,15,,1399,3,117,14,1988
203047,0,1,t,65,2,467,15,,1399,3,6,1,1988
203048,0,3,t,37,3,467,15,,1399,3,167,0,1988
203049,0,3,t,23,4,467,15,,1399,3,157,0,1988
203050,0,2,t,21,5,467,15,,1399,3,119,0,1988
203051,0,3,t,19,6,467,15,,1399,3,58,0,1988
203052,0,2,t,17,7,467,15,,1399,3,141,0,1988
203053,0,5,t,5,8,467,15,,1399,3,123,0,1988
203054,0,4,t,3,9,467,15,,1399,3,173,0,1988
203055,0,6,t,1,10,467,15,,1399,3,165,0,1988
203056,0,7,f,0,,467,15,,1399,3,169,0,1988
203057,0,7,f,0,,467,15,,1399,3,171,0,1988
203058,0,8,f,0,,467,15,,1399,3,168,0,1988
203059,0,8,f,0,,467,15,,1399,3,170,0,1988
203060,0,9,f,0,,467,15,,1399,3,146,0,1988
203061,0,9,f,0,,467,15,,1399,3,161,0,1988
203062,0,11,f,0,,467,15,,1399,3,172,0,1988
203063,0,12,f,0,,467,15,,1399,3,166,0,1988
203064,0,1,t,199,1,468,16,39,1402,3,117,15,1988
203065,0,1,t,65,2,468,16,39,1402,3,6,1,1988
203066,0,3,t,39,3,468,16,39,1402,3,167,0,1988
203067,0,3,t,23,4,468,16,39,1402,3,58,0,1988
203068,0,3,t,23,5,468,16,39,1402,3,157,0,1988
203069,0,2,t,22,6,468,16,39,1402,3,119,0,1988
203070,0,2,t,20,7,468,16,39,1402,3,141,0,1988
203071,0,5,t,5,8,468,16,39,1402,3,123,0,1988
203072,0,4,t,3,9,468,16,39,1402,3,173,0,1988
203073,0,6,t,1,10,468,16,39,1402,3,165,0,1988
203074,0,7,f,0,,468,16,39,1402,3,169,0,1988
203075,0,7,f,0,,468,16,39,1402,3,171,0,1988
203076,0,8,f,0,,468,16,39,1402,3,168,0,1988
203077,0,8,f,0,,468,16,39,1402,3,170,0,1988
203078,0,9,f,0,,468,16,39,1402,3,146,0,1988
203079,0,9,f,0,,468,16,39,1402,3,161,0,1988
203080,0,11,f,0,,468,16,39,1402,3,172,0,1988
203081,0,12,f,0,,468,16,39,1402,3,166,0,1988
203082,0,1,t,9,1,469,1,,1405,3,6,1,1989
203083,0,2,t,6,2,469,1,,1405,3,117,0,1989
203084,0,3,t,4,3,469,1,,1405,3,119,0,1989
203085,0,4,t,4,4,469,1,,1405,3,167,0,1989
203086,0,5,t,2,5,469,1,,1405,3,157,0,1989
203087,0,7,f,0,,469,1,,1405,3,123,0,1989
203088,0,8,f,0,,469,1,,1405,3,58,0,1989
203089,0,9,f,0,,469,1,,1405,3,146,0,1989
203090,0,12,f,0,,469,1,,1405,3,169,0,1989
203091,0,13,f,0,,469,1,,1405,3,171,0,1989
203092,0,14,f,0,,469,1,,1405,3,173,0,1989
203093,0,15,f,0,,469,1,,1405,3,141,0,1989
203094,0,,f,0,,469,1,,1405,3,166,0,1989
203095,0,,f,0,,469,1,,1405,3,83,0,1989
203096,0,,f,0,,469,1,,1405,3,161,0,1989
203097,0,,f,0,,469,1,,1405,3,165,0,1989
203098,0,1,t,21,1,470,2,,1408,3,117,1,1989
203099,0,1,t,9,2,470,2,,1408,3,6,1,1989
203100,0,3,t,8,3,470,2,,1408,3,167,0,1989
203101,0,3,t,4,4,470,2,,1408,3,119,0,1989
203102,0,5,t,4,5,470,2,,1408,3,157,0,1989
203103,0,4,t,3,6,470,2,,1408,3,141,0,1989
203104,0,6,t,1,7,470,2,,1408,3,123,0,1989
203105,0,7,f,0,,470,2,,1408,3,171,0,1989
203106,0,8,f,0,,470,2,,1408,3,58,0,1989
203107,0,8,f,0,,470,2,,1408,3,168,0,1989
203108,0,9,f,0,,470,2,,1408,3,146,0,1989
203109,0,12,f,0,,470,2,,1408,3,161,0,1989
203110,0,12,f,0,,470,2,,1408,3,169,0,1989
203111,0,14,f,0,,470,2,,1408,3,173,0,1989
203112,0,,f,0,,470,2,,1408,3,83,0,1989
203113,0,,f,0,,470,2,,1408,3,165,0,1989
203114,0,,f,0,,470,2,,1408,3,166,0,1989
203115,0,1,t,36,1,471,3,,1411,3,117,2,1989
203116,0,1,t,9,2,471,3,,1411,3,6,1,1989
203117,0,3,t,8,3,471,3,,1411,3,167,0,1989
203118,0,3,t,5,4,471,3,,1411,3,83,0,1989
203119,0,3,t,4,5,471,3,,1411,3,119,0,1989
203120,0,5,t,4,6,471,3,,1411,3,157,0,1989
203121,0,4,t,3,7,471,3,,1411,3,171,0,1989
203122,0,4,t,3,8,471,3,,1411,3,141,0,1989
203123,0,5,t,3,9,471,3,,1411,3,123,0,1989
203124,0,8,f,0,,471,3,,1411,3,58,0,1989
203125,0,8,f,0,,471,3,,1411,3,168,0,1989
203126,0,9,f,0,,471,3,,1411,3,146,0,1989
203127,0,12,f,0,,471,3,,1411,3,169,0,1989
203128,0,12,f,0,,471,3,,1411,3,161,0,1989
203129,0,14,f,0,,471,3,,1411,3,173,0,1989
203130,0,,f,0,,471,3,,1411,3,165,0,1989
203131,0,,f,0,,471,3,,1411,3,166,0,1989
203132,0,,f,0,,471,3,,1411,3,170,0,1989
203133,0,1,t,47,1,472,4,,1414,3,117,3,1989
203134,0,3,t,11,2,472,4,,1414,3,167,0,1989
203135,0,1,t,9,3,472,4,,1414,3,6,1,1989
203136,0,2,t,9,4,472,4,,1414,3,141,0,1989
203137,0,3,t,7,5,472,4,,1414,3,123,0,1989
203138,0,3,t,5,6,472,4,,1414,3,83,0,1989
203139,0,3,t,4,7,472,4,,1414,3,119,0,1989
203140,0,5,t,4,8,472,4,,1414,3,157,0,1989
203141,0,4,t,3,9,472,4,,1414,3,171,0,1989
203142,0,6,t,1,10,472,4,,1414,3,168,0,1989
203143,0,8,f,0,,472,4,,1414,3,146,0,1989
203144,0,8,f,0,,472,4,,1414,3,58,0,1989
203145,0,12,f,0,,472,4,,1414,3,173,0,1989
203146,0,12,f,0,,472,4,,1414,3,169,0,1989
203147,0,12,f,0,,472,4,,1414,3,161,0,1989
203148,0,,f,0,,472,4,,1414,3,165,0,1989
203149,0,,f,0,,472,4,,1414,3,166,0,1989
203150,0,,f,0,,472,4,,1414,3,170,0,1989
203151,0,,f,0,,472,4,,1414,3,174,0,1989
203152,0,1,t,56,1,473,5,,1417,3,117,4,1989
203153,0,2,t,16,2,473,5,,1417,3,141,0,1989
203154,0,3,t,13,3,473,5,,1417,3,167,0,1989
203155,0,1,t,9,4,473,5,,1417,3,6,1,1989
203156,0,3,t,8,5,473,5,,1417,3,157,0,1989
203157,0,3,t,7,6,473,5,,1417,3,123,0,1989
203158,0,3,t,5,7,473,5,,1417,3,83,0,1989
203159,0,3,t,4,8,473,5,,1417,3,119,0,1989
203160,0,4,t,3,9,473,5,,1417,3,171,0,1989
203161,0,4,t,3,10,473,5,,1417,3,173,0,1989
203162,0,6,t,1,11,473,5,,1417,3,168,0,1989
203163,0,8,f,0,,473,5,,1417,3,146,0,1989
203164,0,8,f,0,,473,5,,1417,3,58,0,1989
203165,0,12,f,0,,473,5,,1417,3,169,0,1989
203166,0,12,f,0,,473,5,,1417,3,161,0,1989
203167,0,,f,0,,473,5,,1417,3,174,0,1989
203168,0,,f,0,,473,5,,1417,3,165,0,1989
203169,0,,f,0,,473,5,,1417,3,166,0,1989
203170,0,,f,0,,473,5,,1417,3,170,0,1989
203171,0,1,t,56,1,474,6,,1420,3,117,4,1989
203172,0,1,t,31,2,474,6,,1420,3,141,1,1989
203173,0,3,t,13,3,474,6,,1420,3,167,0,1989
203174,0,1,t,9,4,474,6,,1420,3,6,1,1989
203175,0,3,t,8,5,474,6,,1420,3,171,0,1989
203176,0,3,t,8,6,474,6,,1420,3,157,0,1989
203177,0,3,t,7,7,474,6,,1420,3,123,0,1989
203178,0,3,t,5,8,474,6,,1420,3,83,0,1989
203179,0,3,t,4,9,474,6,,1420,3,119,0,1989
203180,0,4,t,3,10,474,6,,1420,3,58,0,1989
203181,0,4,t,3,11,474,6,,1420,3,173,0,1989
203182,0,5,t,2,12,474,6,,1420,3,146,0,1989
203183,0,6,t,1,13,474,6,,1420,3,168,0,1989
203184,0,12,f,0,,474,6,,1420,3,161,0,1989
203185,0,12,f,0,,474,6,,1420,3,169,0,1989
203186,0,,f,0,,474,6,,1420,3,170,0,1989
203187,0,,f,0,,474,6,,1420,3,174,0,1989
203188,0,,f,0,,474,6,,1420,3,165,0,1989
203189,0,,f,0,,474,6,,1420,3,166,0,1989
203190,0,1,t,65,1,475,7,,1423,3,117,5,1989
203191,0,1,t,35,2,475,7,,1423,3,141,1,1989
203192,0,1,t,15,3,475,7,,1423,3,6,1,1989
203193,0,3,t,13,4,475,7,,1423,3,167,0,1989
203194,0,3,t,10,5,475,7,,1423,3,123,0,1989
203195,0,3,t,8,6,475,7,,1423,3,171,0,1989
203196,0,3,t,8,7,475,7,,1423,3,157,0,1989
203197,0,3,t,5,8,475,7,,1423,3,83,0,1989
203198,0,3,t,4,9,475,7,,1423,3,119,0,1989
203199,0,4,t,3,10,475,7,,1423,3,58,0,1989
203200,0,4,t,3,11,475,7,,1423,3,173,0,1989
203201,0,5,t,3,12,475,7,,1423,3,146,0,1989
203202,0,5,t,2,13,475,7,,1423,3,174,0,1989
203203,0,6,t,1,14,475,7,,1423,3,168,0,1989
203204,0,11,f,0,,475,7,,1423,3,169,0,1989
203205,0,12,f,0,,475,7,,1423,3,161,0,1989
203206,0,,f,0,,475,7,,1423,3,170,0,1989
203207,0,,f,0,,475,7,,1423,3,165,0,1989
203208,0,,f,0,,475,7,,1423,3,166,0,1989
203209,0,1,t,74,1,476,8,,1426,3,117,6,1989
203210,0,1,t,35,2,476,8,,1426,3,141,1,1989
203211,0,1,t,21,3,476,8,,1426,3,6,1,1989
203212,0,3,t,17,4,476,8,,1426,3,167,0,1989
203213,0,3,t,10,5,476,8,,1426,3,123,0,1989
203214,0,3,t,8,6,476,8,,1426,3,171,0,1989
203215,0,3,t,8,7,476,8,,1426,3,157,0,1989
203216,0,4,t,6,8,476,8,,1426,3,58,0,1989
203217,0,3,t,5,9,476,8,,1426,3,83,0,1989
203218,0,3,t,4,10,476,8,,1426,3,119,0,1989
203219,0,4,t,3,11,476,8,,1426,3,173,0,1989
203220,0,5,t,3,12,476,8,,1426,3,146,0,1989
203221,0,5,t,3,13,476,8,,1426,3,165,0,1989
203222,0,5,t,2,14,476,8,,1426,3,174,0,1989
203223,0,6,t,1,15,476,8,,1426,3,168,0,1989
203224,0,11,f,0,,476,8,,1426,3,169,0,1989
203225,0,12,f,0,,476,8,,1426,3,161,0,1989
203226,0,,f,0,,476,8,,1426,3,170,0,1989
203227,0,,f,0,,476,8,,1426,3,166,0,1989
203228,0,1,t,89,1,477,9,,1429,3,117,7,1989
203229,0,1,t,38,2,477,9,,1429,3,141,1,1989
203230,0,1,t,25,3,477,9,,1429,3,6,1,1989
203231,0,3,t,17,4,477,9,,1429,3,167,0,1989
203232,0,3,t,10,5,477,9,,1429,3,123,0,1989
203233,0,3,t,9,6,477,9,,1429,3,157,0,1989
203234,0,3,t,8,7,477,9,,1429,3,171,0,1989
203235,0,4,t,8,8,477,9,,1429,3,58,0,1989
203236,0,3,t,5,9,477,9,,1429,3,83,0,1989
203237,0,3,t,4,10,477,9,,1429,3,119,0,1989
203238,0,4,t,3,11,477,9,,1429,3,173,0,1989
203239,0,5,t,3,12,477,9,,1429,3,146,0,1989
203240,0,5,t,3,13,477,9,,1429,3,165,0,1989
203241,0,5,t,2,14,477,9,,1429,3,174,0,1989
203242,0,6,t,1,15,477,9,,1429,3,168,0,1989
203243,0,11,f,0,,477,9,,1429,3,169,0,1989
203244,0,12,f,0,,477,9,,1429,3,161,0,1989
203245,0,,f,0,,477,9,,1429,3,170,0,1989
203246,0,,f,0,,477,9,,1429,3,166,0,1989
203247,0,1,t,98,1,478,10,,1432,3,117,7,1989
203248,0,1,t,42,2,478,10,,1432,3,141,1,1989
203249,0,1,t,34,3,478,10,,1432,3,6,2,1989
203250,0,3,t,17,4,478,10,,1432,3,167,0,1989
203251,0,3,t,11,5,478,10,,1432,3,157,0,1989
203252,0,3,t,10,6,478,10,,1432,3,123,0,1989
203253,0,4,t,9,7,478,10,,1432,3,58,0,1989
203254,0,3,t,8,8,478,10,,1432,3,171,0,1989
203255,0,3,t,5,9,478,10,,1432,3,83,0,1989
203256,0,3,t,4,10,478,10,,1432,3,119,0,1989
203257,0,4,t,3,11,478,10,,1432,3,173,0,1989
203258,0,5,t,3,12,478,10,,1432,3,146,0,1989
203259,0,5,t,3,13,478,10,,1432,3,165,0,1989
203260,0,5,t,2,14,478,10,,1432,3,174,0,1989
203261,0,6,t,1,15,478,10,,1432,3,168,0,1989
203262,0,11,f,0,,478,10,,1432,3,169,0,1989
203263,0,12,f,0,,478,10,,1432,3,161,0,1989
203264,0,,f,0,,478,10,,1432,3,170,0,1989
203265,0,,f,0,,478,10,,1432,3,166,0,1989
203266,0,1,t,113,1,479,11,,1435,3,117,8,1989
203267,0,1,t,45,2,479,11,,1435,3,141,1,1989
203268,0,1,t,38,3,479,11,,1435,3,6,2,1989
203269,0,3,t,19,4,479,11,,1435,3,167,0,1989
203270,0,3,t,12,5,479,11,,1435,3,157,0,1989
203271,0,3,t,10,6,479,11,,1435,3,123,0,1989
203272,0,4,t,9,7,479,11,,1435,3,58,0,1989
203273,0,3,t,8,8,479,11,,1435,3,171,0,1989
203274,0,3,t,5,9,479,11,,1435,3,83,0,1989
203275,0,3,t,4,10,479,11,,1435,3,119,0,1989
203276,0,4,t,3,11,479,11,,1435,3,173,0,1989
203277,0,5,t,3,12,479,11,,1435,3,146,0,1989
203278,0,5,t,3,13,479,11,,1435,3,165,0,1989
203279,0,5,t,2,14,479,11,,1435,3,174,0,1989
203280,0,6,t,1,15,479,11,,1435,3,168,0,1989
203281,0,11,f,0,,479,11,,1435,3,169,0,1989
203282,0,12,f,0,,479,11,,1435,3,161,0,1989
203283,0,,f,0,,479,11,,1435,3,170,0,1989
203284,0,,f,0,,479,11,,1435,3,166,0,1989
203285,0,1,t,122,1,480,12,,1438,3,117,9,1989
203286,0,1,t,52,2,480,12,,1438,3,141,1,1989
203287,0,1,t,44,3,480,12,,1438,3,6,2,1989
203288,0,3,t,19,4,480,12,,1438,3,167,0,1989
203289,0,3,t,12,5,480,12,,1438,3,123,0,1989
203290,0,3,t,12,6,480,12,,1438,3,157,0,1989
203291,0,4,t,9,7,480,12,,1438,3,58,0,1989
203292,0,3,t,8,8,480,12,,1438,3,171,0,1989
203293,0,3,t,6,9,480,12,,1438,3,83,0,1989
203294,0,3,t,4,10,480,12,,1438,3,119,0,1989
203295,0,4,t,3,11,480,12,,1438,3,173,0,1989
203296,0,5,t,3,12,480,12,,1438,3,146,0,1989
203297,0,5,t,3,13,480,12,,1438,3,165,0,1989
203298,0,5,t,2,14,480,12,,1438,3,174,0,1989
203299,0,6,t,1,15,480,12,,1438,3,168,0,1989
203300,0,11,f,0,,480,12,,1438,3,169,0,1989
203301,0,12,f,0,,480,12,,1438,3,161,0,1989
203302,0,,f,0,,480,12,,1438,3,170,0,1989
203303,0,,f,0,,480,12,,1438,3,166,0,1989
203304,0,1,t,128,1,481,13,,1441,3,117,9,1989
203305,0,1,t,53,2,481,13,,1441,3,6,3,1989
203306,0,1,t,52,3,481,13,,1441,3,141,1,1989
203307,0,3,t,22,4,481,13,,1441,3,167,0,1989
203308,0,3,t,13,5,481,13,,1441,3,123,0,1989
203309,0,3,t,12,6,481,13,,1441,3,157,0,1989
203310,0,4,t,9,7,481,13,,1441,3,58,0,1989
203311,0,3,t,8,8,481,13,,1441,3,171,0,1989
203312,0,3,t,6,9,481,13,,1441,3,174,0,1989
203313,0,3,t,6,10,481,13,,1441,3,83,0,1989
203314,0,5,t,5,11,481,13,,1441,3,165,0,1989
203315,0,3,t,4,12,481,13,,1441,3,119,0,1989
203316,0,4,t,3,13,481,13,,1441,3,173,0,1989
203317,0,5,t,3,14,481,13,,1441,3,146,0,1989
203318,0,6,t,1,15,481,13,,1441,3,168,0,1989
203319,0,9,f,0,,481,13,,1441,3,169,0,1989
203320,0,12,f,0,,481,13,,1441,3,161,0,1989
203321,0,,f,0,,481,13,,1441,3,170,0,1989
203322,0,,f,0,,481,13,,1441,3,166,0,1989
203323,0,1,t,141,1,482,14,,1444,3,117,10,1989
203324,0,1,t,59,2,482,14,,1444,3,6,3,1989
203325,0,1,t,54,3,482,14,,1444,3,141,1,1989
203326,0,3,t,22,4,482,14,,1444,3,167,0,1989
203327,0,3,t,16,5,482,14,,1444,3,123,0,1989
203328,0,3,t,12,6,482,14,,1444,3,157,0,1989
203329,0,4,t,9,7,482,14,,1444,3,58,0,1989
203330,0,3,t,8,8,482,14,,1444,3,171,0,1989
203331,0,3,t,6,9,482,14,,1444,3,174,0,1989
203332,0,3,t,6,10,482,14,,1444,3,83,0,1989
203333,0,5,t,5,11,482,14,,1444,3,165,0,1989
203334,0,3,t,4,12,482,14,,1444,3,119,0,1989
203335,0,4,t,3,13,482,14,,1444,3,173,0,1989
203336,0,5,t,3,14,482,14,,1444,3,146,0,1989
203337,0,6,t,1,15,482,14,,1444,3,168,0,1989
203338,0,6,t,1,16,482,14,,1444,3,169,0,1989
203339,0,12,f,0,,482,14,,1444,3,161,0,1989
203340,0,,f,0,,482,14,,1444,3,170,0,1989
203341,0,,f,0,,482,14,,1444,3,166,0,1989
203342,0,1,t,141,1,483,15,,1447,3,117,10,1989
203343,0,1,t,64,2,483,15,,1447,3,141,1,1989
203344,0,1,t,59,3,483,15,,1447,3,6,3,1989
203345,0,1,t,31,4,483,15,,1447,3,167,1,1989
203346,0,3,t,16,5,483,15,,1447,3,123,0,1989
203347,0,3,t,13,6,483,15,,1447,3,157,0,1989
203348,0,4,t,12,7,483,15,,1447,3,58,0,1989
203349,0,3,t,8,8,483,15,,1447,3,171,0,1989
203350,0,3,t,8,9,483,15,,1447,3,83,0,1989
203351,0,3,t,6,10,483,15,,1447,3,174,0,1989
203352,0,5,t,5,11,483,15,,1447,3,165,0,1989
203353,0,3,t,4,12,483,15,,1447,3,119,0,1989
203354,0,4,t,3,13,483,15,,1447,3,173,0,1989
203355,0,5,t,3,14,483,15,,1447,3,146,0,1989
203356,0,6,t,1,15,483,15,,1447,3,168,0,1989
203357,0,6,t,1,16,483,15,,1447,3,169,0,1989
203358,0,12,f,0,,483,15,,1447,3,161,0,1989
203359,0,,f,0,,483,15,,1447,3,170,0,1989
203360,0,,f,0,,483,15,,1447,3,166,0,1989
203361,0,1,t,141,1,484,16,40,1450,3,117,10,1989
203362,0,1,t,77,2,484,16,40,1450,3,141,2,1989
203363,0,1,t,59,3,484,16,40,1450,3,6,3,1989
203364,0,1,t,39,4,484,16,40,1450,3,167,1,1989
203365,0,3,t,16,5,484,16,40,1450,3,123,0,1989
203366,0,4,t,15,6,484,16,40,1450,3,58,0,1989
203367,0,3,t,13,7,484,16,40,1450,3,157,0,1989
203368,0,3,t,8,8,484,16,40,1450,3,171,0,1989
203369,0,3,t,8,9,484,16,40,1450,3,83,0,1989
203370,0,3,t,6,10,484,16,40,1450,3,174,0,1989
203371,0,5,t,6,11,484,16,40,1450,3,165,0,1989
203372,0,3,t,4,12,484,16,40,1450,3,119,0,1989
203373,0,4,t,3,13,484,16,40,1450,3,173,0,1989
203374,0,5,t,3,14,484,16,40,1450,3,146,0,1989
203375,0,6,t,1,15,484,16,40,1450,3,168,0,1989
203376,0,6,t,1,16,484,16,40,1450,3,169,0,1989
203377,0,12,f,0,,484,16,40,1450,3,161,0,1989
203378,0,,f,0,,484,16,40,1450,3,170,0,1989
203379,0,,f,0,,484,16,40,1450,3,166,0,1989
203380,0,1,t,9,1,485,1,,1453,3,117,1,1990
203381,0,2,t,7,2,485,1,,1453,3,123,0,1990
203382,0,3,t,4,3,485,1,,1453,3,141,0,1990
203383,0,4,t,3,4,485,1,,1453,3,167,0,1990
203384,0,5,t,2,5,485,1,,1453,3,83,0,1990
203385,0,7,f,0,,485,1,,1453,3,165,0,1990
203386,0,8,f,0,,485,1,,1453,3,169,0,1990
203387,0,10,f,0,,485,1,,1453,3,157,0,1990
203388,0,13,f,0,,485,1,,1453,3,172,0,1990
203389,0,14,f,0,,485,1,,1453,3,175,0,1990
203390,0,,f,0,,485,1,,1453,3,6,0,1990
203391,0,,f,0,,485,1,,1453,3,161,0,1990
203392,0,,f,0,,485,1,,1453,3,171,0,1990
203393,0,,f,0,,485,1,,1453,3,58,0,1990
203394,0,,f,0,,485,1,,1453,3,146,0,1990
203395,0,1,t,19,1,486,2,,1456,3,117,1,1990
203396,0,1,t,12,2,486,2,,1456,3,6,1,1990
203397,0,2,t,7,3,486,2,,1456,3,123,0,1990
203398,0,3,t,6,4,486,2,,1456,3,141,0,1990
203399,0,4,t,4,5,486,2,,1456,3,167,0,1990
203400,0,5,t,2,6,486,2,,1456,3,83,0,1990
203401,0,7,f,0,,486,2,,1456,3,165,0,1990
203402,0,8,f,0,,486,2,,1456,3,169,0,1990
203403,0,10,f,0,,486,2,,1456,3,157,0,1990
203404,0,11,f,0,,486,2,,1456,3,146,0,1990
203405,0,13,f,0,,486,2,,1456,3,172,0,1990
203406,0,14,f,0,,486,2,,1456,3,171,0,1990
203407,0,14,f,0,,486,2,,1456,3,175,0,1990
203408,0,,f,0,,486,2,,1456,3,58,0,1990
203409,0,,f,0,,486,2,,1456,3,168,0,1990
203410,0,,f,0,,486,2,,1456,3,161,0,1990
203411,0,1,t,25,1,487,3,,1459,3,117,1,1990
203412,0,1,t,15,2,487,3,,1459,3,141,1,1990
203413,0,1,t,15,3,487,3,,1459,3,6,1,1990
203414,0,3,t,10,4,487,3,,1459,3,167,0,1990
203415,0,2,t,8,5,487,3,,1459,3,123,0,1990
203416,0,5,t,2,6,487,3,,1459,3,83,0,1990
203417,0,7,f,0,,487,3,,1459,3,58,0,1990
203418,0,7,f,0,,487,3,,1459,3,165,0,1990
203419,0,8,f,0,,487,3,,1459,3,169,0,1990
203420,0,9,f,0,,487,3,,1459,3,146,0,1990
203421,0,10,f,0,,487,3,,1459,3,157,0,1990
203422,0,12,f,0,,487,3,,1459,3,174,0,1990
203423,0,13,f,0,,487,3,,1459,3,172,0,1990
203424,0,14,f,0,,487,3,,1459,3,171,0,1990
203425,0,14,f,0,,487,3,,1459,3,175,0,1990
203426,0,,f,0,,487,3,,1459,3,161,0,1990
203427,0,,f,0,,487,3,,1459,3,168,0,1990
203428,0,1,t,38,1,488,4,,1462,3,117,2,1990
203429,0,1,t,18,2,488,4,,1462,3,141,1,1990
203430,0,1,t,15,3,488,4,,1462,3,6,1,1990
203431,0,2,t,14,4,488,4,,1462,3,123,0,1990
203432,0,3,t,10,5,488,4,,1462,3,167,0,1990
203433,0,5,t,2,6,488,4,,1462,3,157,0,1990
203434,0,5,t,2,7,488,4,,1462,3,83,0,1990
203435,0,6,t,1,8,488,4,,1462,3,169,0,1990
203436,0,7,f,0,,488,4,,1462,3,58,0,1990
203437,0,7,f,0,,488,4,,1462,3,165,0,1990
203438,0,7,f,0,,488,4,,1462,3,174,0,1990
203439,0,9,f,0,,488,4,,1462,3,146,0,1990
203440,0,13,f,0,,488,4,,1462,3,172,0,1990
203441,0,14,f,0,,488,4,,1462,3,171,0,1990
203442,0,14,f,0,,488,4,,1462,3,175,0,1990
203443,0,,f,0,,488,4,,1462,3,161,0,1990
203444,0,,f,0,,488,4,,1462,3,168,0,1990
203445,0,1,t,50,1,489,5,,1465,3,117,3,1990
203446,0,1,t,21,2,489,5,,1465,3,6,1,1990
203447,0,1,t,18,3,489,5,,1465,3,141,1,1990
203448,0,2,t,16,4,489,5,,1465,3,167,0,1990
203449,0,2,t,14,5,489,5,,1465,3,123,0,1990
203450,0,5,t,2,6,489,5,,1465,3,83,0,1990
203451,0,5,t,2,7,489,5,,1465,3,157,0,1990
203452,0,6,t,1,8,489,5,,1465,3,58,0,1990
203453,0,6,t,1,9,489,5,,1465,3,169,0,1990
203454,0,7,f,0,,489,5,,1465,3,165,0,1990
203455,0,7,f,0,,489,5,,1465,3,174,0,1990
203456,0,9,f,0,,489,5,,1465,3,146,0,1990
203457,0,10,f,0,,489,5,,1465,3,175,0,1990
203458,0,13,f,0,,489,5,,1465,3,161,0,1990
203459,0,13,f,0,,489,5,,1465,3,172,0,1990
203460,0,14,f,0,,489,5,,1465,3,171,0,1990
203461,0,,f,0,,489,5,,1465,3,168,0,1990
203462,0,1,t,54,1,490,6,,1468,3,117,3,1990
203463,0,1,t,36,2,490,6,,1468,3,6,2,1990
203464,0,1,t,20,3,490,6,,1468,3,141,1,1990
203465,0,2,t,20,4,490,6,,1468,3,167,0,1990
203466,0,2,t,14,5,490,6,,1468,3,123,0,1990
203467,0,5,t,2,6,490,6,,1468,3,83,0,1990
203468,0,5,t,2,7,490,6,,1468,3,157,0,1990
203469,0,6,t,1,8,490,6,,1468,3,58,0,1990
203470,0,6,t,1,9,490,6,,1468,3,169,0,1990
203471,0,7,f,0,,490,6,,1468,3,165,0,1990
203472,0,7,f,0,,490,6,,1468,3,174,0,1990
203473,0,9,f,0,,490,6,,1468,3,146,0,1990
203474,0,10,f,0,,490,6,,1468,3,175,0,1990
203475,0,13,f,0,,490,6,,1468,3,171,0,1990
203476,0,13,f,0,,490,6,,1468,3,161,0,1990
203477,0,13,f,0,,490,6,,1468,3,172,0,1990
203478,0,,f,0,,490,6,,1468,3,168,0,1990
203479,0,1,t,60,1,491,7,,1471,3,117,3,1990
203480,0,1,t,45,2,491,7,,1471,3,6,3,1990
203481,0,2,t,23,3,491,7,,1471,3,167,0,1990
203482,0,1,t,21,4,491,7,,1471,3,141,1,1990
203483,0,2,t,14,5,491,7,,1471,3,123,0,1990
203484,0,2,t,6,6,491,7,,1471,3,175,0,1990
203485,0,5,t,2,7,491,7,,1471,3,83,0,1990
203486,0,5,t,2,8,491,7,,1471,3,157,0,1990
203487,0,6,t,1,9,491,7,,1471,3,169,0,1990
203488,0,6,t,1,10,491,7,,1471,3,58,0,1990
203489,0,7,f,0,,491,7,,1471,3,165,0,1990
203490,0,7,f,0,,491,7,,1471,3,174,0,1990
203491,0,9,f,0,,491,7,,1471,3,146,0,1990
203492,0,13,f,0,,491,7,,1471,3,171,0,1990
203493,0,13,f,0,,491,7,,1471,3,161,0,1990
203494,0,13,f,0,,491,7,,1471,3,172,0,1990
203495,0,17,f,0,,491,7,,1471,3,168,0,1990
203496,0,1,t,64,1,492,8,,1474,3,117,3,1990
203497,0,1,t,54,2,492,8,,1474,3,6,4,1990
203498,0,1,t,27,3,492,8,,1474,3,141,1,1990
203499,0,2,t,25,4,492,8,,1474,3,167,0,1990
203500,0,2,t,14,5,492,8,,1474,3,123,0,1990
203501,0,2,t,6,6,492,8,,1474,3,175,0,1990
203502,0,4,t,5,7,492,8,,1474,3,169,0,1990
203503,0,5,t,2,8,492,8,,1474,3,157,0,1990
203504,0,5,t,2,9,492,8,,1474,3,83,0,1990
203505,0,6,t,1,10,492,8,,1474,3,58,0,1990
203506,0,7,f,0,,492,8,,1474,3,165,0,1990
203507,0,7,f,0,,492,8,,1474,3,174,0,1990
203508,0,9,f,0,,492,8,,1474,3,146,0,1990
203509,0,11,f,0,,492,8,,1474,3,171,0,1990
203510,0,13,f,0,,492,8,,1474,3,161,0,1990
203511,0,13,f,0,,492,8,,1474,3,172,0,1990
203512,0,17,f,0,,492,8,,1474,3,168,0,1990
203513,0,1,t,77,1,493,9,,1477,3,117,4,1990
203514,0,1,t,57,2,493,9,,1477,3,6,4,1990
203515,0,2,t,31,3,493,9,,1477,3,167,0,1990
203516,0,1,t,30,4,493,9,,1477,3,141,1,1990
203517,0,2,t,14,5,493,9,,1477,3,123,0,1990
203518,0,2,t,6,6,493,9,,1477,3,175,0,1990
203519,0,4,t,5,7,493,9,,1477,3,169,0,1990
203520,0,5,t,2,8,493,9,,1477,3,157,0,1990
203521,0,5,t,2,9,493,9,,1477,3,83,0,1990
203522,0,6,t,1,10,493,9,,1477,3,58,0,1990
203523,0,7,f,0,,493,9,,1477,3,165,0,1990
203524,0,7,f,0,,493,9,,1477,3,174,0,1990
203525,0,9,f,0,,493,9,,1477,3,146,0,1990
203526,0,11,f,0,,493,9,,1477,3,171,0,1990
203527,0,13,f,0,,493,9,,1477,3,161,0,1990
203528,0,13,f,0,,493,9,,1477,3,172,0,1990
203529,0,17,f,0,,493,9,,1477,3,168,0,1990
203530,0,1,t,83,1,494,10,,1480,3,117,4,1990
203531,0,1,t,57,2,494,10,,1480,3,6,4,1990
203532,0,1,t,42,3,494,10,,1480,3,141,2,1990
203533,0,2,t,35,4,494,10,,1480,3,167,0,1990
203534,0,2,t,14,5,494,10,,1480,3,123,0,1990
203535,0,2,t,6,6,494,10,,1480,3,175,0,1990
203536,0,4,t,6,7,494,10,,1480,3,169,0,1990
203537,0,5,t,3,8,494,10,,1480,3,58,0,1990
203538,0,5,t,2,9,494,10,,1480,3,157,0,1990
203539,0,5,t,2,10,494,10,,1480,3,83,0,1990
203540,0,7,f,0,,494,10,,1480,3,165,0,1990
203541,0,7,f,0,,494,10,,1480,3,174,0,1990
203542,0,9,f,0,,494,10,,1480,3,146,0,1990
203543,0,10,f,0,,494,10,,1480,3,171,0,1990
203544,0,13,f,0,,494,10,,1480,3,168,0,1990
203545,0,13,f,0,,494,10,,1480,3,161,0,1990
203546,0,13,f,0,,494,10,,1480,3,172,0,1990
203547,0,1,t,96,1,495,11,,1483,3,117,5,1990
203548,0,1,t,63,2,495,11,,1483,3,6,4,1990
203549,0,1,t,42,3,495,11,,1483,3,141,2,1990
203550,0,2,t,40,4,495,11,,1483,3,167,0,1990
203551,0,2,t,14,5,495,11,,1483,3,123,0,1990
203552,0,2,t,7,6,495,11,,1483,3,175,0,1990
203553,0,4,t,6,7,495,11,,1483,3,169,0,1990
203554,0,5,t,3,8,495,11,,1483,3,58,0,1990
203555,0,5,t,2,9,495,11,,1483,3,157,0,1990
203556,0,5,t,2,10,495,11,,1483,3,83,0,1990
203557,0,7,f,0,,495,11,,1483,3,165,0,1990
203558,0,7,f,0,,495,11,,1483,3,174,0,1990
203559,0,9,f,0,,495,11,,1483,3,146,0,1990
203560,0,10,f,0,,495,11,,1483,3,171,0,1990
203561,0,13,f,0,,495,11,,1483,3,161,0,1990
203562,0,13,f,0,,495,11,,1483,3,168,0,1990
203563,0,13,f,0,,495,11,,1483,3,172,0,1990
203564,0,1,t,109,1,496,12,,1486,3,117,6,1990
203565,0,1,t,72,2,496,12,,1486,3,6,4,1990
203566,0,1,t,44,3,496,12,,1486,3,141,2,1990
203567,0,2,t,40,4,496,12,,1486,3,167,0,1990
203568,0,2,t,15,5,496,12,,1486,3,123,0,1990
203569,0,2,t,7,6,496,12,,1486,3,175,0,1990
203570,0,4,t,6,7,496,12,,1486,3,169,0,1990
203571,0,5,t,3,8,496,12,,1486,3,58,0,1990
203572,0,5,t,2,9,496,12,,1486,3,157,0,1990
203573,0,5,t,2,10,496,12,,1486,3,83,0,1990
203574,0,7,f,0,,496,12,,1486,3,165,0,1990
203575,0,7,f,0,,496,12,,1486,3,174,0,1990
203576,0,9,f,0,,496,12,,1486,3,146,0,1990
203577,0,10,f,0,,496,12,,1486,3,171,0,1990
203578,0,13,f,0,,496,12,,1486,3,161,0,1990
203579,0,13,f,0,,496,12,,1486,3,168,0,1990
203580,0,13,f,0,,496,12,,1486,3,172,0,1990
203581,0,1,t,118,1,497,13,,1489,3,117,6,1990
203582,0,1,t,85,2,497,13,,1489,3,6,5,1990
203583,0,1,t,44,3,497,13,,1489,3,141,2,1990
203584,0,2,t,43,4,497,13,,1489,3,167,0,1990
203585,0,2,t,15,5,497,13,,1489,3,123,0,1990
203586,0,2,t,7,6,497,13,,1489,3,175,0,1990
203587,0,4,t,6,7,497,13,,1489,3,169,0,1990
203588,0,5,t,3,8,497,13,,1489,3,58,0,1990
203589,0,5,t,2,9,497,13,,1489,3,157,0,1990
203590,0,5,t,2,10,497,13,,1489,3,83,0,1990
203591,0,7,f,0,,497,13,,1489,3,165,0,1990
203592,0,7,f,0,,497,13,,1489,3,174,0,1990
203593,0,9,f,0,,497,13,,1489,3,146,0,1990
203594,0,10,f,0,,497,13,,1489,3,171,0,1990
203595,0,13,f,0,,497,13,,1489,3,161,0,1990
203596,0,13,f,0,,497,13,,1489,3,168,0,1990
203597,0,13,f,0,,497,13,,1489,3,172,0,1990
203598,0,1,t,118,1,498,14,,1492,3,117,6,1990
203599,0,1,t,100,2,498,14,,1492,3,6,6,1990
203600,0,1,t,49,3,498,14,,1492,3,141,2,1990
203601,0,2,t,47,4,498,14,,1492,3,167,0,1990
203602,0,2,t,15,5,498,14,,1492,3,123,0,1990
203603,0,2,t,7,6,498,14,,1492,3,175,0,1990
203604,0,4,t,7,7,498,14,,1492,3,169,0,1990
203605,0,5,t,3,8,498,14,,1492,3,58,0,1990
203606,0,5,t,2,9,498,14,,1492,3,157,0,1990
203607,0,5,t,2,10,498,14,,1492,3,83,0,1990
203608,0,7,f,0,,498,14,,1492,3,146,0,1990
203609,0,7,f,0,,498,14,,1492,3,165,0,1990
203610,0,7,f,0,,498,14,,1492,3,174,0,1990
203611,0,9,f,0,,498,14,,1492,3,168,0,1990
203612,0,10,f,0,,498,14,,1492,3,171,0,1990
203613,0,13,f,0,,498,14,,1492,3,161,0,1990
203614,0,13,f,0,,498,14,,1492,3,172,0,1990
203615,0,1,t,118,1,499,15,,1495,3,117,6,1990
203616,0,1,t,100,2,499,15,,1495,3,6,6,1990
203617,0,1,t,62,3,499,15,,1495,3,167,1,1990
203618,0,1,t,54,4,499,15,,1495,3,141,2,1990
203619,0,2,t,16,5,499,15,,1495,3,123,0,1990
203620,0,3,t,11,6,499,15,,1495,3,169,0,1990
203621,0,2,t,7,7,499,15,,1495,3,175,0,1990
203622,0,5,t,3,8,499,15,,1495,3,58,0,1990
203623,0,5,t,2,9,499,15,,1495,3,157,0,1990
203624,0,5,t,2,10,499,15,,1495,3,83,0,1990
203625,0,7,f,0,,499,15,,1495,3,146,0,1990
203626,0,7,f,0,,499,15,,1495,3,165,0,1990
203627,0,7,f,0,,499,15,,1495,3,174,0,1990
203628,0,9,f,0,,499,15,,1495,3,168,0,1990
203629,0,10,f,0,,499,15,,1495,3,171,0,1990
203630,0,13,f,0,,499,15,,1495,3,161,0,1990
203631,0,13,f,0,,499,15,,1495,3,172,0,1990
203632,0,1,t,121,1,500,16,41,1498,3,117,6,1990
203633,0,1,t,110,2,500,16,41,1498,3,6,6,1990
203634,0,1,t,71,3,500,16,41,1498,3,167,2,1990
203635,0,1,t,57,4,500,16,41,1498,3,141,2,1990
203636,0,2,t,16,5,500,16,41,1498,3,123,0,1990
203637,0,3,t,11,6,500,16,41,1498,3,169,0,1990
203638,0,2,t,7,7,500,16,41,1498,3,175,0,1990
203639,0,5,t,3,8,500,16,41,1498,3,58,0,1990
203640,0,5,t,2,9,500,16,41,1498,3,157,0,1990
203641,0,5,t,2,10,500,16,41,1498,3,83,0,1990
203642,0,7,f,0,,500,16,41,1498,3,146,0,1990
203643,0,7,f,0,,500,16,41,1498,3,165,0,1990
203644,0,7,f,0,,500,16,41,1498,3,174,0,1990
203645,0,9,f,0,,500,16,41,1498,3,168,0,1990
203646,0,10,f,0,,500,16,41,1498,3,171,0,1990
203647,0,13,f,0,,500,16,41,1498,3,161,0,1990
203648,0,13,f,0,,500,16,41,1498,3,172,0,1990
203649,0,1,t,10,1,501,1,,1501,3,117,1,1991
203650,0,2,t,6,2,501,1,,1501,3,6,0,1991
203651,0,4,t,5,3,501,1,,1501,3,123,0,1991
203652,0,3,t,4,4,501,1,,1501,3,167,0,1991
203653,0,6,t,1,5,501,1,,1501,3,169,0,1991
203654,0,7,f,0,,501,1,,1501,3,180,0,1991
203655,0,8,f,0,,501,1,,1501,3,168,0,1991
203656,0,9,f,0,,501,1,,1501,3,165,0,1991
203657,0,10,f,0,,501,1,,1501,3,177,0,1991
203658,0,11,f,0,,501,1,,1501,3,83,0,1991
203659,0,13,f,0,,501,1,,1501,3,58,0,1991
203660,0,,f,0,,501,1,,1501,3,141,0,1991
203661,0,,f,0,,501,1,,1501,3,178,0,1991
203662,0,,f,0,,501,1,,1501,3,175,0,1991
203663,0,,f,0,,501,1,,1501,3,146,0,1991
203664,0,,f,0,,501,1,,1501,3,171,0,1991
203665,0,1,t,24,1,502,2,,1504,3,117,2,1991
203666,0,2,t,10,2,502,2,,1504,3,6,0,1991
203667,0,2,t,6,3,502,2,,1504,3,141,0,1991
203668,0,3,t,6,4,502,2,,1504,3,167,0,1991
203669,0,4,t,5,5,502,2,,1504,3,123,0,1991
203670,0,6,t,1,6,502,2,,1504,3,169,0,1991
203671,0,7,f,0,,502,2,,1504,3,180,0,1991
203672,0,8,f,0,,502,2,,1504,3,165,0,1991
203673,0,8,f,0,,502,2,,1504,3,168,0,1991
203674,0,9,f,0,,502,2,,1504,3,58,0,1991
203675,0,10,f,0,,502,2,,1504,3,177,0,1991
203676,0,10,f,0,,502,2,,1504,3,146,0,1991
203677,0,11,f,0,,502,2,,1504,3,83,0,1991
203678,0,11,f,0,,502,2,,1504,3,171,0,1991
203679,0,,f,0,,502,2,,1504,3,178,0,1991
203680,0,,f,0,,502,2,,1504,3,175,0,1991
203681,0,1,t,40,1,503,3,,1507,3,117,3,1991
203682,0,2,t,10,2,503,3,,1507,3,6,0,1991
203683,0,2,t,6,3,503,3,,1507,3,141,0,1991
203684,0,3,t,6,4,503,3,,1507,3,167,0,1991
203685,0,4,t,5,5,503,3,,1507,3,123,0,1991
203686,0,3,t,4,6,503,3,,1507,3,171,0,1991
203687,0,4,t,3,7,503,3,,1507,3,165,0,1991
203688,0,5,t,3,8,503,3,,1507,3,58,0,1991
203689,0,6,t,1,9,503,3,,1507,3,169,0,1991
203690,0,7,f,0,,503,3,,1507,3,180,0,1991
203691,0,7,f,0,,503,3,,1507,3,146,0,1991
203692,0,8,f,0,,503,3,,1507,3,83,0,1991
203693,0,8,f,0,,503,3,,1507,3,168,0,1991
203694,0,10,f,0,,503,3,,1507,3,177,0,1991
203695,0,12,f,0,,503,3,,1507,3,175,0,1991
203696,0,,f,0,,503,3,,1507,3,178,0,1991
203697,0,,f,0,,503,3,,1507,3,81,0,1991
203698,0,1,t,50,1,504,4,,1510,3,117,4,1991
203699,0,2,t,16,2,504,4,,1510,3,6,0,1991
203700,0,2,t,12,3,504,4,,1510,3,141,0,1991
203701,0,3,t,9,4,504,4,,1510,3,167,0,1991
203702,0,3,t,5,5,504,4,,1510,3,171,0,1991
203703,0,4,t,5,6,504,4,,1510,3,123,0,1991
203704,0,4,t,3,7,504,4,,1510,3,165,0,1991
203705,0,5,t,3,8,504,4,,1510,3,58,0,1991
203706,0,6,t,1,9,504,4,,1510,3,169,0,1991
203707,0,7,f,0,,504,4,,1510,3,146,0,1991
203708,0,7,f,0,,504,4,,1510,3,180,0,1991
203709,0,8,f,0,,504,4,,1510,3,177,0,1991
203710,0,8,f,0,,504,4,,1510,3,83,0,1991
203711,0,8,f,0,,504,4,,1510,3,168,0,1991
203712,0,9,f,0,,504,4,,1510,3,81,0,1991
203713,0,12,f,0,,504,4,,1510,3,175,0,1991
203714,0,,f,0,,504,4,,1510,3,178,0,1991
203715,0,1,t,50,1,505,5,,1513,3,117,4,1991
203716,0,1,t,19,2,505,5,,1513,3,167,1,1991
203717,0,2,t,17,3,505,5,,1513,3,141,0,1991
203718,0,2,t,16,4,505,5,,1513,3,6,0,1991
203719,0,2,t,11,5,505,5,,1513,3,123,0,1991
203720,0,3,t,5,6,505,5,,1513,3,171,0,1991
203721,0,4,t,5,7,505,5,,1513,3,177,0,1991
203722,0,4,t,3,8,505,5,,1513,3,165,0,1991
203723,0,5,t,3,9,505,5,,1513,3,58,0,1991
203724,0,6,t,1,10,505,5,,1513,3,169,0,1991
203725,0,7,f,0,,505,5,,1513,3,146,0,1991
203726,0,7,f,0,,505,5,,1513,3,180,0,1991
203727,0,8,f,0,,505,5,,1513,3,83,0,1991
203728,0,8,f,0,,505,5,,1513,3,168,0,1991
203729,0,9,f,0,,505,5,,1513,3,81,0,1991
203730,0,12,f,0,,505,5,,1513,3,175,0,1991
203731,0,,f,0,,505,5,,1513,3,178,0,1991
203732,0,1,t,54,1,506,6,,1516,3,117,4,1991
203733,0,1,t,33,2,506,6,,1516,3,141,1,1991
203734,0,1,t,21,3,506,6,,1516,3,167,1,1991
203735,0,2,t,16,4,506,6,,1516,3,6,0,1991
203736,0,2,t,11,5,506,6,,1516,3,123,0,1991
203737,0,4,t,8,6,506,6,,1516,3,177,0,1991
203738,0,3,t,5,7,506,6,,1516,3,171,0,1991
203739,0,4,t,3,8,506,6,,1516,3,165,0,1991
203740,0,5,t,3,9,506,6,,1516,3,58,0,1991
203741,0,6,t,1,10,506,6,,1516,3,81,0,1991
203742,0,6,t,1,11,506,6,,1516,3,169,0,1991
203743,0,7,f,0,,506,6,,1516,3,146,0,1991
203744,0,7,f,0,,506,6,,1516,3,180,0,1991
203745,0,8,f,0,,506,6,,1516,3,83,0,1991
203746,0,8,f,0,,506,6,,1516,3,168,0,1991
203747,0,12,f,0,,506,6,,1516,3,175,0,1991
203748,0,,f,0,,506,6,,1516,3,178,0,1991
203749,0,,f,0,,506,6,,1516,3,179,0,1991
203750,0,1,t,58,1,507,7,,1519,3,117,4,1991
203751,0,1,t,45,2,507,7,,1519,3,141,2,1991
203752,0,2,t,25,3,507,7,,1519,3,6,0,1991
203753,0,1,t,21,4,507,7,,1519,3,167,1,1991
203754,0,2,t,11,5,507,7,,1519,3,123,0,1991
203755,0,4,t,9,6,507,7,,1519,3,177,0,1991
203756,0,3,t,5,7,507,7,,1519,3,171,0,1991
203757,0,4,t,3,8,507,7,,1519,3,165,0,1991
203758,0,5,t,3,9,507,7,,1519,3,58,0,1991
203759,0,6,t,1,10,507,7,,1519,3,81,0,1991
203760,0,6,t,1,11,507,7,,1519,3,169,0,1991
203761,0,7,f,0,,507,7,,1519,3,146,0,1991
203762,0,7,f,0,,507,7,,1519,3,180,0,1991
203763,0,7,f,0,,507,7,,1519,3,175,0,1991
203764,0,8,f,0,,507,7,,1519,3,83,0,1991
203765,0,8,f,0,,507,7,,1519,3,168,0,1991
203766,0,,f,0,,507,7,,1519,3,178,0,1991
203767,0,,f,0,,507,7,,1519,3,179,0,1991
203768,0,1,t,67,1,508,8,,1522,3,117,4,1991
203769,0,1,t,55,2,508,8,,1522,3,141,3,1991
203770,0,2,t,29,3,508,8,,1522,3,6,0,1991
203771,0,1,t,23,4,508,8,,1522,3,167,1,1991
203772,0,2,t,11,5,508,8,,1522,3,123,0,1991
203773,0,4,t,10,6,508,8,,1522,3,177,0,1991
203774,0,3,t,5,7,508,8,,1522,3,171,0,1991
203775,0,4,t,3,8,508,8,,1522,3,165,0,1991
203776,0,5,t,3,9,508,8,,1522,3,58,0,1991
203777,0,6,t,1,10,508,8,,1522,3,81,0,1991
203778,0,6,t,1,11,508,8,,1522,3,169,0,1991
203779,0,7,f,0,,508,8,,1522,3,146,0,1991
203780,0,7,f,0,,508,8,,1522,3,180,0,1991
203781,0,7,f,0,,508,8,,1522,3,175,0,1991
203782,0,8,f,0,,508,8,,1522,3,83,0,1991
203783,0,8,f,0,,508,8,,1522,3,168,0,1991
203784,0,,f,0,,508,8,,1522,3,178,0,1991
203785,0,,f,0,,508,8,,1522,3,179,0,1991
203786,0,1,t,71,1,509,9,,1525,3,141,4,1991
203787,0,1,t,70,2,509,9,,1525,3,117,4,1991
203788,0,2,t,33,3,509,9,,1525,3,6,0,1991
203789,0,1,t,23,4,509,9,,1525,3,167,1,1991
203790,0,4,t,13,5,509,9,,1525,3,177,0,1991
203791,0,2,t,11,6,509,9,,1525,3,123,0,1991
203792,0,3,t,5,7,509,9,,1525,3,171,0,1991
203793,0,4,t,3,8,509,9,,1525,3,165,0,1991
203794,0,5,t,3,9,509,9,,1525,3,58,0,1991
203795,0,6,t,1,10,509,9,,1525,3,81,0,1991
203796,0,6,t,1,11,509,9,,1525,3,169,0,1991
203797,0,7,f,0,,509,9,,1525,3,146,0,1991
203798,0,7,f,0,,509,9,,1525,3,180,0,1991
203799,0,7,f,0,,509,9,,1525,3,175,0,1991
203800,0,8,f,0,,509,9,,1525,3,83,0,1991
203801,0,8,f,0,,509,9,,1525,3,168,0,1991
203802,0,,f,0,,509,9,,1525,3,178,0,1991
203803,0,,f,0,,509,9,,1525,3,179,0,1991
203804,0,1,t,83,1,510,10,,1528,3,117,5,1991
203805,0,1,t,81,2,510,10,,1528,3,141,4,1991
203806,0,2,t,35,3,510,10,,1528,3,6,0,1991
203807,0,1,t,23,4,510,10,,1528,3,167,1,1991
203808,0,4,t,13,5,510,10,,1528,3,177,0,1991
203809,0,2,t,11,6,510,10,,1528,3,123,0,1991
203810,0,3,t,5,7,510,10,,1528,3,171,0,1991
203811,0,4,t,3,8,510,10,,1528,3,165,0,1991
203812,0,5,t,3,9,510,10,,1528,3,58,0,1991
203813,0,6,t,1,10,510,10,,1528,3,175,0,1991
203814,0,6,t,1,11,510,10,,1528,3,81,0,1991
203815,0,6,t,1,12,510,10,,1528,3,169,0,1991
203816,0,7,f,0,,510,10,,1528,3,146,0,1991
203817,0,7,f,0,,510,10,,1528,3,180,0,1991
203818,0,8,f,0,,510,10,,1528,3,83,0,1991
203819,0,8,f,0,,510,10,,1528,3,168,0,1991
203820,0,,f,0,,510,10,,1528,3,178,0,1991
203821,0,,f,0,,510,10,,1528,3,179,0,1991
203822,0,1,t,99,1,511,11,,1531,3,117,6,1991
203823,0,1,t,83,2,511,11,,1531,3,141,4,1991
203824,0,2,t,35,3,511,11,,1531,3,6,0,1991
203825,0,1,t,30,4,511,11,,1531,3,167,1,1991
203826,0,4,t,13,5,511,11,,1531,3,177,0,1991
203827,0,2,t,11,6,511,11,,1531,3,123,0,1991
203828,0,3,t,5,7,511,11,,1531,3,171,0,1991
203829,0,4,t,3,8,511,11,,1531,3,165,0,1991
203830,0,5,t,3,9,511,11,,1531,3,58,0,1991
203831,0,6,t,1,10,511,11,,1531,3,175,0,1991
203832,0,6,t,1,11,511,11,,1531,3,83,0,1991
203833,0,6,t,1,12,511,11,,1531,3,81,0,1991
203834,0,6,t,1,13,511,11,,1531,3,169,0,1991
203835,0,7,f,0,,511,11,,1531,3,146,0,1991
203836,0,7,f,0,,511,11,,1531,3,180,0,1991
203837,0,8,f,0,,511,11,,1531,3,168,0,1991
203838,0,10,f,0,,511,11,,1531,3,179,0,1991
203839,0,,f,0,,511,11,,1531,3,178,0,1991
203840,0,1,t,108,1,512,12,,1534,3,117,6,1991
203841,0,1,t,93,2,512,12,,1534,3,141,5,1991
203842,0,2,t,39,3,512,12,,1534,3,6,0,1991
203843,0,1,t,33,4,512,12,,1534,3,167,1,1991
203844,0,4,t,13,5,512,12,,1534,3,177,0,1991
203845,0,2,t,11,6,512,12,,1534,3,123,0,1991
203846,0,3,t,5,7,512,12,,1534,3,171,0,1991
203847,0,4,t,3,8,512,12,,1534,3,165,0,1991
203848,0,5,t,3,9,512,12,,1534,3,58,0,1991
203849,0,6,t,1,10,512,12,,1534,3,175,0,1991
203850,0,6,t,1,11,512,12,,1534,3,83,0,1991
203851,0,6,t,1,12,512,12,,1534,3,81,0,1991
203852,0,6,t,1,13,512,12,,1534,3,169,0,1991
203853,0,7,f,0,,512,12,,1534,3,146,0,1991
203854,0,7,f,0,,512,12,,1534,3,180,0,1991
203855,0,8,f,0,,512,12,,1534,3,168,0,1991
203856,0,10,f,0,,512,12,,1534,3,179,0,1991
203857,0,,f,0,,512,12,,1534,3,178,0,1991
203858,0,1,t,114,1,513,13,,1537,3,117,6,1991
203859,0,1,t,103,2,513,13,,1537,3,141,6,1991
203860,0,2,t,43,3,513,13,,1537,3,6,0,1991
203861,0,1,t,36,4,513,13,,1537,3,167,1,1991
203862,0,4,t,13,5,513,13,,1537,3,177,0,1991
203863,0,2,t,11,6,513,13,,1537,3,123,0,1991
203864,0,4,t,6,7,513,13,,1537,3,165,0,1991
203865,0,3,t,5,8,513,13,,1537,3,171,0,1991
203866,0,5,t,3,9,513,13,,1537,3,58,0,1991
203867,0,6,t,1,10,513,13,,1537,3,175,0,1991
203868,0,6,t,1,11,513,13,,1537,3,83,0,1991
203869,0,6,t,1,12,513,13,,1537,3,81,0,1991
203870,0,6,t,1,13,513,13,,1537,3,169,0,1991
203871,0,7,f,0,,513,13,,1537,3,146,0,1991
203872,0,7,f,0,,513,13,,1537,3,180,0,1991
203873,0,8,f,0,,513,13,,1537,3,168,0,1991
203874,0,10,f,0,,513,13,,1537,3,179,0,1991
203875,0,15,f,0,,513,13,,1537,3,178,0,1991
203876,0,1,t,117,1,514,14,,1540,3,141,7,1991
203877,0,1,t,116,2,514,14,,1540,3,117,6,1991
203878,0,2,t,52,3,514,14,,1540,3,6,0,1991
203879,0,1,t,37,4,514,14,,1540,3,167,1,1991
203880,0,4,t,13,5,514,14,,1540,3,177,0,1991
203881,0,2,t,11,6,514,14,,1540,3,123,0,1991
203882,0,4,t,6,7,514,14,,1540,3,165,0,1991
203883,0,3,t,5,8,514,14,,1540,3,171,0,1991
203884,0,5,t,3,9,514,14,,1540,3,58,0,1991
203885,0,6,t,1,10,514,14,,1540,3,175,0,1991
203886,0,6,t,1,11,514,14,,1540,3,83,0,1991
203887,0,6,t,1,12,514,14,,1540,3,81,0,1991
203888,0,6,t,1,13,514,14,,1540,3,169,0,1991
203889,0,7,f,0,,514,14,,1540,3,146,0,1991
203890,0,7,f,0,,514,14,,1540,3,180,0,1991
203891,0,8,f,0,,514,14,,1540,3,168,0,1991
203892,0,10,f,0,,514,14,,1540,3,179,0,1991
203893,0,15,f,0,,514,14,,1540,3,178,0,1991
203894,0,1,t,132,1,515,15,,1543,3,117,7,1991
203895,0,1,t,121,2,515,15,,1543,3,141,7,1991
203896,0,2,t,55,3,515,15,,1543,3,6,0,1991
203897,0,1,t,37,4,515,15,,1543,3,167,1,1991
203898,0,4,t,13,5,515,15,,1543,3,177,0,1991
203899,0,2,t,12,6,515,15,,1543,3,123,0,1991
203900,0,4,t,6,7,515,15,,1543,3,165,0,1991
203901,0,3,t,5,8,515,15,,1543,3,171,0,1991
203902,0,5,t,3,9,515,15,,1543,3,58,0,1991
203903,0,5,t,3,10,515,15,,1543,3,83,0,1991
203904,0,6,t,1,11,515,15,,1543,3,175,0,1991
203905,0,6,t,1,12,515,15,,1543,3,81,0,1991
203906,0,6,t,1,13,515,15,,1543,3,169,0,1991
203907,0,7,f,0,,515,15,,1543,3,146,0,1991
203908,0,7,f,0,,515,15,,1543,3,180,0,1991
203909,0,8,f,0,,515,15,,1543,3,168,0,1991
203910,0,10,f,0,,515,15,,1543,3,179,0,1991
203911,0,10,f,0,,515,15,,1543,3,178,0,1991
203912,0,1,t,139,1,516,16,42,1546,3,117,8,1991
203913,0,1,t,125,2,516,16,42,1546,3,141,7,1991
203914,0,2,t,55.5,3,516,16,42,1546,3,6,0,1991
203915,0,1,t,38.5,4,516,16,42,1546,3,167,1,1991
203916,0,4,t,13,5,516,16,42,1546,3,177,0,1991
203917,0,2,t,12,6,516,16,42,1546,3,123,0,1991
203918,0,4,t,6,7,516,16,42,1546,3,165,0,1991
203919,0,3,t,5,8,516,16,42,1546,3,171,0,1991
203920,0,5,t,3,9,516,16,42,1546,3,58,0,1991
203921,0,5,t,3,10,516,16,42,1546,3,83,0,1991
203922,0,6,t,1,11,516,16,42,1546,3,175,0,1991
203923,0,6,t,1,12,516,16,42,1546,3,81,0,1991
203924,0,6,t,1,13,516,16,42,1546,3,169,0,1991
203925,0,7,f,0,,516,16,42,1546,3,146,0,1991
203926,0,7,f,0,,516,16,42,1546,3,180,0,1991
203927,0,8,f,0,,516,16,42,1546,3,168,0,1991
203928,0,10,f,0,,516,16,42,1546,3,179,0,1991
203929,0,10,f,0,,516,16,42,1546,3,178,0,1991
203930,0,1,t,16,1,517,1,,1549,3,141,1,1992
203931,0,3,t,6,2,517,1,,1549,3,117,0,1992
203932,0,4,t,3,3,517,1,,1549,3,167,0,1992
203933,0,6,t,1,4,517,1,,1549,3,58,0,1992
203934,0,7,f,0,,517,1,,1549,3,146,0,1992
203935,0,8,f,0,,517,1,,1549,3,178,0,1992
203936,0,11,f,0,,517,1,,1549,3,177,0,1992
203937,0,12,f,0,,517,1,,1549,3,169,0,1992
203938,0,13,f,0,,517,1,,1549,3,83,0,1992
203939,0,,f,0,,517,1,,1549,3,123,0,1992
203940,0,,f,0,,517,1,,1549,3,171,0,1992
203941,0,,f,0,,517,1,,1549,3,165,0,1992
203942,0,,f,0,,517,1,,1549,3,6,0,1992
203943,0,,f,0,,517,1,,1549,3,179,0,1992
203944,0,,f,0,,517,1,,1549,3,119,0,1992
203945,0,1,t,32,1,518,2,,1552,3,141,2,1992
203946,0,3,t,9,2,518,2,,1552,3,117,0,1992
203947,0,3,t,7,3,518,2,,1552,3,167,0,1992
203948,0,5,t,2,4,518,2,,1552,3,123,0,1992
203949,0,6,t,2,5,518,2,,1552,3,58,0,1992
203950,0,7,f,0,,518,2,,1552,3,146,0,1992
203951,0,8,f,0,,518,2,,1552,3,178,0,1992
203952,0,8,f,0,,518,2,,1552,3,171,0,1992
203953,0,11,f,0,,518,2,,1552,3,169,0,1992
203954,0,11,f,0,,518,2,,1552,3,177,0,1992
203955,0,13,f,0,,518,2,,1552,3,83,0,1992
203956,0,,f,0,,518,2,,1552,3,179,0,1992
203957,0,,f,0,,518,2,,1552,3,165,0,1992
203958,0,,f,0,,518,2,,1552,3,6,0,1992
203959,0,,f,0,,518,2,,1552,3,119,0,1992
203960,0,1,t,48,1,519,3,,1555,3,141,3,1992
203961,0,3,t,11,2,519,3,,1555,3,167,0,1992
203962,0,3,t,9,3,519,3,,1555,3,117,0,1992
203963,0,4,t,5,4,519,3,,1555,3,6,0,1992
203964,0,5,t,2,5,519,3,,1555,3,123,0,1992
203965,0,6,t,2,6,519,3,,1555,3,58,0,1992
203966,0,6,t,1,7,519,3,,1555,3,178,0,1992
203967,0,7,f,0,,519,3,,1555,3,146,0,1992
203968,0,7,f,0,,519,3,,1555,3,165,0,1992
203969,0,8,f,0,,519,3,,1555,3,171,0,1992
203970,0,9,f,0,,519,3,,1555,3,169,0,1992
203971,0,11,f,0,,519,3,,1555,3,177,0,1992
203972,0,13,f,0,,519,3,,1555,3,83,0,1992
203973,0,,f,0,,519,3,,1555,3,179,0,1992
203974,0,,f,0,,519,3,,1555,3,119,0,1992
203975,0,1,t,58,1,520,4,,1558,3,141,4,1992
203976,0,2,t,17,2,520,4,,1558,3,167,0,1992
203977,0,3,t,12,3,520,4,,1558,3,117,0,1992
203978,0,3,t,9,4,520,4,,1558,3,6,0,1992
203979,0,5,t,3,5,520,4,,1558,3,178,0,1992
203980,0,5,t,2,6,520,4,,1558,3,123,0,1992
203981,0,6,t,2,7,520,4,,1558,3,58,0,1992
203982,0,6,t,1,8,520,4,,1558,3,171,0,1992
203983,0,7,f,0,,520,4,,1558,3,146,0,1992
203984,0,7,f,0,,520,4,,1558,3,165,0,1992
203985,0,8,f,0,,520,4,,1558,3,119,0,1992
203986,0,9,f,0,,520,4,,1558,3,169,0,1992
203987,0,11,f,0,,520,4,,1558,3,177,0,1992
203988,0,13,f,0,,520,4,,1558,3,83,0,1992
203989,0,,f,0,,520,4,,1558,3,179,0,1992
203990,0,1,t,74,1,521,5,,1561,3,141,5,1992
203991,0,2,t,20,2,521,5,,1561,3,167,0,1992
203992,0,3,t,16,3,521,5,,1561,3,117,0,1992
203993,0,3,t,9,4,521,5,,1561,3,6,0,1992
203994,0,5,t,5,5,521,5,,1561,3,178,0,1992
203995,0,5,t,2,6,521,5,,1561,3,123,0,1992
203996,0,6,t,2,7,521,5,,1561,3,58,0,1992
203997,0,6,t,2,8,521,5,,1561,3,171,0,1992
203998,0,7,f,0,,521,5,,1561,3,146,0,1992
203999,0,7,f,0,,521,5,,1561,3,165,0,1992
204000,0,7,f,0,,521,5,,1561,3,177,0,1992
204001,0,8,f,0,,521,5,,1561,3,119,0,1992
204002,0,9,f,0,,521,5,,1561,3,169,0,1992
204003,0,13,f,0,,521,5,,1561,3,83,0,1992
204004,0,,f,0,,521,5,,1561,3,179,0,1992
204005,0,1,t,84,1,522,6,,1564,3,141,5,1992
204006,0,1,t,26,2,522,6,,1564,3,117,1,1992
204007,0,2,t,25,3,522,6,,1564,3,167,0,1992
204008,0,3,t,9,4,522,6,,1564,3,6,0,1992
204009,0,5,t,5,5,522,6,,1564,3,178,0,1992
204010,0,5,t,2,6,522,6,,1564,3,123,0,1992
204011,0,6,t,2,7,522,6,,1564,3,58,0,1992
204012,0,6,t,2,8,522,6,,1564,3,171,0,1992
204013,0,6,t,1,9,522,6,,1564,3,169,0,1992
204014,0,7,f,0,,522,6,,1564,3,165,0,1992
204015,0,7,f,0,,522,6,,1564,3,146,0,1992
204016,0,7,f,0,,522,6,,1564,3,177,0,1992
204017,0,8,f,0,,522,6,,1564,3,119,0,1992
204018,0,13,f,0,,522,6,,1564,3,83,0,1992
204019,0,,f,0,,522,6,,1564,3,179,0,1992
204020,0,,f,0,,522,6,,1564,3,181,0,1992
204021,0,1,t,84,1,523,7,,1567,3,141,5,1992
204022,0,1,t,36,2,523,7,,1567,3,117,2,1992
204023,0,2,t,31,3,523,7,,1567,3,167,0,1992
204024,0,3,t,13,4,523,7,,1567,3,6,0,1992
204025,0,5,t,5,5,523,7,,1567,3,178,0,1992
204026,0,5,t,4,6,523,7,,1567,3,123,0,1992
204027,0,4,t,3,7,523,7,,1567,3,119,0,1992
204028,0,6,t,2,8,523,7,,1567,3,58,0,1992
204029,0,6,t,2,9,523,7,,1567,3,171,0,1992
204030,0,6,t,1,10,523,7,,1567,3,146,0,1992
204031,0,6,t,1,11,523,7,,1567,3,169,0,1992
204032,0,7,f,0,,523,7,,1567,3,165,0,1992
204033,0,7,f,0,,523,7,,1567,3,177,0,1992
204034,0,13,f,0,,523,7,,1567,3,83,0,1992
204035,0,,f,0,,523,7,,1567,3,179,0,1992
204036,0,,f,0,,523,7,,1567,3,181,0,1992
204037,0,1,t,100,1,524,8,,1570,3,141,6,1992
204038,0,1,t,36,2,524,8,,1570,3,117,2,1992
204039,0,2,t,35,3,524,8,,1570,3,167,0,1992
204040,0,3,t,13,4,524,8,,1570,3,6,0,1992
204041,0,4,t,6,5,524,8,,1570,3,58,0,1992
204042,0,5,t,5,6,524,8,,1570,3,178,0,1992
204043,0,5,t,4,7,524,8,,1570,3,123,0,1992
204044,0,4,t,3,8,524,8,,1570,3,119,0,1992
204045,0,5,t,3,9,524,8,,1570,3,146,0,1992
204046,0,6,t,2,10,524,8,,1570,3,171,0,1992
204047,0,6,t,1,11,524,8,,1570,3,169,0,1992
204048,0,7,f,0,,524,8,,1570,3,165,0,1992
204049,0,7,f,0,,524,8,,1570,3,177,0,1992
204050,0,13,f,0,,524,8,,1570,3,83,0,1992
204051,0,,f,0,,524,8,,1570,3,179,0,1992
204052,0,,f,0,,524,8,,1570,3,181,0,1992
204053,0,1,t,116,1,525,9,,1573,3,141,7,1992
204054,0,2,t,42,2,525,9,,1573,3,167,0,1992
204055,0,1,t,38,3,525,9,,1573,3,117,2,1992
204056,0,3,t,13,4,525,9,,1573,3,6,0,1992
204057,0,4,t,7,5,525,9,,1573,3,58,0,1992
204058,0,5,t,5,6,525,9,,1573,3,178,0,1992
204059,0,5,t,4,7,525,9,,1573,3,123,0,1992
204060,0,4,t,3,8,525,9,,1573,3,119,0,1992
204061,0,5,t,3,9,525,9,,1573,3,146,0,1992
204062,0,6,t,2,10,525,9,,1573,3,171,0,1992
204063,0,6,t,1,11,525,9,,1573,3,169,0,1992
204064,0,7,f,0,,525,9,,1573,3,165,0,1992
204065,0,7,f,0,,525,9,,1573,3,177,0,1992
204066,0,13,f,0,,525,9,,1573,3,83,0,1992
204067,0,14,f,0,,525,9,,1573,3,179,0,1992
204068,0,,f,0,,525,9,,1573,3,181,0,1992
204069,0,1,t,126,1,526,10,,1576,3,141,8,1992
204070,0,2,t,49,2,526,10,,1576,3,167,0,1992
204071,0,1,t,44,3,526,10,,1576,3,117,2,1992
204072,0,3,t,15,4,526,10,,1576,3,6,0,1992
204073,0,4,t,7,5,526,10,,1576,3,58,0,1992
204074,0,5,t,5,6,526,10,,1576,3,178,0,1992
204075,0,5,t,4,7,526,10,,1576,3,123,0,1992
204076,0,5,t,4,8,526,10,,1576,3,146,0,1992
204077,0,4,t,3,9,526,10,,1576,3,119,0,1992
204078,0,6,t,2,10,526,10,,1576,3,171,0,1992
204079,0,6,t,1,11,526,10,,1576,3,169,0,1992
204080,0,7,f,0,,526,10,,1576,3,165,0,1992
204081,0,7,f,0,,526,10,,1576,3,177,0,1992
204082,0,13,f,0,,526,10,,1576,3,83,0,1992
204083,0,14,f,0,,526,10,,1576,3,179,0,1992
204084,0,,f,0,,526,10,,1576,3,181,0,1992
204085,0,1,t,132,1,527,11,,1579,3,141,8,1992
204086,0,1,t,58,2,527,11,,1579,3,117,3,1992
204087,0,2,t,51,3,527,11,,1579,3,167,0,1992
204088,0,3,t,16,4,527,11,,1579,3,6,0,1992
204089,0,4,t,10,5,527,11,,1579,3,58,0,1992
204090,0,5,t,5,6,527,11,,1579,3,178,0,1992
204091,0,5,t,4,7,527,11,,1579,3,123,0,1992
204092,0,5,t,4,8,527,11,,1579,3,146,0,1992
204093,0,4,t,3,9,527,11,,1579,3,119,0,1992
204094,0,6,t,2,10,527,11,,1579,3,171,0,1992
204095,0,6,t,1,11,527,11,,1579,3,169,0,1992
204096,0,7,f,0,,527,11,,1579,3,165,0,1992
204097,0,7,f,0,,527,11,,1579,3,177,0,1992
204098,0,11,f,0,,527,11,,1579,3,83,0,1992
204099,0,14,f,0,,527,11,,1579,3,179,0,1992
204100,0,,f,0,,527,11,,1579,3,181,0,1992
204101,0,1,t,142,1,528,12,,1582,3,141,8,1992
204102,0,1,t,64,2,528,12,,1582,3,167,1,1992
204103,0,1,t,60,3,528,12,,1582,3,117,3,1992
204104,0,3,t,16,4,528,12,,1582,3,6,0,1992
204105,0,4,t,11,5,528,12,,1582,3,58,0,1992
204106,0,5,t,5,6,528,12,,1582,3,178,0,1992
204107,0,5,t,4,7,528,12,,1582,3,123,0,1992
204108,0,5,t,4,8,528,12,,1582,3,146,0,1992
204109,0,4,t,3,9,528,12,,1582,3,119,0,1992
204110,0,6,t,2,10,528,12,,1582,3,171,0,1992
204111,0,6,t,1,11,528,12,,1582,3,169,0,1992
204112,0,7,f,0,,528,12,,1582,3,165,0,1992
204113,0,7,f,0,,528,12,,1582,3,177,0,1992
204114,0,10,f,0,,528,12,,1582,3,179,0,1992
204115,0,11,f,0,,528,12,,1582,3,83,0,1992
204116,0,,f,0,,528,12,,1582,3,181,0,1992
204117,0,1,t,144,1,529,13,,1585,3,141,8,1992
204118,0,1,t,74,2,529,13,,1585,3,167,1,1992
204119,0,1,t,73,3,529,13,,1585,3,117,4,1992
204120,0,3,t,16,4,529,13,,1585,3,6,0,1992
204121,0,4,t,11,5,529,13,,1585,3,58,0,1992
204122,0,5,t,5,6,529,13,,1585,3,178,0,1992
204123,0,5,t,5,7,529,13,,1585,3,123,0,1992
204124,0,5,t,4,8,529,13,,1585,3,146,0,1992
204125,0,4,t,3,9,529,13,,1585,3,119,0,1992
204126,0,6,t,2,10,529,13,,1585,3,171,0,1992
204127,0,6,t,1,11,529,13,,1585,3,169,0,1992
204128,0,7,f,0,,529,13,,1585,3,165,0,1992
204129,0,7,f,0,,529,13,,1585,3,177,0,1992
204130,0,10,f,0,,529,13,,1585,3,179,0,1992
204131,0,11,f,0,,529,13,,1585,3,83,0,1992
204132,0,,f,0,,529,13,,1585,3,181,0,1992
204133,0,1,t,154,1,530,14,,1588,3,141,9,1992
204134,0,1,t,83,2,530,14,,1588,3,117,4,1992
204135,0,1,t,77,3,530,14,,1588,3,167,1,1992
204136,0,3,t,16,4,530,14,,1588,3,6,0,1992
204137,0,4,t,13,5,530,14,,1588,3,58,0,1992
204138,0,5,t,6,6,530,14,,1588,3,178,0,1992
204139,0,5,t,5,7,530,14,,1588,3,123,0,1992
204140,0,5,t,4,8,530,14,,1588,3,146,0,1992
204141,0,4,t,3,9,530,14,,1588,3,119,0,1992
204142,0,6,t,2,10,530,14,,1588,3,171,0,1992
204143,0,6,t,1,11,530,14,,1588,3,169,0,1992
204144,0,7,f,0,,530,14,,1588,3,165,0,1992
204145,0,7,f,0,,530,14,,1588,3,177,0,1992
204146,0,10,f,0,,530,14,,1588,3,179,0,1992
204147,0,11,f,0,,530,14,,1588,3,83,0,1992
204148,0,,f,0,,530,14,,1588,3,181,0,1992
204149,0,1,t,164,1,531,15,,1591,3,141,10,1992
204150,0,1,t,89,2,531,15,,1591,3,117,4,1992
204151,0,1,t,81,3,531,15,,1591,3,167,1,1992
204152,0,3,t,18,4,531,15,,1591,3,6,0,1992
204153,0,4,t,13,5,531,15,,1591,3,58,0,1992
204154,0,4,t,8,6,531,15,,1591,3,123,0,1992
204155,0,5,t,6,7,531,15,,1591,3,178,0,1992
204156,0,5,t,4,8,531,15,,1591,3,146,0,1992
204157,0,4,t,3,9,531,15,,1591,3,119,0,1992
204158,0,6,t,2,10,531,15,,1591,3,171,0,1992
204159,0,6,t,1,11,531,15,,1591,3,165,0,1992
204160,0,6,t,1,12,531,15,,1591,3,169,0,1992
204161,0,7,f,0,,531,15,,1591,3,177,0,1992
204162,0,10,f,0,,531,15,,1591,3,179,0,1992
204163,0,11,f,0,,531,15,,1591,3,83,0,1992
204164,0,,f,0,,531,15,,1591,3,181,0,1992
204165,0,1,t,164,1,532,16,43,1594,3,141,10,1992
204166,0,1,t,99,2,532,16,43,1594,3,117,5,1992
204167,0,1,t,91,3,532,16,43,1594,3,167,1,1992
204168,0,3,t,21,4,532,16,43,1594,3,6,0,1992
204169,0,4,t,13,5,532,16,43,1594,3,58,0,1992
204170,0,4,t,8,6,532,16,43,1594,3,123,0,1992
204171,0,5,t,6,7,532,16,43,1594,3,178,0,1992
204172,0,5,t,6,8,532,16,43,1594,3,146,0,1992
204173,0,4,t,3,9,532,16,43,1594,3,119,0,1992
204174,0,6,t,2,10,532,16,43,1594,3,171,0,1992
204175,0,6,t,1,11,532,16,43,1594,3,177,0,1992
204176,0,6,t,1,12,532,16,43,1594,3,165,0,1992
204177,0,6,t,1,13,532,16,43,1594,3,169,0,1992
204178,0,10,f,0,,532,16,43,1594,3,179,0,1992
204179,0,11,f,0,,532,16,43,1594,3,83,0,1992
204180,0,,f,0,,532,16,43,1594,3,181,0,1992
204181,0,1,t,10,1,533,1,,1597,3,141,1,1993
204182,0,2,t,6,2,533,1,,1597,3,117,0,1993
204183,0,3,t,4,3,533,1,,1597,3,146,0,1993
204184,0,4,t,3,4,533,1,,1597,3,165,0,1993
204185,0,5,t,2,5,533,1,,1597,3,182,0,1993
204186,0,6,t,1,6,533,1,,1597,3,6,0,1993
204187,0,7,f,0,,533,1,,1597,3,178,0,1993
204188,0,,f,0,,533,1,,1597,3,81,0,1993
204189,0,,f,0,,533,1,,1597,3,169,0,1993
204190,0,,f,0,,533,1,,1597,3,167,0,1993
204191,0,,f,0,,533,1,,1597,3,58,0,1993
204192,0,,f,0,,533,1,,1597,3,177,0,1993
204193,0,,f,0,,533,1,,1597,3,123,0,1993
204194,0,1,t,16,1,534,2,,1600,3,141,1,1993
204195,0,1,t,16,2,534,2,,1600,3,117,1,1993
204196,0,3,t,6,3,534,2,,1600,3,146,0,1993
204197,0,3,t,4,4,534,2,,1600,3,167,0,1993
204198,0,4,t,4,5,534,2,,1600,3,58,0,1993
204199,0,4,t,3,6,534,2,,1600,3,165,0,1993
204200,0,5,t,2,7,534,2,,1600,3,182,0,1993
204201,0,6,t,1,8,534,2,,1600,3,6,0,1993
204202,0,7,f,0,,534,2,,1600,3,178,0,1993
204203,0,7,f,0,,534,2,,1600,3,169,0,1993
204204,0,11,f,0,,534,2,,1600,3,81,0,1993
204205,0,,f,0,,534,2,,1600,3,123,0,1993
204206,0,,f,0,,534,2,,1600,3,177,0,1993
204207,0,1,t,26,1,535,3,,1603,3,117,2,1993
204208,0,1,t,26,2,535,3,,1603,3,141,1,1993
204209,0,4,t,7,3,535,3,,1603,3,58,0,1993
204210,0,3,t,6,4,535,3,,1603,3,146,0,1993
204211,0,3,t,6,5,535,3,,1603,3,167,0,1993
204212,0,4,t,4,6,535,3,,1603,3,165,0,1993
204213,0,5,t,2,7,535,3,,1603,3,182,0,1993
204214,0,6,t,1,8,535,3,,1603,3,6,0,1993
204215,0,7,f,0,,535,3,,1603,3,169,0,1993
204216,0,7,f,0,,535,3,,1603,3,178,0,1993
204217,0,10,f,0,,535,3,,1603,3,177,0,1993
204218,0,11,f,0,,535,3,,1603,3,81,0,1993
204219,0,,f,0,,535,3,,1603,3,123,0,1993
204220,0,1,t,36,1,536,4,,1606,3,141,2,1993
204221,0,1,t,26,2,536,4,,1606,3,117,2,1993
204222,0,2,t,12,3,536,4,,1606,3,167,0,1993
204223,0,3,t,10,4,536,4,,1606,3,146,0,1993
204224,0,4,t,7,5,536,4,,1606,3,58,0,1993
204225,0,4,t,5,6,536,4,,1606,3,182,0,1993
204226,0,4,t,5,7,536,4,,1606,3,165,0,1993
204227,0,5,t,2,8,536,4,,1606,3,169,0,1993
204228,0,6,t,1,9,536,4,,1606,3,6,0,1993
204229,0,7,f,0,,536,4,,1606,3,178,0,1993
204230,0,7,f,0,,536,4,,1606,3,81,0,1993
204231,0,10,f,0,,536,4,,1606,3,177,0,1993
204232,0,,f,0,,536,4,,1606,3,123,0,1993
204233,0,1,t,46,1,537,5,,1609,3,141,3,1993
204234,0,1,t,34,2,537,5,,1609,3,117,2,1993
204235,0,2,t,19,3,537,5,,1609,3,167,0,1993
204236,0,3,t,10,4,537,5,,1609,3,146,0,1993
204237,0,4,t,7,5,537,5,,1609,3,58,0,1993
204238,0,4,t,5,6,537,5,,1609,3,182,0,1993
204239,0,4,t,5,7,537,5,,1609,3,165,0,1993
204240,0,5,t,2,8,537,5,,1609,3,169,0,1993
204241,0,6,t,2,9,537,5,,1609,3,6,0,1993
204242,0,7,f,0,,537,5,,1609,3,178,0,1993
204243,0,7,f,0,,537,5,,1609,3,81,0,1993
204244,0,10,f,0,,537,5,,1609,3,177,0,1993
204245,0,,f,0,,537,5,,1609,3,123,0,1993
204246,0,1,t,55,1,538,6,,1612,3,141,3,1993
204247,0,1,t,44,2,538,6,,1612,3,117,3,1993
204248,0,2,t,19,3,538,6,,1612,3,167,0,1993
204249,0,3,t,11,4,538,6,,1612,3,146,0,1993
204250,0,4,t,7,5,538,6,,1612,3,58,0,1993
204251,0,4,t,7,6,538,6,,1612,3,165,0,1993
204252,0,3,t,6,7,538,6,,1612,3,6,0,1993
204253,0,4,t,5,8,538,6,,1612,3,182,0,1993
204254,0,5,t,2,9,538,6,,1612,3,169,0,1993
204255,0,7,f,0,,538,6,,1612,3,178,0,1993
204256,0,7,f,0,,538,6,,1612,3,81,0,1993
204257,0,9,f,0,,538,6,,1612,3,177,0,1993
204258,0,10,f,0,,538,6,,1612,3,123,0,1993
204259,0,1,t,69,1,539,7,,1615,3,141,4,1993
204260,0,1,t,44,2,539,7,,1615,3,117,3,1993
204261,0,2,t,25,3,539,7,,1615,3,167,0,1993
204262,0,3,t,13,4,539,7,,1615,3,146,0,1993
204263,0,3,t,9,5,539,7,,1615,3,6,0,1993
204264,0,4,t,7,6,539,7,,1615,3,58,0,1993
204265,0,4,t,7,7,539,7,,1615,3,165,0,1993
204266,0,4,t,6,8,539,7,,1615,3,182,0,1993
204267,0,5,t,2,9,539,7,,1615,3,169,0,1993
204268,0,7,f,0,,539,7,,1615,3,178,0,1993
204269,0,7,f,0,,539,7,,1615,3,81,0,1993
204270,0,9,f,0,,539,7,,1615,3,177,0,1993
204271,0,10,f,0,,539,7,,1615,3,123,0,1993
204272,0,1,t,85,1,540,8,,1618,3,141,5,1993
204273,0,1,t,48,2,540,8,,1618,3,117,3,1993
204274,0,2,t,29,3,540,8,,1618,3,167,0,1993
204275,0,3,t,15,4,540,8,,1618,3,146,0,1993
204276,0,3,t,9,5,540,8,,1618,3,6,0,1993
204277,0,4,t,7,6,540,8,,1618,3,58,0,1993
204278,0,4,t,7,7,540,8,,1618,3,165,0,1993
204279,0,4,t,6,8,540,8,,1618,3,182,0,1993
204280,0,5,t,2,9,540,8,,1618,3,169,0,1993
204281,0,7,f,0,,540,8,,1618,3,178,0,1993
204282,0,7,f,0,,540,8,,1618,3,177,0,1993
204283,0,7,f,0,,540,8,,1618,3,81,0,1993
204284,0,10,f,0,,540,8,,1618,3,123,0,1993
204285,0,1,t,95,1,541,9,,1621,3,141,6,1993
204286,0,1,t,50,2,541,9,,1621,3,117,3,1993
204287,0,2,t,39,3,541,9,,1621,3,167,0,1993
204288,0,3,t,15,4,541,9,,1621,3,146,0,1993
204289,0,4,t,10,5,541,9,,1621,3,58,0,1993
204290,0,3,t,9,6,541,9,,1621,3,6,0,1993
204291,0,4,t,7,7,541,9,,1621,3,165,0,1993
204292,0,4,t,6,8,541,9,,1621,3,182,0,1993
204293,0,5,t,2,9,541,9,,1621,3,169,0,1993
204294,0,6,t,1,10,541,9,,1621,3,178,0,1993
204295,0,7,f,0,,541,9,,1621,3,177,0,1993
204296,0,7,f,0,,541,9,,1621,3,81,0,1993
204297,0,10,f,0,,541,9,,1621,3,123,0,1993
204298,0,1,t,105,1,542,10,,1624,3,141,7,1993
204299,0,1,t,53,2,542,10,,1624,3,117,3,1993
204300,0,2,t,47,3,542,10,,1624,3,167,0,1993
204301,0,3,t,19,4,542,10,,1624,3,146,0,1993
204302,0,3,t,10,5,542,10,,1624,3,6,0,1993
204303,0,4,t,10,6,542,10,,1624,3,58,0,1993
204304,0,4,t,7,7,542,10,,1624,3,165,0,1993
204305,0,4,t,6,8,542,10,,1624,3,182,0,1993
204306,0,5,t,2,9,542,10,,1624,3,169,0,1993
204307,0,6,t,1,10,542,10,,1624,3,178,0,1993
204308,0,7,f,0,,542,10,,1624,3,177,0,1993
204309,0,7,f,0,,542,10,,1624,3,81,0,1993
204310,0,10,f,0,,542,10,,1624,3,123,0,1993
204311,0,1,t,115,1,543,11,,1627,3,141,8,1993
204312,0,1,t,53,2,543,11,,1627,3,117,3,1993
204313,0,2,t,53,3,543,11,,1627,3,167,0,1993
204314,0,3,t,21,4,543,11,,1627,3,146,0,1993
204315,0,3,t,14,5,543,11,,1627,3,6,0,1993
204316,0,4,t,10,6,543,11,,1627,3,58,0,1993
204317,0,4,t,7,7,543,11,,1627,3,165,0,1993
204318,0,4,t,7,8,543,11,,1627,3,182,0,1993
204319,0,4,t,4,9,543,11,,1627,3,178,0,1993
204320,0,5,t,2,10,543,11,,1627,3,169,0,1993
204321,0,7,f,0,,543,11,,1627,3,177,0,1993
204322,0,7,f,0,,543,11,,1627,3,81,0,1993
204323,0,10,f,0,,543,11,,1627,3,123,0,1993
204324,0,1,t,129,1,544,12,,1630,3,141,9,1993
204325,0,2,t,60,2,544,12,,1630,3,167,0,1993
204326,0,1,t,56,3,544,12,,1630,3,117,3,1993
204327,0,3,t,21,4,544,12,,1630,3,146,0,1993
204328,0,3,t,14,5,544,12,,1630,3,6,0,1993
204329,0,4,t,12,6,544,12,,1630,3,58,0,1993
204330,0,4,t,7,7,544,12,,1630,3,165,0,1993
204331,0,4,t,7,8,544,12,,1630,3,182,0,1993
204332,0,4,t,4,9,544,12,,1630,3,178,0,1993
204333,0,5,t,2,10,544,12,,1630,3,169,0,1993
204334,0,7,f,0,,544,12,,1630,3,177,0,1993
204335,0,7,f,0,,544,12,,1630,3,81,0,1993
204336,0,10,f,0,,544,12,,1630,3,123,0,1993
204337,0,1,t,139,1,545,13,,1633,3,141,10,1993
204338,0,2,t,62,2,545,13,,1633,3,167,0,1993
204339,0,1,t,60,3,545,13,,1633,3,117,3,1993
204340,0,3,t,21,4,545,13,,1633,3,146,0,1993
204341,0,2,t,20,5,545,13,,1633,3,6,0,1993
204342,0,4,t,12,6,545,13,,1633,3,58,0,1993
204343,0,4,t,10,7,545,13,,1633,3,182,0,1993
204344,0,4,t,7,8,545,13,,1633,3,165,0,1993
204345,0,4,t,4,9,545,13,,1633,3,178,0,1993
204346,0,5,t,3,10,545,13,,1633,3,169,0,1993
204347,0,7,f,0,,545,13,,1633,3,177,0,1993
204348,0,7,f,0,,545,13,,1633,3,81,0,1993
204349,0,10,f,0,,545,13,,1633,3,123,0,1993
204350,0,1,t,149,1,546,14,,1636,3,141,10,1993
204351,0,1,t,72,2,546,14,,1636,3,167,1,1993
204352,0,1,t,60,3,546,14,,1636,3,117,3,1993
204353,0,2,t,23,4,546,14,,1636,3,6,0,1993
204354,0,3,t,22,5,546,14,,1636,3,146,0,1993
204355,0,4,t,12,6,546,14,,1636,3,58,0,1993
204356,0,4,t,12,7,546,14,,1636,3,182,0,1993
204357,0,4,t,7,8,546,14,,1636,3,165,0,1993
204358,0,4,t,4,9,546,14,,1636,3,178,0,1993
204359,0,5,t,3,10,546,14,,1636,3,169,0,1993
204360,0,7,f,0,,546,14,,1636,3,177,0,1993
204361,0,7,f,0,,546,14,,1636,3,81,0,1993
204362,0,10,f,0,,546,14,,1636,3,123,0,1993
204363,0,1,t,158,1,547,15,,1639,3,141,10,1993
204364,0,1,t,74,2,547,15,,1639,3,117,4,1993
204365,0,1,t,72,3,547,15,,1639,3,167,1,1993
204366,0,2,t,23,4,547,15,,1639,3,6,0,1993
204367,0,3,t,22,5,547,15,,1639,3,146,0,1993
204368,0,4,t,12,6,547,15,,1639,3,58,0,1993
204369,0,4,t,12,7,547,15,,1639,3,182,0,1993
204370,0,4,t,7,8,547,15,,1639,3,165,0,1993
204371,0,4,t,4,9,547,15,,1639,3,178,0,1993
204372,0,5,t,3,10,547,15,,1639,3,169,0,1993
204373,0,5,t,3,11,547,15,,1639,3,177,0,1993
204374,0,7,f,0,,547,15,,1639,3,81,0,1993
204375,0,10,f,0,,547,15,,1639,3,123,0,1993
204376,0,1,t,168,1,548,16,44,1642,3,141,10,1993
204377,0,1,t,84,2,548,16,44,1642,3,117,5,1993
204378,0,1,t,72,3,548,16,44,1642,3,167,1,1993
204379,0,2,t,28,4,548,16,44,1642,3,6,0,1993
204380,0,3,t,23,5,548,16,44,1642,3,146,0,1993
204381,0,4,t,12,6,548,16,44,1642,3,58,0,1993
204382,0,4,t,12,7,548,16,44,1642,3,182,0,1993
204383,0,4,t,7,8,548,16,44,1642,3,165,0,1993
204384,0,4,t,4,9,548,16,44,1642,3,178,0,1993
204385,0,5,t,3,10,548,16,44,1642,3,169,0,1993
204386,0,5,t,3,11,548,16,44,1642,3,177,0,1993
204387,0,7,f,0,,548,16,44,1642,3,81,0,1993
204388,0,10,f,0,,548,16,44,1642,3,123,0,1993
204389,0,1,t,10,1,549,1,,1645,3,167,1,1994
204390,0,2,t,6,2,549,1,,1645,3,141,0,1994
204391,0,3,t,4,3,549,1,,1645,3,6,0,1994
204392,0,4,t,3,4,549,1,,1645,3,177,0,1994
204393,0,5,t,2,5,549,1,,1645,3,123,0,1994
204394,0,6,t,1,6,549,1,,1645,3,182,0,1994
204395,0,7,f,0,,549,1,,1645,3,58,0,1994
204396,0,8,f,0,,549,1,,1645,3,165,0,1994
204397,0,9,f,0,,549,1,,1645,3,169,0,1994
204398,0,11,f,0,,549,1,,1645,3,146,0,1994
204399,0,12,f,0,,549,1,,1645,3,184,0,1994
204400,0,,f,0,,549,1,,1645,3,117,0,1994
204401,0,,f,0,,549,1,,1645,3,178,0,1994
204402,0,,f,0,,549,1,,1645,3,183,0,1994
204403,0,1,t,20,1,550,2,,1648,3,167,2,1994
204404,0,2,t,10,2,550,2,,1648,3,6,0,1994
204405,0,3,t,7,3,550,2,,1648,3,177,0,1994
204406,0,2,t,6,4,550,2,,1648,3,141,0,1994
204407,0,4,t,3,5,550,2,,1648,3,178,0,1994
204408,0,5,t,3,6,550,2,,1648,3,182,0,1994
204409,0,5,t,2,7,550,2,,1648,3,123,0,1994
204410,0,6,t,1,8,550,2,,1648,3,169,0,1994
204411,0,7,f,0,,550,2,,1648,3,58,0,1994
204412,0,8,f,0,,550,2,,1648,3,165,0,1994
204413,0,9,f,0,,550,2,,1648,3,146,0,1994
204414,0,11,f,0,,550,2,,1648,3,184,0,1994
204415,0,,f,0,,550,2,,1648,3,117,0,1994
204416,0,,f,0,,550,2,,1648,3,183,0,1994
204417,0,1,t,30,1,551,3,,1651,3,167,3,1994
204418,0,2,t,16,2,551,3,,1651,3,6,0,1994
204419,0,2,t,7,3,551,3,,1651,3,141,0,1994
204420,0,3,t,7,4,551,3,,1651,3,177,0,1994
204421,0,4,t,6,5,551,3,,1651,3,182,0,1994
204422,0,3,t,4,6,551,3,,1651,3,117,0,1994
204423,0,5,t,4,7,551,3,,1651,3,123,0,1994
204424,0,4,t,3,8,551,3,,1651,3,178,0,1994
204425,0,6,t,1,9,551,3,,1651,3,169,0,1994
204426,0,7,f,0,,551,3,,1651,3,58,0,1994
204427,0,8,f,0,,551,3,,1651,3,165,0,1994
204428,0,9,f,0,,551,3,,1651,3,146,0,1994
204429,0,11,f,0,,551,3,,1651,3,184,0,1994
204430,0,,f,0,,551,3,,1651,3,183,0,1994
204431,0,1,t,40,1,552,4,,1654,3,167,4,1994
204432,0,2,t,22,2,552,4,,1654,3,6,0,1994
204433,0,2,t,10,3,552,4,,1654,3,117,0,1994
204434,0,3,t,10,4,552,4,,1654,3,177,0,1994
204435,0,2,t,7,5,552,4,,1654,3,141,0,1994
204436,0,4,t,6,6,552,4,,1654,3,182,0,1994
204437,0,5,t,4,7,552,4,,1654,3,123,0,1994
204438,0,4,t,3,8,552,4,,1654,3,178,0,1994
204439,0,6,t,1,9,552,4,,1654,3,169,0,1994
204440,0,6,t,1,10,552,4,,1654,3,165,0,1994
204441,0,7,f,0,,552,4,,1654,3,58,0,1994
204442,0,9,f,0,,552,4,,1654,3,146,0,1994
204443,0,11,f,0,,552,4,,1654,3,184,0,1994
204444,0,,f,0,,552,4,,1654,3,183,0,1994
204445,0,1,t,46,1,553,5,,1657,3,167,4,1994
204446,0,2,t,25,2,553,5,,1657,3,6,0,1994
204447,0,1,t,17,3,553,5,,1657,3,141,1,1994
204448,0,3,t,11,4,553,5,,1657,3,177,0,1994
204449,0,2,t,10,5,553,5,,1657,3,117,0,1994
204450,0,3,t,8,6,553,5,,1657,3,123,0,1994
204451,0,4,t,6,7,553,5,,1657,3,182,0,1994
204452,0,4,t,3,8,553,5,,1657,3,178,0,1994
204453,0,5,t,3,9,553,5,,1657,3,165,0,1994
204454,0,6,t,1,10,553,5,,1657,3,169,0,1994
204455,0,7,f,0,,553,5,,1657,3,58,0,1994
204456,0,7,f,0,,553,5,,1657,3,146,0,1994
204457,0,10,f,0,,553,5,,1657,3,184,0,1994
204458,0,,f,0,,553,5,,1657,3,183,0,1994
204459,0,1,t,57,1,554,6,,1660,3,167,5,1994
204460,0,2,t,32,2,554,6,,1660,3,6,0,1994
204461,0,1,t,25,3,554,6,,1660,3,141,1,1994
204462,0,3,t,11,4,554,6,,1660,3,177,0,1994
204463,0,2,t,10,5,554,6,,1660,3,117,0,1994
204464,0,3,t,8,6,554,6,,1660,3,123,0,1994
204465,0,4,t,6,7,554,6,,1660,3,182,0,1994
204466,0,4,t,3,8,554,6,,1660,3,178,0,1994
204467,0,5,t,3,9,554,6,,1660,3,165,0,1994
204468,0,6,t,1,10,554,6,,1660,3,169,0,1994
204469,0,7,f,0,,554,6,,1660,3,58,0,1994
204470,0,7,f,0,,554,6,,1660,3,146,0,1994
204471,0,10,f,0,,554,6,,1660,3,184,0,1994
204472,0,,f,0,,554,6,,1660,3,183,0,1994
204473,0,1,t,67,1,555,7,,1663,3,167,6,1994
204474,0,2,t,36,2,555,7,,1663,3,6,0,1994
204475,0,1,t,31,3,555,7,,1663,3,141,1,1994
204476,0,3,t,11,4,555,7,,1663,3,177,0,1994
204477,0,2,t,10,5,555,7,,1663,3,117,0,1994
204478,0,4,t,10,6,555,7,,1663,3,182,0,1994
204479,0,3,t,8,7,555,7,,1663,3,123,0,1994
204480,0,5,t,5,8,555,7,,1663,3,165,0,1994
204481,0,4,t,3,9,555,7,,1663,3,178,0,1994
204482,0,6,t,1,10,555,7,,1663,3,169,0,1994
204483,0,7,f,0,,555,7,,1663,3,58,0,1994
204484,0,7,f,0,,555,7,,1663,3,146,0,1994
204485,0,9,f,0,,555,7,,1663,3,184,0,1994
204486,0,,f,0,,555,7,,1663,3,183,0,1994
204487,0,1,t,67,1,556,8,,1666,3,167,6,1994
204488,0,1,t,43,2,556,8,,1666,3,141,2,1994
204489,0,2,t,42,3,556,8,,1666,3,6,0,1994
204490,0,2,t,14,4,556,8,,1666,3,117,0,1994
204491,0,3,t,14,5,556,8,,1666,3,177,0,1994
204492,0,4,t,10,6,556,8,,1666,3,182,0,1994
204493,0,3,t,9,7,556,8,,1666,3,123,0,1994
204494,0,5,t,5,8,556,8,,1666,3,165,0,1994
204495,0,4,t,3,9,556,8,,1666,3,178,0,1994
204496,0,6,t,1,10,556,8,,1666,3,169,0,1994
204497,0,7,f,0,,556,8,,1666,3,58,0,1994
204498,0,7,f,0,,556,8,,1666,3,146,0,1994
204499,0,9,f,0,,556,8,,1666,3,184,0,1994
204500,0,,f,0,,556,8,,1666,3,183,0,1994
204501,0,1,t,67,1,557,9,,1669,3,167,6,1994
204502,0,1,t,52,2,557,9,,1669,3,6,1,1994
204503,0,1,t,43,3,557,9,,1669,3,141,2,1994
204504,0,2,t,14,4,557,9,,1669,3,117,0,1994
204505,0,3,t,14,5,557,9,,1669,3,177,0,1994
204506,0,2,t,10,6,557,9,,1669,3,146,0,1994
204507,0,4,t,10,7,557,9,,1669,3,182,0,1994
204508,0,3,t,9,8,557,9,,1669,3,123,0,1994
204509,0,4,t,8,9,557,9,,1669,3,178,0,1994
204510,0,5,t,5,10,557,9,,1669,3,165,0,1994
204511,0,6,t,2,11,557,9,,1669,3,169,0,1994
204512,0,7,f,0,,557,9,,1669,3,58,0,1994
204513,0,9,f,0,,557,9,,1669,3,184,0,1994
204514,0,,f,0,,557,9,,1669,3,183,0,1994
204515,0,1,t,81,1,558,10,,1672,3,167,7,1994
204516,0,1,t,52,2,558,10,,1672,3,6,1,1994
204517,0,1,t,49,3,558,10,,1672,3,141,2,1994
204518,0,2,t,17,4,558,10,,1672,3,117,0,1994
204519,0,3,t,14,5,558,10,,1672,3,177,0,1994
204520,0,2,t,11,6,558,10,,1672,3,146,0,1994
204521,0,3,t,11,7,558,10,,1672,3,123,0,1994
204522,0,4,t,10,8,558,10,,1672,3,182,0,1994
204523,0,4,t,8,9,558,10,,1672,3,178,0,1994
204524,0,5,t,5,10,558,10,,1672,3,165,0,1994
204525,0,6,t,2,11,558,10,,1672,3,169,0,1994
204526,0,7,f,0,,558,10,,1672,3,58,0,1994
204527,0,9,f,0,,558,10,,1672,3,184,0,1994
204528,0,,f,0,,558,10,,1672,3,183,0,1994
204529,0,1,t,85,1,559,11,,1675,3,167,7,1994
204530,0,1,t,62,2,559,11,,1675,3,141,3,1994
204531,0,1,t,52,3,559,11,,1675,3,6,1,1994
204532,0,2,t,23,4,559,11,,1675,3,117,0,1994
204533,0,3,t,14,5,559,11,,1675,3,177,0,1994
204534,0,3,t,13,6,559,11,,1675,3,123,0,1994
204535,0,2,t,11,7,559,11,,1675,3,146,0,1994
204536,0,4,t,10,8,559,11,,1675,3,182,0,1994
204537,0,4,t,9,9,559,11,,1675,3,178,0,1994
204538,0,5,t,5,10,559,11,,1675,3,165,0,1994
204539,0,6,t,2,11,559,11,,1675,3,169,0,1994
204540,0,7,f,0,,559,11,,1675,3,58,0,1994
204541,0,9,f,0,,559,11,,1675,3,184,0,1994
204542,0,,f,0,,559,11,,1675,3,183,0,1994
204543,0,1,t,85,1,560,12,,1678,3,167,7,1994
204544,0,1,t,73,2,560,12,,1678,3,141,4,1994
204545,0,1,t,58,3,560,12,,1678,3,6,1,1994
204546,0,2,t,29,4,560,12,,1678,3,117,0,1994
204547,0,3,t,17,5,560,12,,1678,3,177,0,1994
204548,0,3,t,13,6,560,12,,1678,3,123,0,1994
204549,0,2,t,11,7,560,12,,1678,3,146,0,1994
204550,0,4,t,10,8,560,12,,1678,3,182,0,1994
204551,0,4,t,9,9,560,12,,1678,3,178,0,1994
204552,0,5,t,5,10,560,12,,1678,3,165,0,1994
204553,0,6,t,2,11,560,12,,1678,3,169,0,1994
204554,0,7,f,0,,560,12,,1678,3,58,0,1994
204555,0,9,f,0,,560,12,,1678,3,184,0,1994
204556,0,,f,0,,560,12,,1678,3,183,0,1994
204557,0,1,t,89,1,561,13,,1681,3,141,5,1994
204558,0,1,t,87,2,561,13,,1681,3,167,7,1994
204559,0,1,t,58,3,561,13,,1681,3,6,1,1994
204560,0,2,t,34,4,561,13,,1681,3,117,0,1994
204561,0,3,t,20,5,561,13,,1681,3,177,0,1994
204562,0,3,t,13,6,561,13,,1681,3,123,0,1994
204563,0,2,t,11,7,561,13,,1681,3,146,0,1994
204564,0,4,t,10,8,561,13,,1681,3,182,0,1994
204565,0,4,t,9,9,561,13,,1681,3,178,0,1994
204566,0,5,t,5,10,561,13,,1681,3,165,0,1994
204567,0,6,t,2,11,561,13,,1681,3,169,0,1994
204568,0,7,f,0,,561,13,,1681,3,58,0,1994
204569,0,9,f,0,,561,13,,1681,3,184,0,1994
204570,0,,f,0,,561,13,,1681,3,183,0,1994
204571,0,1,t,97,1,562,14,,1684,3,167,8,1994
204572,0,1,t,95,2,562,14,,1684,3,141,5,1994
204573,0,1,t,60,3,562,14,,1684,3,6,1,1994
204574,0,2,t,38,4,562,14,,1684,3,117,0,1994
204575,0,3,t,23,5,562,14,,1684,3,177,0,1994
204576,0,3,t,13,6,562,14,,1684,3,123,0,1994
204577,0,2,t,11,7,562,14,,1684,3,146,0,1994
204578,0,4,t,11,8,562,14,,1684,3,182,0,1994
204579,0,4,t,9,9,562,14,,1684,3,178,0,1994
204580,0,5,t,5,10,562,14,,1684,3,165,0,1994
204581,0,6,t,2,11,562,14,,1684,3,169,0,1994
204582,0,7,f,0,,562,14,,1684,3,58,0,1994
204583,0,9,f,0,,562,14,,1684,3,184,0,1994
204584,0,,f,0,,562,14,,1684,3,183,0,1994
204585,0,1,t,108,1,563,15,,1687,3,141,6,1994
204586,0,1,t,103,2,563,15,,1687,3,167,8,1994
204587,0,1,t,64,3,563,15,,1687,3,6,1,1994
204588,0,2,t,38,4,563,15,,1687,3,117,0,1994
204589,0,3,t,25,5,563,15,,1687,3,177,0,1994
204590,0,3,t,13,6,563,15,,1687,3,123,0,1994
204591,0,4,t,12,7,563,15,,1687,3,182,0,1994
204592,0,2,t,11,8,563,15,,1687,3,146,0,1994
204593,0,4,t,9,9,563,15,,1687,3,178,0,1994
204594,0,5,t,5,10,563,15,,1687,3,165,0,1994
204595,0,6,t,2,11,563,15,,1687,3,169,0,1994
204596,0,7,f,0,,563,15,,1687,3,58,0,1994
204597,0,9,f,0,,563,15,,1687,3,184,0,1994
204598,0,,f,0,,563,15,,1687,3,183,0,1994
204599,0,1,t,118,1,564,16,45,1690,3,141,7,1994
204600,0,1,t,103,2,564,16,45,1690,3,167,8,1994
204601,0,1,t,71,3,564,16,45,1690,3,6,1,1994
204602,0,2,t,42,4,564,16,45,1690,3,117,0,1994
204603,0,3,t,28,5,564,16,45,1690,3,177,0,1994
204604,0,2,t,13,6,564,16,45,1690,3,146,0,1994
204605,0,3,t,13,7,564,16,45,1690,3,123,0,1994
204606,0,4,t,12,8,564,16,45,1690,3,182,0,1994
204607,0,4,t,9,9,564,16,45,1690,3,178,0,1994
204608,0,5,t,5,10,564,16,45,1690,3,165,0,1994
204609,0,6,t,2,11,564,16,45,1690,3,169,0,1994
204610,0,7,f,0,,564,16,45,1690,3,58,0,1994
204611,0,9,f,0,,564,16,45,1690,3,184,0,1994
204612,0,,f,0,,564,16,45,1690,3,183,0,1994
204613,0,1,t,10,1,565,1,,1693,3,167,1,1995
204614,0,2,t,6,2,565,1,,1693,3,141,0,1995
204615,0,3,t,6,3,565,1,,1693,3,6,0,1995
204616,0,4,t,4,4,565,1,,1693,3,117,0,1995
204617,0,7,f,0,,565,1,,1693,3,123,0,1995
204618,0,8,f,0,,565,1,,1693,3,146,0,1995
204619,0,9,f,0,,565,1,,1693,3,183,0,1995
204620,0,10,f,0,,565,1,,1693,3,185,0,1995
204621,0,,f,0,,565,1,,1693,3,178,0,1995
204622,0,,f,0,,565,1,,1693,3,165,0,1995
204623,0,,f,0,,565,1,,1693,3,182,0,1995
204624,0,,f,0,,565,1,,1693,3,177,0,1995
204625,0,,f,0,,565,1,,1693,3,184,0,1995
204626,0,1,t,17,1,566,2,,1696,3,167,1,1995
204627,0,1,t,16,2,566,2,,1696,3,141,1,1995
204628,0,2,t,13,3,566,2,,1696,3,6,0,1995
204629,0,4,t,4,4,566,2,,1696,3,117,0,1995
204630,0,5,t,2,5,566,2,,1696,3,182,0,1995
204631,0,7,f,0,,566,2,,1696,3,123,0,1995
204632,0,7,f,0,,566,2,,1696,3,146,0,1995
204633,0,9,f,0,,566,2,,1696,3,184,0,1995
204634,0,9,f,0,,566,2,,1696,3,183,0,1995
204635,0,10,f,0,,566,2,,1696,3,185,0,1995
204636,0,,f,0,,566,2,,1696,3,178,0,1995
204637,0,,f,0,,566,2,,1696,3,165,0,1995
204638,0,,f,0,,566,2,,1696,3,177,0,1995
204639,0,1,t,29,1,567,3,,1699,3,141,2,1995
204640,0,2,t,23,2,567,3,,1699,3,6,0,1995
204641,0,1,t,17,3,567,3,,1699,3,167,1,1995
204642,0,4,t,6,4,567,3,,1699,3,117,0,1995
204643,0,5,t,3,5,567,3,,1699,3,182,0,1995
204644,0,7,f,0,,567,3,,1699,3,146,0,1995
204645,0,7,f,0,,567,3,,1699,3,123,0,1995
204646,0,8,f,0,,567,3,,1699,3,177,0,1995
204647,0,9,f,0,,567,3,,1699,3,183,0,1995
204648,0,9,f,0,,567,3,,1699,3,184,0,1995
204649,0,10,f,0,,567,3,,1699,3,185,0,1995
204650,0,12,f,0,,567,3,,1699,3,165,0,1995
204651,0,13,f,0,,567,3,,1699,3,178,0,1995
204652,0,1,t,33,1,568,4,,1702,3,167,2,1995
204653,0,1,t,32,2,568,4,,1702,3,141,2,1995
204654,0,2,t,27,3,568,4,,1702,3,6,0,1995
204655,0,4,t,6,4,568,4,,1702,3,117,0,1995
204656,0,5,t,3,5,568,4,,1702,3,182,0,1995
204657,0,5,t,2,6,568,4,,1702,3,177,0,1995
204658,0,6,t,1,7,568,4,,1702,3,146,0,1995
204659,0,7,f,0,,568,4,,1702,3,123,0,1995
204660,0,9,f,0,,568,4,,1702,3,184,0,1995
204661,0,9,f,0,,568,4,,1702,3,183,0,1995
204662,0,10,f,0,,568,4,,1702,3,185,0,1995
204663,0,11,f,0,,568,4,,1702,3,178,0,1995
204664,0,12,f,0,,568,4,,1702,3,165,0,1995
204665,0,1,t,46,1,569,5,,1705,3,167,3,1995
204666,0,1,t,38,2,569,5,,1705,3,141,2,1995
204667,0,2,t,31,3,569,5,,1705,3,6,0,1995
204668,0,4,t,8,4,569,5,,1705,3,117,0,1995
204669,0,5,t,4,5,569,5,,1705,3,182,0,1995
204670,0,5,t,2,6,569,5,,1705,3,177,0,1995
204671,0,6,t,1,7,569,5,,1705,3,146,0,1995
204672,0,7,f,0,,569,5,,1705,3,123,0,1995
204673,0,7,f,0,,569,5,,1705,3,165,0,1995
204674,0,9,f,0,,569,5,,1705,3,178,0,1995
204675,0,9,f,0,,569,5,,1705,3,184,0,1995
204676,0,9,f,0,,569,5,,1705,3,183,0,1995
204677,0,10,f,0,,569,5,,1705,3,185,0,1995
204678,0,1,t,48,1,570,6,,1708,3,167,3,1995
204679,0,1,t,41,2,570,6,,1708,3,6,1,1995
204680,0,1,t,38,3,570,6,,1708,3,141,2,1995
204681,0,2,t,12,4,570,6,,1708,3,177,0,1995
204682,0,4,t,8,5,570,6,,1708,3,117,0,1995
204683,0,4,t,4,6,570,6,,1708,3,146,0,1995
204684,0,5,t,4,7,570,6,,1708,3,182,0,1995
204685,0,6,t,1,8,570,6,,1708,3,178,0,1995
204686,0,7,f,0,,570,6,,1708,3,123,0,1995
204687,0,7,f,0,,570,6,,1708,3,165,0,1995
204688,0,9,f,0,,570,6,,1708,3,184,0,1995
204689,0,9,f,0,,570,6,,1708,3,183,0,1995
204690,0,10,f,0,,570,6,,1708,3,185,0,1995
204691,0,1,t,58,1,571,7,,1711,3,167,4,1995
204692,0,1,t,48,2,571,7,,1711,3,141,2,1995
204693,0,1,t,43,3,571,7,,1711,3,6,1,1995
204694,0,2,t,13,4,571,7,,1711,3,177,0,1995
204695,0,4,t,8,5,571,7,,1711,3,117,0,1995
204696,0,4,t,7,6,571,7,,1711,3,146,0,1995
204697,0,5,t,4,7,571,7,,1711,3,182,0,1995
204698,0,6,t,1,8,571,7,,1711,3,178,0,1995
204699,0,7,f,0,,571,7,,1711,3,123,0,1995
204700,0,7,f,0,,571,7,,1711,3,165,0,1995
204701,0,9,f,0,,571,7,,1711,3,184,0,1995
204702,0,9,f,0,,571,7,,1711,3,183,0,1995
204703,0,10,f,0,,571,7,,1711,3,185,0,1995
204704,0,1,t,68,1,572,8,,1714,3,167,5,1995
204705,0,1,t,52,2,572,8,,1714,3,141,2,1995
204706,0,1,t,49,3,572,8,,1714,3,6,1,1995
204707,0,2,t,13,4,572,8,,1714,3,177,0,1995
204708,0,4,t,10,5,572,8,,1714,3,146,0,1995
204709,0,4,t,10,6,572,8,,1714,3,117,0,1995
204710,0,5,t,5,7,572,8,,1714,3,182,0,1995
204711,0,6,t,1,8,572,8,,1714,3,178,0,1995
204712,0,7,f,0,,572,8,,1714,3,123,0,1995
204713,0,7,f,0,,572,8,,1714,3,165,0,1995
204714,0,9,f,0,,572,8,,1714,3,184,0,1995
204715,0,9,f,0,,572,8,,1714,3,183,0,1995
204716,0,10,f,0,,572,8,,1714,3,185,0,1995
204717,0,1,t,81,1,573,9,,1717,3,167,6,1995
204718,0,1,t,58,2,573,9,,1717,3,141,2,1995
204719,0,1,t,53,3,573,9,,1717,3,6,1,1995
204720,0,2,t,13,4,573,9,,1717,3,177,0,1995
204721,0,4,t,11,5,573,9,,1717,3,146,0,1995
204722,0,4,t,10,6,573,9,,1717,3,117,0,1995
204723,0,5,t,7,7,573,9,,1717,3,182,0,1995
204724,0,6,t,1,8,573,9,,1717,3,178,0,1995
204725,0,7,f,0,,573,9,,1717,3,123,0,1995
204726,0,7,f,0,,573,9,,1717,3,165,0,1995
204727,0,8,f,0,,573,9,,1717,3,183,0,1995
204728,0,9,f,0,,573,9,,1717,3,184,0,1995
204729,0,10,f,0,,573,9,,1717,3,185,0,1995
204730,0,1,t,84,1,574,10,,1720,3,167,6,1995
204731,0,1,t,74,2,574,10,,1720,3,141,3,1995
204732,0,1,t,57,3,574,10,,1720,3,6,1,1995
204733,0,2,t,13,4,574,10,,1720,3,177,0,1995
204734,0,4,t,12,5,574,10,,1720,3,146,0,1995
204735,0,4,t,10,6,574,10,,1720,3,117,0,1995
204736,0,5,t,9,7,574,10,,1720,3,182,0,1995
204737,0,6,t,1,8,574,10,,1720,3,178,0,1995
204738,0,7,f,0,,574,10,,1720,3,123,0,1995
204739,0,7,f,0,,574,10,,1720,3,165,0,1995
204740,0,8,f,0,,574,10,,1720,3,183,0,1995
204741,0,9,f,0,,574,10,,1720,3,184,0,1995
204742,0,10,f,0,,574,10,,1720,3,185,0,1995
204743,0,1,t,94,1,575,11,,1723,3,167,7,1995
204744,0,1,t,80,2,575,11,,1723,3,141,3,1995
204745,0,1,t,57,3,575,11,,1723,3,6,1,1995
204746,0,3,t,16,4,575,11,,1723,3,146,0,1995
204747,0,2,t,14,5,575,11,,1723,3,177,0,1995
204748,0,4,t,12,6,575,11,,1723,3,117,0,1995
204749,0,4,t,12,7,575,11,,1723,3,182,0,1995
204750,0,6,t,1,8,575,11,,1723,3,178,0,1995
204751,0,7,f,0,,575,11,,1723,3,123,0,1995
204752,0,7,f,0,,575,11,,1723,3,165,0,1995
204753,0,8,f,0,,575,11,,1723,3,183,0,1995
204754,0,9,f,0,,575,11,,1723,3,184,0,1995
204755,0,10,f,0,,575,11,,1723,3,185,0,1995
204756,0,1,t,104,1,576,12,,1726,3,167,8,1995
204757,0,1,t,80,2,576,12,,1726,3,141,3,1995
204758,0,1,t,57,3,576,12,,1726,3,6,1,1995
204759,0,2,t,21,4,576,12,,1726,3,117,0,1995
204760,0,3,t,17,5,576,12,,1726,3,182,0,1995
204761,0,3,t,16,6,576,12,,1726,3,146,0,1995
204762,0,2,t,14,7,576,12,,1726,3,177,0,1995
204763,0,5,t,2,8,576,12,,1726,3,123,0,1995
204764,0,6,t,1,9,576,12,,1726,3,178,0,1995
204765,0,7,f,0,,576,12,,1726,3,165,0,1995
204766,0,8,f,0,,576,12,,1726,3,183,0,1995
204767,0,9,f,0,,576,12,,1726,3,185,0,1995
204768,0,9,f,0,,576,12,,1726,3,184,0,1995
204769,0,1,t,110,1,577,13,,1729,3,167,8,1995
204770,0,1,t,94,2,577,13,,1729,3,141,4,1995
204771,0,1,t,62,3,577,13,,1729,3,6,1,1995
204772,0,2,t,21,4,577,13,,1729,3,117,0,1995
204773,0,3,t,18,5,577,13,,1729,3,182,0,1995
204774,0,3,t,16,6,577,13,,1729,3,146,0,1995
204775,0,2,t,14,7,577,13,,1729,3,177,0,1995
204776,0,5,t,2,8,577,13,,1729,3,123,0,1995
204777,0,6,t,1,9,577,13,,1729,3,178,0,1995
204778,0,7,f,0,,577,13,,1729,3,165,0,1995
204779,0,8,f,0,,577,13,,1729,3,183,0,1995
204780,0,9,f,0,,577,13,,1729,3,185,0,1995
204781,0,9,f,0,,577,13,,1729,3,184,0,1995
204782,0,1,t,122,1,578,14,,1732,3,167,9,1995
204783,0,1,t,98,2,578,14,,1732,3,141,4,1995
204784,0,1,t,68,3,578,14,,1732,3,6,1,1995
204785,0,2,t,21,4,578,14,,1732,3,117,0,1995
204786,0,2,t,18,5,578,14,,1732,3,177,0,1995
204787,0,3,t,18,6,578,14,,1732,3,182,0,1995
204788,0,3,t,16,7,578,14,,1732,3,146,0,1995
204789,0,5,t,2,8,578,14,,1732,3,123,0,1995
204790,0,6,t,1,9,578,14,,1732,3,178,0,1995
204791,0,7,f,0,,578,14,,1732,3,165,0,1995
204792,0,8,f,0,,578,14,,1732,3,183,0,1995
204793,0,9,f,0,,578,14,,1732,3,185,0,1995
204794,0,9,f,0,,578,14,,1732,3,184,0,1995
204795,0,1,t,133,1,579,15,,1735,3,167,10,1995
204796,0,1,t,108,2,579,15,,1735,3,141,4,1995
204797,0,1,t,73,3,579,15,,1735,3,6,1,1995
204798,0,2,t,21,4,579,15,,1735,3,117,0,1995
204799,0,2,t,18,5,579,15,,1735,3,177,0,1995
204800,0,3,t,18,6,579,15,,1735,3,182,0,1995
204801,0,3,t,16,7,579,15,,1735,3,146,0,1995
204802,0,5,t,2,8,579,15,,1735,3,123,0,1995
204803,0,6,t,1,9,579,15,,1735,3,178,0,1995
204804,0,7,f,0,,579,15,,1735,3,165,0,1995
204805,0,8,f,0,,579,15,,1735,3,183,0,1995
204806,0,9,f,0,,579,15,,1735,3,185,0,1995
204807,0,9,f,0,,579,15,,1735,3,184,0,1995
204808,0,1,t,147,1,580,16,,1738,3,167,11,1995
204809,0,1,t,108,2,580,16,,1738,3,141,4,1995
204810,0,1,t,73,3,580,16,,1738,3,6,1,1995
204811,0,2,t,27,4,580,16,,1738,3,117,0,1995
204812,0,2,t,21,5,580,16,,1738,3,177,0,1995
204813,0,3,t,18,6,580,16,,1738,3,146,0,1995
204814,0,3,t,18,7,580,16,,1738,3,182,0,1995
204815,0,5,t,3,8,580,16,,1738,3,123,0,1995
204816,0,6,t,1,9,580,16,,1738,3,178,0,1995
204817,0,7,f,0,,580,16,,1738,3,165,0,1995
204818,0,8,f,0,,580,16,,1738,3,183,0,1995
204819,0,9,f,0,,580,16,,1738,3,185,0,1995
204820,0,9,f,0,,580,16,,1738,3,184,0,1995
204821,0,1,t,147,1,581,17,46,1741,3,167,11,1995
204822,0,1,t,118,2,581,17,46,1741,3,141,5,1995
204823,0,1,t,73,3,581,17,46,1741,3,6,1,1995
204824,0,2,t,30,4,581,17,46,1741,3,117,0,1995
204825,0,2,t,24,5,581,17,46,1741,3,146,0,1995
204826,0,2,t,21,6,581,17,46,1741,3,177,0,1995
204827,0,3,t,18,7,581,17,46,1741,3,182,0,1995
204828,0,3,t,5,8,581,17,46,1741,3,178,0,1995
204829,0,5,t,5,9,581,17,46,1741,3,123,0,1995
204830,0,6,t,1,10,581,17,46,1741,3,165,0,1995
204831,0,7,f,0,,581,17,46,1741,3,185,0,1995
204832,0,8,f,0,,581,17,46,1741,3,183,0,1995
204833,0,9,f,0,,581,17,46,1741,3,184,0,1995
204834,0,1,t,16,1,582,1,,1744,2,141,1,1996
204835,0,3,t,4,2,582,1,,1744,2,6,0,1996
204836,0,4,t,3,3,582,1,,1744,2,167,0,1996
204837,0,5,t,2,4,582,1,,1744,2,117,0,1996
204838,0,6,t,1,5,582,1,,1744,2,123,0,1996
204839,0,7,f,0,,582,1,,1744,2,146,0,1996
204840,0,8,f,0,,582,1,,1744,2,182,0,1996
204841,0,9,f,0,,582,1,,1744,2,178,0,1996
204842,0,,f,0,,582,1,,1744,2,165,0,1996
204843,0,,f,0,,582,1,,1744,2,177,0,1996
204844,0,1,t,26,1,583,2,,1746,2,141,2,1996
204845,0,2,t,9,2,583,2,,1746,2,167,0,1996
204846,0,3,t,8,3,583,2,,1746,2,6,0,1996
204847,0,4,t,5,4,583,2,,1746,2,117,0,1996
204848,0,5,t,3,5,583,2,,1746,2,123,0,1996
204849,0,6,t,1,6,583,2,,1746,2,146,0,1996
204850,0,8,f,0,,583,2,,1746,2,182,0,1996
204851,0,9,f,0,,583,2,,1746,2,178,0,1996
204852,0,10,f,0,,583,2,,1746,2,165,0,1996
204853,0,11,f,0,,583,2,,1746,2,185,0,1996
204854,0,12,f,0,,583,2,,1746,2,177,0,1996
204855,0,1,t,42,1,584,3,,1748,2,141,3,1996
204856,0,2,t,13,2,584,3,,1748,2,167,0,1996
204857,0,3,t,10,3,584,3,,1748,2,6,0,1996
204858,0,4,t,5,4,584,3,,1748,2,117,0,1996
204859,0,4,t,3,5,584,3,,1748,2,177,0,1996
204860,0,5,t,3,6,584,3,,1748,2,123,0,1996
204861,0,6,t,1,7,584,3,,1748,2,146,0,1996
204862,0,6,t,1,8,584,3,,1748,2,178,0,1996
204863,0,8,f,0,,584,3,,1748,2,182,0,1996
204864,0,10,f,0,,584,3,,1748,2,185,0,1996
204865,0,10,f,0,,584,3,,1748,2,165,0,1996
204866,0,1,t,55,1,585,4,,1750,2,141,4,1996
204867,0,2,t,16,2,585,4,,1750,2,6,0,1996
204868,0,2,t,13,3,585,4,,1750,2,167,0,1996
204869,0,3,t,9,4,585,4,,1750,2,117,0,1996
204870,0,4,t,6,5,585,4,,1750,2,177,0,1996
204871,0,5,t,3,6,585,4,,1750,2,123,0,1996
204872,0,6,t,1,7,585,4,,1750,2,146,0,1996
204873,0,6,t,1,8,585,4,,1750,2,178,0,1996
204874,0,7,f,0,,585,4,,1750,2,182,0,1996
204875,0,10,f,0,,585,4,,1750,2,185,0,1996
204876,0,10,f,0,,585,4,,1750,2,165,0,1996
204877,0,1,t,65,1,586,5,,1752,2,141,5,1996
204878,0,2,t,25,2,586,5,,1752,2,6,0,1996
204879,0,2,t,18,3,586,5,,1752,2,167,0,1996
204880,0,3,t,9,4,586,5,,1752,2,117,0,1996
204881,0,4,t,8,5,586,5,,1752,2,177,0,1996
204882,0,5,t,3,6,586,5,,1752,2,123,0,1996
204883,0,6,t,1,7,586,5,,1752,2,146,0,1996
204884,0,6,t,1,8,586,5,,1752,2,178,0,1996
204885,0,7,f,0,,586,5,,1752,2,182,0,1996
204886,0,9,f,0,,586,5,,1752,2,165,0,1996
204887,0,10,f,0,,586,5,,1752,2,185,0,1996
204888,0,1,t,65,1,587,6,,1754,2,141,5,1996
204889,0,2,t,25,2,587,6,,1754,2,6,0,1996
204890,0,2,t,18,3,587,6,,1754,2,167,0,1996
204891,0,2,t,16,4,587,6,,1754,2,117,0,1996
204892,0,1,t,11,5,587,6,,1754,2,146,1,1996
204893,0,4,t,8,6,587,6,,1754,2,177,0,1996
204894,0,3,t,7,7,587,6,,1754,2,182,0,1996
204895,0,5,t,5,8,587,6,,1754,2,123,0,1996
204896,0,6,t,1,9,587,6,,1754,2,178,0,1996
204897,0,9,f,0,,587,6,,1754,2,165,0,1996
204898,0,10,f,0,,587,6,,1754,2,185,0,1996
204899,0,1,t,69,1,588,7,,1756,2,141,5,1996
204900,0,1,t,35,2,588,7,,1756,2,6,1,1996
204901,0,2,t,24,3,588,7,,1756,2,167,0,1996
204902,0,2,t,18,4,588,7,,1756,2,117,0,1996
204903,0,1,t,12,5,588,7,,1756,2,146,1,1996
204904,0,3,t,10,6,588,7,,1756,2,182,0,1996
204905,0,4,t,8,7,588,7,,1756,2,177,0,1996
204906,0,5,t,5,8,588,7,,1756,2,123,0,1996
204907,0,6,t,1,9,588,7,,1756,2,178,0,1996
204908,0,9,f,0,,588,7,,1756,2,165,0,1996
204909,0,10,f,0,,588,7,,1756,2,185,0,1996
204910,0,1,t,85,1,589,8,,1758,2,141,6,1996
204911,0,1,t,35,2,589,8,,1758,2,6,1,1996
204912,0,2,t,28,3,589,8,,1758,2,167,0,1996
204913,0,2,t,23,4,589,8,,1758,2,117,0,1996
204914,0,1,t,12,5,589,8,,1758,2,146,1,1996
204915,0,3,t,10,6,589,8,,1758,2,182,0,1996
204916,0,4,t,9,7,589,8,,1758,2,177,0,1996
204917,0,5,t,5,8,589,8,,1758,2,123,0,1996
204918,0,6,t,1,9,589,8,,1758,2,178,0,1996
204919,0,8,f,0,,589,8,,1758,2,165,0,1996
204920,0,10,f,0,,589,8,,1758,2,185,0,1996
204921,0,1,t,101,1,590,9,,1760,2,141,7,1996
204922,0,1,t,35,2,590,9,,1760,2,6,1,1996
204923,0,2,t,35,3,590,9,,1760,2,167,0,1996
204924,0,2,t,26,4,590,9,,1760,2,117,0,1996
204925,0,1,t,12,5,590,9,,1760,2,146,1,1996
204926,0,3,t,10,6,590,9,,1760,2,182,0,1996
204927,0,4,t,9,7,590,9,,1760,2,177,0,1996
204928,0,5,t,5,8,590,9,,1760,2,123,0,1996
204929,0,6,t,1,9,590,9,,1760,2,178,0,1996
204930,0,8,f,0,,590,9,,1760,2,165,0,1996
204931,0,10,f,0,,590,9,,1760,2,185,0,1996
204932,0,1,t,111,1,591,10,,1762,2,141,8,1996
204933,0,2,t,41,2,591,10,,1762,2,167,0,1996
204934,0,1,t,35,3,591,10,,1762,2,6,1,1996
204935,0,2,t,32,4,591,10,,1762,2,117,0,1996
204936,0,4,t,13,5,591,10,,1762,2,177,0,1996
204937,0,1,t,12,6,591,10,,1762,2,146,1,1996
204938,0,3,t,10,7,591,10,,1762,2,182,0,1996
204939,0,5,t,5,8,591,10,,1762,2,123,0,1996
204940,0,6,t,1,9,591,10,,1762,2,178,0,1996
204941,0,8,f,0,,591,10,,1762,2,165,0,1996
204942,0,10,f,0,,591,10,,1762,2,185,0,1996
204943,0,1,t,125,1,592,11,,1764,2,141,9,1996
204944,0,2,t,47,2,592,11,,1764,2,167,0,1996
204945,0,1,t,38,3,592,11,,1764,2,6,1,1996
204946,0,2,t,34,4,592,11,,1764,2,117,0,1996
204947,0,4,t,14,5,592,11,,1764,2,177,0,1996
204948,0,1,t,12,6,592,11,,1764,2,146,1,1996
204949,0,3,t,10,7,592,11,,1764,2,182,0,1996
204950,0,5,t,5,8,592,11,,1764,2,123,0,1996
204951,0,6,t,1,9,592,11,,1764,2,178,0,1996
204952,0,8,f,0,,592,11,,1764,2,165,0,1996
204953,0,10,f,0,,592,11,,1764,2,185,0,1996
204954,0,1,t,141,1,593,12,,1766,2,141,10,1996
204955,0,2,t,51,2,593,12,,1766,2,167,0,1996
204956,0,1,t,38,3,593,12,,1766,2,6,1,1996
204957,0,2,t,37,4,593,12,,1766,2,117,0,1996
204958,0,4,t,15,5,593,12,,1766,2,177,0,1996
204959,0,1,t,14,6,593,12,,1766,2,146,1,1996
204960,0,3,t,10,7,593,12,,1766,2,182,0,1996
204961,0,5,t,5,8,593,12,,1766,2,123,0,1996
204962,0,6,t,1,9,593,12,,1766,2,178,0,1996
204963,0,8,f,0,,593,12,,1766,2,165,0,1996
204964,0,10,f,0,,593,12,,1766,2,185,0,1996
204965,0,1,t,149,1,594,13,,1768,2,141,10,1996
204966,0,2,t,55,2,594,13,,1768,2,167,0,1996
204967,0,1,t,48,3,594,13,,1768,2,6,2,1996
204968,0,2,t,41,4,594,13,,1768,2,117,0,1996
204969,0,4,t,15,5,594,13,,1768,2,177,0,1996
204970,0,1,t,14,6,594,13,,1768,2,146,1,1996
204971,0,3,t,10,7,594,13,,1768,2,182,0,1996
204972,0,5,t,5,8,594,13,,1768,2,123,0,1996
204973,0,6,t,1,9,594,13,,1768,2,178,0,1996
204974,0,8,f,0,,594,13,,1768,2,165,0,1996
204975,0,10,f,0,,594,13,,1768,2,185,0,1996
204976,0,1,t,149,1,595,14,,1770,2,141,10,1996
204977,0,2,t,61,2,595,14,,1770,2,167,0,1996
204978,0,1,t,58,3,595,14,,1770,2,6,3,1996
204979,0,2,t,45,4,595,14,,1770,2,117,0,1996
204980,0,4,t,20,5,595,14,,1770,2,177,0,1996
204981,0,1,t,15,6,595,14,,1770,2,146,1,1996
204982,0,3,t,10,7,595,14,,1770,2,182,0,1996
204983,0,5,t,5,8,595,14,,1770,2,123,0,1996
204984,0,6,t,1,9,595,14,,1770,2,178,0,1996
204985,0,8,f,0,,595,14,,1770,2,165,0,1996
204986,0,10,f,0,,595,14,,1770,2,185,0,1996
204987,0,1,t,165,1,596,15,,1772,2,141,11,1996
204988,0,2,t,65,2,596,15,,1772,2,167,0,1996
204989,0,1,t,64,3,596,15,,1772,2,6,3,1996
204990,0,2,t,45,4,596,15,,1772,2,117,0,1996
204991,0,4,t,20,5,596,15,,1772,2,177,0,1996
204992,0,1,t,15,6,596,15,,1772,2,146,1,1996
204993,0,3,t,10,7,596,15,,1772,2,182,0,1996
204994,0,5,t,5,8,596,15,,1772,2,123,0,1996
204995,0,6,t,1,9,596,15,,1772,2,178,0,1996
204996,0,8,f,0,,596,15,,1772,2,165,0,1996
204997,0,10,f,0,,596,15,,1772,2,185,0,1996
204998,0,1,t,175,1,597,16,47,1774,2,141,12,1996
204999,0,1,t,70,2,597,16,47,1774,2,6,3,1996
205000,0,2,t,68,3,597,16,47,1774,2,167,0,1996
205001,0,2,t,49,4,597,16,47,1774,2,117,0,1996
205002,0,4,t,22,5,597,16,47,1774,2,177,0,1996
205003,0,1,t,15,6,597,16,47,1774,2,146,1,1996
205004,0,3,t,11,7,597,16,47,1774,2,182,0,1996
205005,0,5,t,5,8,597,16,47,1774,2,123,0,1996
205006,0,6,t,1,9,597,16,47,1774,2,178,0,1996
205007,0,8,f,0,,597,16,47,1774,2,165,0,1996
205008,0,10,f,0,,597,16,47,1774,2,185,0,1996
205009,0,1,t,14,1,598,1,,1776,2,117,1,1997
205010,0,2,t,6,2,598,1,,1776,2,6,0,1997
205011,0,4,t,3,3,598,1,,1776,2,167,0,1997
205012,0,5,t,2,4,598,1,,1776,2,187,0,1997
205013,0,6,t,1,5,598,1,,1776,2,182,0,1997
205014,0,8,f,0,,598,1,,1776,2,141,0,1997
205015,0,9,f,0,,598,1,,1776,2,165,0,1997
205016,0,10,f,0,,598,1,,1776,2,157,0,1997
205017,0,,f,0,,598,1,,1776,2,186,0,1997
205018,0,,f,0,,598,1,,1776,2,123,0,1997
205019,0,,f,0,,598,1,,1776,2,177,0,1997
205020,0,1,t,17,1,599,2,,1778,2,117,1,1997
205021,0,1,t,10,2,599,2,,1778,2,141,1,1997
205022,0,2,t,10,3,599,2,,1778,2,167,0,1997
205023,0,2,t,8,4,599,2,,1778,2,6,0,1997
205024,0,3,t,6,5,599,2,,1778,2,187,0,1997
205025,0,6,t,1,6,599,2,,1778,2,182,0,1997
205026,0,8,f,0,,599,2,,1778,2,177,0,1997
205027,0,9,f,0,,599,2,,1778,2,165,0,1997
205028,0,10,f,0,,599,2,,1778,2,157,0,1997
205029,0,13,f,0,,599,2,,1778,2,123,0,1997
205030,0,,f,0,,599,2,,1778,2,186,0,1997
205031,0,1,t,20,1,600,3,,1780,2,141,2,1997
205032,0,1,t,19,2,600,3,,1780,2,117,1,1997
205033,0,2,t,14,3,600,3,,1780,2,6,0,1997
205034,0,2,t,11,4,600,3,,1780,2,167,0,1997
205035,0,3,t,6,5,600,3,,1780,2,187,0,1997
205036,0,3,t,4,6,600,3,,1780,2,177,0,1997
205037,0,4,t,4,7,600,3,,1780,2,182,0,1997
205038,0,8,f,0,,600,3,,1780,2,123,0,1997
205039,0,9,f,0,,600,3,,1780,2,165,0,1997
205040,0,10,f,0,,600,3,,1780,2,157,0,1997
205041,0,10,f,0,,600,3,,1780,2,186,0,1997
205042,0,1,t,30,1,601,4,,1782,2,141,3,1997
205043,0,2,t,24,2,601,4,,1782,2,6,0,1997
205044,0,1,t,20,3,601,4,,1782,2,117,1,1997
205045,0,2,t,13,4,601,4,,1782,2,167,0,1997
205046,0,3,t,7,5,601,4,,1782,2,177,0,1997
205047,0,3,t,6,6,601,4,,1782,2,187,0,1997
205048,0,4,t,4,7,601,4,,1782,2,182,0,1997
205049,0,8,f,0,,601,4,,1782,2,123,0,1997
205050,0,9,f,0,,601,4,,1782,2,165,0,1997
205051,0,10,f,0,,601,4,,1782,2,157,0,1997
205052,0,10,f,0,,601,4,,1782,2,186,0,1997
205053,0,1,t,38,1,602,5,,1784,2,6,1,1997
205054,0,1,t,30,2,602,5,,1784,2,141,3,1997
205055,0,1,t,20,3,602,5,,1784,2,117,1,1997
205056,0,2,t,13,4,602,5,,1784,2,167,0,1997
205057,0,3,t,9,5,602,5,,1784,2,187,0,1997
205058,0,3,t,8,6,602,5,,1784,2,177,0,1997
205059,0,2,t,6,7,602,5,,1784,2,186,0,1997
205060,0,4,t,4,8,602,5,,1784,2,182,0,1997
205061,0,5,t,2,9,602,5,,1784,2,123,0,1997
205062,0,9,f,0,,602,5,,1784,2,165,0,1997
205063,0,10,f,0,,602,5,,1784,2,157,0,1997
205064,0,1,t,41,1,603,6,,1786,2,6,1,1997
205065,0,1,t,40,2,603,6,,1786,2,141,4,1997
205066,0,1,t,21,3,603,6,,1786,2,117,1,1997
205067,0,2,t,17,4,603,6,,1786,2,167,0,1997
205068,0,2,t,15,5,603,6,,1786,2,187,0,1997
205069,0,3,t,8,6,603,6,,1786,2,177,0,1997
205070,0,2,t,6,7,603,6,,1786,2,186,0,1997
205071,0,4,t,6,8,603,6,,1786,2,182,0,1997
205072,0,5,t,2,9,603,6,,1786,2,123,0,1997
205073,0,9,f,0,,603,6,,1786,2,165,0,1997
205074,0,10,f,0,,603,6,,1786,2,157,0,1997
205075,0,1,t,51,1,604,7,,1788,2,6,2,1997
205076,0,1,t,43,2,604,7,,1788,2,141,4,1997
205077,0,2,t,23,3,604,7,,1788,2,167,0,1997
205078,0,1,t,21,4,604,7,,1788,2,117,1,1997
205079,0,2,t,16,5,604,7,,1788,2,187,0,1997
205080,0,3,t,12,6,604,7,,1788,2,177,0,1997
205081,0,4,t,8,7,604,7,,1788,2,182,0,1997
205082,0,2,t,6,8,604,7,,1788,2,186,0,1997
205083,0,5,t,2,9,604,7,,1788,2,123,0,1997
205084,0,8,f,0,,604,7,,1788,2,157,0,1997
205085,0,9,f,0,,604,7,,1788,2,165,0,1997
205086,0,1,t,65,1,605,8,,1790,2,6,3,1997
205087,0,1,t,52,2,605,8,,1790,2,141,4,1997
205088,0,2,t,25,3,605,8,,1790,2,167,0,1997
205089,0,1,t,21,4,605,8,,1790,2,117,1,1997
205090,0,2,t,16,5,605,8,,1790,2,187,0,1997
205091,0,3,t,13,6,605,8,,1790,2,177,0,1997
205092,0,4,t,8,7,605,8,,1790,2,182,0,1997
205093,0,2,t,6,8,605,8,,1790,2,186,0,1997
205094,0,5,t,2,9,605,8,,1790,2,123,0,1997
205095,0,8,f,0,,605,8,,1790,2,157,0,1997
205096,0,9,f,0,,605,8,,1790,2,165,0,1997
205097,0,1,t,65,1,606,9,,1792,2,6,3,1997
205098,0,1,t,62,2,606,9,,1792,2,141,5,1997
205099,0,2,t,35,3,606,9,,1792,2,167,0,1997
205100,0,1,t,24,4,606,9,,1792,2,117,1,1997
205101,0,2,t,16,5,606,9,,1792,2,187,0,1997
205102,0,3,t,15,6,606,9,,1792,2,177,0,1997
205103,0,4,t,8,7,606,9,,1792,2,182,0,1997
205104,0,2,t,6,8,606,9,,1792,2,186,0,1997
205105,0,5,t,2,9,606,9,,1792,2,123,0,1997
205106,0,6,t,1,10,606,9,,1792,2,157,0,1997
205107,0,9,f,0,,606,9,,1792,2,165,0,1997
205108,0,1,t,71,1,607,10,,1794,2,6,3,1997
205109,0,1,t,62,2,607,10,,1794,2,141,5,1997
205110,0,1,t,46,3,607,10,,1794,2,167,1,1997
205111,0,1,t,28,4,607,10,,1794,2,117,1,1997
205112,0,2,t,19,5,607,10,,1794,2,187,0,1997
205113,0,3,t,17,6,607,10,,1794,2,177,0,1997
205114,0,4,t,8,7,607,10,,1794,2,182,0,1997
205115,0,2,t,6,8,607,10,,1794,2,186,0,1997
205116,0,5,t,2,9,607,10,,1794,2,123,0,1997
205117,0,6,t,1,10,607,10,,1794,2,157,0,1997
205118,0,9,f,0,,607,10,,1794,2,165,0,1997
205119,0,1,t,74,1,608,11,,1796,2,6,3,1997
205120,0,1,t,72,2,608,11,,1796,2,141,6,1997
205121,0,1,t,46,3,608,11,,1796,2,167,1,1997
205122,0,1,t,28,4,608,11,,1796,2,117,1,1997
205123,0,2,t,20,5,608,11,,1796,2,187,0,1997
205124,0,3,t,19,6,608,11,,1796,2,177,0,1997
205125,0,3,t,12,7,608,11,,1796,2,182,0,1997
205126,0,2,t,7,8,608,11,,1796,2,157,0,1997
205127,0,2,t,6,9,608,11,,1796,2,186,0,1997
205128,0,5,t,2,10,608,11,,1796,2,123,0,1997
205129,0,9,f,0,,608,11,,1796,2,165,0,1997
205130,0,1,t,84,1,609,12,,1798,2,6,4,1997
205131,0,1,t,78,2,609,12,,1798,2,141,6,1997
205132,0,1,t,47,3,609,12,,1798,2,167,1,1997
205133,0,1,t,28,4,609,12,,1798,2,117,1,1997
205134,0,2,t,25,5,609,12,,1798,2,177,0,1997
205135,0,2,t,20,6,609,12,,1798,2,187,0,1997
205136,0,3,t,15,7,609,12,,1798,2,182,0,1997
205137,0,2,t,7,8,609,12,,1798,2,157,0,1997
205138,0,2,t,6,9,609,12,,1798,2,186,0,1997
205139,0,5,t,2,10,609,12,,1798,2,123,0,1997
205140,0,9,f,0,,609,12,,1798,2,165,0,1997
205141,0,1,t,85,1,610,13,,1800,2,6,4,1997
205142,0,1,t,84,2,610,13,,1800,2,141,6,1997
205143,0,1,t,53,3,610,13,,1800,2,167,1,1997
205144,0,1,t,38,4,610,13,,1800,2,117,2,1997
205145,0,2,t,28,5,610,13,,1800,2,177,0,1997
205146,0,2,t,20,6,610,13,,1800,2,187,0,1997
205147,0,3,t,15,7,610,13,,1800,2,182,0,1997
205148,0,2,t,7,8,610,13,,1800,2,157,0,1997
205149,0,2,t,6,9,610,13,,1800,2,186,0,1997
205150,0,5,t,2,10,610,13,,1800,2,123,0,1997
205151,0,9,f,0,,610,13,,1800,2,165,0,1997
205152,0,1,t,98,1,611,14,,1802,2,141,7,1997
205153,0,1,t,86,2,611,14,,1802,2,6,4,1997
205154,0,1,t,53,3,611,14,,1802,2,167,1,1997
205155,0,1,t,44,4,611,14,,1802,2,117,2,1997
205156,0,2,t,33,5,611,14,,1802,2,177,0,1997
205157,0,2,t,20,6,611,14,,1802,2,187,0,1997
205158,0,3,t,15,7,611,14,,1802,2,182,0,1997
205159,0,2,t,7,8,611,14,,1802,2,157,0,1997
205160,0,2,t,6,9,611,14,,1802,2,186,0,1997
205161,0,5,t,2,10,611,14,,1802,2,123,0,1997
205162,0,9,f,0,,611,14,,1802,2,165,0,1997
205163,0,1,t,112,1,612,15,,1804,2,141,8,1997
205164,0,1,t,86,2,612,15,,1804,2,6,4,1997
205165,0,1,t,62,3,612,15,,1804,2,167,1,1997
205166,0,1,t,44,4,612,15,,1804,2,117,2,1997
205167,0,2,t,33,5,612,15,,1804,2,177,0,1997
205168,0,2,t,21,6,612,15,,1804,2,187,0,1997
205169,0,3,t,15,7,612,15,,1804,2,182,0,1997
205170,0,2,t,9,8,612,15,,1804,2,157,0,1997
205171,0,2,t,6,9,612,15,,1804,2,186,0,1997
205172,0,5,t,2,10,612,15,,1804,2,123,0,1997
205173,0,9,f,0,,612,15,,1804,2,165,0,1997
205174,0,1,t,118,1,613,16,,1806,2,141,8,1997
205175,0,1,t,100,2,613,16,,1806,2,6,5,1997
205176,0,1,t,64,3,613,16,,1806,2,167,1,1997
205177,0,1,t,47,4,613,16,,1806,2,117,2,1997
205178,0,2,t,33,5,613,16,,1806,2,177,0,1997
205179,0,2,t,21,6,613,16,,1806,2,187,0,1997
205180,0,3,t,16,7,613,16,,1806,2,182,0,1997
205181,0,2,t,9,8,613,16,,1806,2,157,0,1997
205182,0,2,t,6,9,613,16,,1806,2,186,0,1997
205183,0,5,t,2,10,613,16,,1806,2,123,0,1997
205184,0,9,f,0,,613,16,,1806,2,165,0,1997
205185,0,1,t,123,1,614,17,48,1808,2,141,8,1997
205186,0,1,t,102,2,614,17,48,1808,2,6,5,1997
205187,0,1,t,67,3,614,17,48,1808,2,167,1,1997
205188,0,1,t,63,4,614,17,48,1808,2,117,3,1997
205189,0,2,t,33,5,614,17,48,1808,2,177,0,1997
205190,0,2,t,21,6,614,17,48,1808,2,187,0,1997
205191,0,3,t,16,7,614,17,48,1808,2,182,0,1997
205192,0,2,t,9,8,614,17,48,1808,2,157,0,1997
205193,0,2,t,6,9,614,17,48,1808,2,186,0,1997
205194,0,5,t,2,10,614,17,48,1808,2,123,0,1997
205195,0,9,f,0,,614,17,48,1808,2,165,0,1997
205196,0,1,t,16,1,615,1,,1810,2,117,1,1998
205197,0,3,t,6,2,615,1,,1810,2,141,0,1998
205198,0,4,t,3,3,615,1,,1810,2,6,0,1998
205199,0,6,t,1,4,615,1,,1810,2,182,0,1998
205200,0,7,f,0,,615,1,,1810,2,167,0,1998
205201,0,8,f,0,,615,1,,1810,2,177,0,1998
205202,0,9,f,0,,615,1,,1810,2,187,0,1998
205203,0,,f,0,,615,1,,1810,2,123,0,1998
205204,0,,f,0,,615,1,,1810,2,157,0,1998
205205,0,,f,0,,615,1,,1810,2,165,0,1998
205206,0,,f,0,,615,1,,1810,2,186,0,1998
205207,0,1,t,32,1,616,2,,1812,2,117,2,1998
205208,0,3,t,8,2,616,2,,1812,2,141,0,1998
205209,0,3,t,7,3,616,2,,1812,2,6,0,1998
205210,0,4,t,4,4,616,2,,1812,2,167,0,1998
205211,0,6,t,1,5,616,2,,1812,2,182,0,1998
205212,0,8,f,0,,616,2,,1812,2,177,0,1998
205213,0,9,f,0,,616,2,,1812,2,187,0,1998
205214,0,10,f,0,,616,2,,1812,2,186,0,1998
205215,0,,f,0,,616,2,,1812,2,123,0,1998
205216,0,,f,0,,616,2,,1812,2,157,0,1998
205217,0,,f,0,,616,2,,1812,2,165,0,1998
205218,0,1,t,39,1,617,3,,1814,2,117,2,1998
205219,0,1,t,21,2,617,3,,1814,2,6,1,1998
205220,0,3,t,8,3,617,3,,1814,2,141,0,1998
205221,0,4,t,7,4,617,3,,1814,2,167,0,1998
205222,0,5,t,3,5,617,3,,1814,2,182,0,1998
205223,0,8,f,0,,617,3,,1814,2,177,0,1998
205224,0,9,f,0,,617,3,,1814,2,187,0,1998
205225,0,10,f,0,,617,3,,1814,2,186,0,1998
205226,0,12,f,0,,617,3,,1814,2,123,0,1998
205227,0,13,f,0,,617,3,,1814,2,165,0,1998
205228,0,,f,0,,617,3,,1814,2,157,0,1998
205229,0,1,t,49,1,618,4,,1816,2,117,3,1998
205230,0,1,t,31,2,618,4,,1816,2,6,1,1998
205231,0,3,t,13,3,618,4,,1816,2,141,0,1998
205232,0,4,t,7,4,618,4,,1816,2,167,0,1998
205233,0,5,t,4,5,618,4,,1816,2,182,0,1998
205234,0,7,f,0,,618,4,,1816,2,177,0,1998
205235,0,8,f,0,,618,4,,1816,2,165,0,1998
205236,0,9,f,0,,618,4,,1816,2,187,0,1998
205237,0,9,f,0,,618,4,,1816,2,157,0,1998
205238,0,10,f,0,,618,4,,1816,2,186,0,1998
205239,0,12,f,0,,618,4,,1816,2,123,0,1998
205240,0,1,t,65,1,619,5,,1818,2,117,4,1998
205241,0,1,t,35,2,619,5,,1818,2,6,1,1998
205242,0,3,t,14,3,619,5,,1818,2,141,0,1998
205243,0,4,t,10,4,619,5,,1818,2,167,0,1998
205244,0,5,t,4,5,619,5,,1818,2,182,0,1998
205245,0,5,t,2,6,619,5,,1818,2,186,0,1998
205246,0,7,f,0,,619,5,,1818,2,177,0,1998
205247,0,8,f,0,,619,5,,1818,2,165,0,1998
205248,0,9,f,0,,619,5,,1818,2,187,0,1998
205249,0,9,f,0,,619,5,,1818,2,157,0,1998
205250,0,12,f,0,,619,5,,1818,2,123,0,1998
205251,0,1,t,75,1,620,6,,1820,2,117,5,1998
205252,0,1,t,39,2,620,6,,1820,2,6,1,1998
205253,0,2,t,16,3,620,6,,1820,2,167,0,1998
205254,0,3,t,16,4,620,6,,1820,2,141,0,1998
205255,0,4,t,4,5,620,6,,1820,2,157,0,1998
205256,0,5,t,4,6,620,6,,1820,2,182,0,1998
205257,0,5,t,2,7,620,6,,1820,2,186,0,1998
205258,0,7,f,0,,620,6,,1820,2,177,0,1998
205259,0,8,f,0,,620,6,,1820,2,165,0,1998
205260,0,9,f,0,,620,6,,1820,2,187,0,1998
205261,0,11,f,0,,620,6,,1820,2,123,0,1998
205262,0,1,t,75,1,621,7,,1822,2,117,5,1998
205263,0,1,t,53,2,621,7,,1822,2,6,2,1998
205264,0,2,t,25,3,621,7,,1822,2,167,0,1998
205265,0,3,t,16,4,621,7,,1822,2,141,0,1998
205266,0,5,t,5,5,621,7,,1822,2,186,0,1998
205267,0,4,t,4,6,621,7,,1822,2,157,0,1998
205268,0,5,t,4,7,621,7,,1822,2,182,0,1998
205269,0,7,f,0,,621,7,,1822,2,177,0,1998
205270,0,7,f,0,,621,7,,1822,2,165,0,1998
205271,0,8,f,0,,621,7,,1822,2,123,0,1998
205272,0,9,f,0,,621,7,,1822,2,187,0,1998
205273,0,1,t,80,1,622,8,,1824,2,117,5,1998
205274,0,1,t,69,2,622,8,,1824,2,6,3,1998
205275,0,2,t,27,3,622,8,,1824,2,167,0,1998
205276,0,3,t,19,4,622,8,,1824,2,141,0,1998
205277,0,5,t,5,5,622,8,,1824,2,186,0,1998
205278,0,4,t,4,6,622,8,,1824,2,157,0,1998
205279,0,5,t,4,7,622,8,,1824,2,182,0,1998
205280,0,7,f,0,,622,8,,1824,2,177,0,1998
205281,0,7,f,0,,622,8,,1824,2,165,0,1998
205282,0,8,f,0,,622,8,,1824,2,123,0,1998
205283,0,9,f,0,,622,8,,1824,2,187,0,1998
205284,0,1,t,86,1,623,9,,1826,2,117,5,1998
205285,0,1,t,83,2,623,9,,1826,2,6,4,1998
205286,0,2,t,32,3,623,9,,1826,2,167,0,1998
205287,0,3,t,19,4,623,9,,1826,2,141,0,1998
205288,0,5,t,5,5,623,9,,1826,2,186,0,1998
205289,0,4,t,4,6,623,9,,1826,2,157,0,1998
205290,0,5,t,4,7,623,9,,1826,2,182,0,1998
205291,0,6,t,1,8,623,9,,1826,2,177,0,1998
205292,0,7,f,0,,623,9,,1826,2,165,0,1998
205293,0,8,f,0,,623,9,,1826,2,123,0,1998
205294,0,9,f,0,,623,9,,1826,2,187,0,1998
205295,0,1,t,102,1,624,10,,1828,2,117,6,1998
205296,0,1,t,90,2,624,10,,1828,2,6,4,1998
205297,0,2,t,32,3,624,10,,1828,2,167,0,1998
205298,0,3,t,20,4,624,10,,1828,2,141,0,1998
205299,0,5,t,5,5,624,10,,1828,2,186,0,1998
205300,0,4,t,4,6,624,10,,1828,2,157,0,1998
205301,0,5,t,4,7,624,10,,1828,2,182,0,1998
205302,0,5,t,3,8,624,10,,1828,2,177,0,1998
205303,0,7,f,0,,624,10,,1828,2,165,0,1998
205304,0,8,f,0,,624,10,,1828,2,123,0,1998
205305,0,9,f,0,,624,10,,1828,2,187,0,1998
205306,0,1,t,118,1,625,11,,1830,2,117,7,1998
205307,0,1,t,92,2,625,11,,1830,2,6,4,1998
205308,0,2,t,32,3,625,11,,1830,2,167,0,1998
205309,0,3,t,24,4,625,11,,1830,2,141,0,1998
205310,0,4,t,7,5,625,11,,1830,2,177,0,1998
205311,0,5,t,5,6,625,11,,1830,2,186,0,1998
205312,0,4,t,4,7,625,11,,1830,2,157,0,1998
205313,0,5,t,4,8,625,11,,1830,2,182,0,1998
205314,0,7,f,0,,625,11,,1830,2,165,0,1998
205315,0,8,f,0,,625,11,,1830,2,123,0,1998
205316,0,9,f,0,,625,11,,1830,2,187,0,1998
205317,0,1,t,125,1,626,12,,1832,2,117,7,1998
205318,0,1,t,102,2,626,12,,1832,2,6,5,1998
205319,0,2,t,32,3,626,12,,1832,2,167,0,1998
205320,0,3,t,30,4,626,12,,1832,2,141,0,1998
205321,0,4,t,10,5,626,12,,1832,2,177,0,1998
205322,0,5,t,5,6,626,12,,1832,2,186,0,1998
205323,0,4,t,4,7,626,12,,1832,2,157,0,1998
205324,0,5,t,4,8,626,12,,1832,2,182,0,1998
205325,0,7,f,0,,626,12,,1832,2,165,0,1998
205326,0,8,f,0,,626,12,,1832,2,123,0,1998
205327,0,9,f,0,,626,12,,1832,2,187,0,1998
205328,0,1,t,125,1,627,13,,1834,2,117,7,1998
205329,0,1,t,102,2,627,13,,1834,2,6,5,1998
205330,0,3,t,33,3,627,13,,1834,2,141,0,1998
205331,0,2,t,32,4,627,13,,1834,2,167,0,1998
205332,0,1,t,26,5,627,13,,1834,2,177,1,1998
205333,0,3,t,8,6,627,13,,1834,2,182,0,1998
205334,0,4,t,6,7,627,13,,1834,2,157,0,1998
205335,0,5,t,5,8,627,13,,1834,2,186,0,1998
205336,0,6,t,1,9,627,13,,1834,2,187,0,1998
205337,0,7,f,0,,627,13,,1834,2,165,0,1998
205338,0,8,f,0,,627,13,,1834,2,123,0,1998
205339,0,1,t,128,1,628,14,,1836,2,117,7,1998
205340,0,1,t,118,2,628,14,,1836,2,6,6,1998
205341,0,3,t,33,3,628,14,,1836,2,141,0,1998
205342,0,2,t,32,4,628,14,,1836,2,167,0,1998
205343,0,1,t,31,5,628,14,,1836,2,177,1,1998
205344,0,3,t,10,6,628,14,,1836,2,182,0,1998
205345,0,4,t,6,7,628,14,,1836,2,157,0,1998
205346,0,5,t,5,8,628,14,,1836,2,186,0,1998
205347,0,6,t,1,9,628,14,,1836,2,187,0,1998
205348,0,7,f,0,,628,14,,1836,2,165,0,1998
205349,0,8,f,0,,628,14,,1836,2,123,0,1998
205350,0,1,t,142,1,629,15,,1838,2,117,8,1998
205351,0,1,t,127,2,629,15,,1838,2,6,6,1998
205352,0,3,t,35,3,629,15,,1838,2,141,0,1998
205353,0,2,t,33,4,629,15,,1838,2,167,0,1998
205354,0,1,t,31,5,629,15,,1838,2,177,1,1998
205355,0,3,t,10,6,629,15,,1838,2,182,0,1998
205356,0,4,t,6,7,629,15,,1838,2,157,0,1998
205357,0,5,t,5,8,629,15,,1838,2,186,0,1998
205358,0,6,t,1,9,629,15,,1838,2,187,0,1998
205359,0,7,f,0,,629,15,,1838,2,165,0,1998
205360,0,8,f,0,,629,15,,1838,2,123,0,1998
205361,0,1,t,156,1,630,16,49,1840,2,117,9,1998
205362,0,1,t,133,2,630,16,49,1840,2,6,6,1998
205363,0,3,t,38,3,630,16,49,1840,2,141,0,1998
205364,0,1,t,34,4,630,16,49,1840,2,177,1,1998
205365,0,2,t,33,5,630,16,49,1840,2,167,0,1998
205366,0,3,t,10,6,630,16,49,1840,2,182,0,1998
205367,0,4,t,6,7,630,16,49,1840,2,157,0,1998
205368,0,5,t,5,8,630,16,49,1840,2,186,0,1998
205369,0,6,t,1,9,630,16,49,1840,2,187,0,1998
205370,0,7,f,0,,630,16,49,1840,2,165,0,1998
205371,0,8,f,0,,630,16,49,1840,2,123,0,1998
205372,0,1,t,10,1,631,1,,1842,2,6,1,1999
205373,0,2,t,6,2,631,1,,1842,2,177,0,1999
205374,0,3,t,4,3,631,1,,1842,2,141,0,1999
205375,0,4,t,3,4,631,1,,1842,2,167,0,1999
205376,0,5,t,2,5,631,1,,1842,2,186,0,1999
205377,0,6,t,1,6,631,1,,1842,2,157,0,1999
205378,0,,f,0,,631,1,,1842,2,188,0,1999
205379,0,,f,0,,631,1,,1842,2,165,0,1999
205380,0,,f,0,,631,1,,1842,2,182,0,1999
205381,0,,f,0,,631,1,,1842,2,187,0,1999
205382,0,,f,0,,631,1,,1842,2,117,0,1999
205383,0,1,t,18,1,632,2,,1844,2,6,1,1999
205384,0,1,t,10,2,632,2,,1844,2,117,1,1999
205385,0,2,t,10,3,632,2,,1844,2,177,0,1999
205386,0,3,t,7,4,632,2,,1844,2,141,0,1999
205387,0,4,t,3,5,632,2,,1844,2,167,0,1999
205388,0,5,t,2,6,632,2,,1844,2,186,0,1999
205389,0,6,t,1,7,632,2,,1844,2,157,0,1999
205390,0,6,t,1,8,632,2,,1844,2,187,0,1999
205391,0,9,f,0,,632,2,,1844,2,165,0,1999
205392,0,,f,0,,632,2,,1844,2,188,0,1999
205393,0,,f,0,,632,2,,1844,2,182,0,1999
205394,0,1,t,28,1,633,3,,1846,2,6,2,1999
205395,0,1,t,16,2,633,3,,1846,2,117,1,1999
205396,0,2,t,13,3,633,3,,1846,2,177,0,1999
205397,0,3,t,7,4,633,3,,1846,2,141,0,1999
205398,0,3,t,6,5,633,3,,1846,2,186,0,1999
205399,0,4,t,5,6,633,3,,1846,2,167,0,1999
205400,0,6,t,1,7,633,3,,1846,2,157,0,1999
205401,0,6,t,1,8,633,3,,1846,2,182,0,1999
205402,0,6,t,1,9,633,3,,1846,2,187,0,1999
205403,0,7,f,0,,633,3,,1846,2,188,0,1999
205404,0,8,f,0,,633,3,,1846,2,165,0,1999
205405,0,1,t,44,1,634,4,,1848,2,6,3,1999
205406,0,1,t,20,2,634,4,,1848,2,117,1,1999
205407,0,2,t,16,3,634,4,,1848,2,177,0,1999
205408,0,4,t,8,4,634,4,,1848,2,167,0,1999
205409,0,3,t,7,5,634,4,,1848,2,141,0,1999
205410,0,3,t,6,6,634,4,,1848,2,186,0,1999
205411,0,6,t,1,7,634,4,,1848,2,157,0,1999
205412,0,6,t,1,8,634,4,,1848,2,187,0,1999
205413,0,6,t,1,9,634,4,,1848,2,182,0,1999
205414,0,7,f,0,,634,4,,1848,2,188,0,1999
205415,0,8,f,0,,634,4,,1848,2,165,0,1999
205416,0,1,t,51,1,635,5,,1850,2,6,3,1999
205417,0,1,t,36,2,635,5,,1850,2,117,2,1999
205418,0,2,t,16,3,635,5,,1850,2,177,0,1999
205419,0,3,t,9,4,635,5,,1850,2,141,0,1999
205420,0,4,t,8,5,635,5,,1850,2,167,0,1999
205421,0,3,t,6,6,635,5,,1850,2,186,0,1999
205422,0,6,t,2,7,635,5,,1850,2,187,0,1999
205423,0,6,t,1,8,635,5,,1850,2,157,0,1999
205424,0,6,t,1,9,635,5,,1850,2,182,0,1999
205425,0,7,f,0,,635,5,,1850,2,188,0,1999
205426,0,8,f,0,,635,5,,1850,2,165,0,1999
205427,0,1,t,55,1,636,6,,1852,2,6,3,1999
205428,0,1,t,46,2,636,6,,1852,2,117,3,1999
205429,0,2,t,16,3,636,6,,1852,2,177,0,1999
205430,0,2,t,14,4,636,6,,1852,2,167,0,1999
205431,0,3,t,12,5,636,6,,1852,2,141,0,1999
205432,0,3,t,8,6,636,6,,1852,2,186,0,1999
205433,0,6,t,2,7,636,6,,1852,2,187,0,1999
205434,0,6,t,2,8,636,6,,1852,2,182,0,1999
205435,0,6,t,1,9,636,6,,1852,2,157,0,1999
205436,0,7,f,0,,636,6,,1852,2,188,0,1999
205437,0,8,f,0,,636,6,,1852,2,165,0,1999
205438,0,1,t,58,1,637,7,,1854,2,6,3,1999
205439,0,1,t,52,2,637,7,,1854,2,117,3,1999
205440,0,1,t,26,3,637,7,,1854,2,177,1,1999
205441,0,3,t,15,4,637,7,,1854,2,141,0,1999
205442,0,2,t,14,5,637,7,,1854,2,167,0,1999
205443,0,3,t,12,6,637,7,,1854,2,186,0,1999
205444,0,6,t,2,7,637,7,,1854,2,187,0,1999
205445,0,6,t,2,8,637,7,,1854,2,182,0,1999
205446,0,6,t,1,9,637,7,,1854,2,157,0,1999
205447,0,7,f,0,,637,7,,1854,2,188,0,1999
205448,0,8,f,0,,637,7,,1854,2,165,0,1999
205449,0,1,t,64,1,638,8,,1856,2,6,3,1999
205450,0,1,t,62,2,638,8,,1856,2,117,4,1999
205451,0,1,t,31,3,638,8,,1856,2,177,1,1999
205452,0,3,t,19,4,638,8,,1856,2,141,0,1999
205453,0,2,t,14,5,638,8,,1856,2,167,0,1999
205454,0,3,t,12,6,638,8,,1856,2,186,0,1999
205455,0,6,t,3,7,638,8,,1856,2,182,0,1999
205456,0,6,t,2,8,638,8,,1856,2,187,0,1999
205457,0,6,t,1,9,638,8,,1856,2,157,0,1999
205458,0,7,f,0,,638,8,,1856,2,188,0,1999
205459,0,8,f,0,,638,8,,1856,2,165,0,1999
205460,0,1,t,74,1,639,9,,1858,2,6,4,1999
205461,0,1,t,72,2,639,9,,1858,2,117,4,1999
205462,0,1,t,34,3,639,9,,1858,2,177,1,1999
205463,0,3,t,19,4,639,9,,1858,2,141,0,1999
205464,0,2,t,16,5,639,9,,1858,2,167,0,1999
205465,0,3,t,12,6,639,9,,1858,2,186,0,1999
205466,0,6,t,4,7,639,9,,1858,2,182,0,1999
205467,0,6,t,2,8,639,9,,1858,2,187,0,1999
205468,0,6,t,1,9,639,9,,1858,2,157,0,1999
205469,0,7,f,0,,639,9,,1858,2,188,0,1999
205470,0,8,f,0,,639,9,,1858,2,165,0,1999
205471,0,1,t,90,1,640,10,,1860,2,6,5,1999
205472,0,1,t,74,2,640,10,,1860,2,117,4,1999
205473,0,1,t,38,3,640,10,,1860,2,177,1,1999
205474,0,3,t,22,4,640,10,,1860,2,141,0,1999
205475,0,2,t,16,5,640,10,,1860,2,167,0,1999
205476,0,3,t,12,6,640,10,,1860,2,186,0,1999
205477,0,6,t,4,7,640,10,,1860,2,182,0,1999
205478,0,6,t,3,8,640,10,,1860,2,187,0,1999
205479,0,6,t,1,9,640,10,,1860,2,157,0,1999
205480,0,7,f,0,,640,10,,1860,2,188,0,1999
205481,0,8,f,0,,640,10,,1860,2,165,0,1999
205482,0,1,t,94,1,641,11,,1862,2,6,5,1999
205483,0,1,t,90,2,641,11,,1862,2,117,5,1999
205484,0,1,t,42,3,641,11,,1862,2,177,1,1999
205485,0,3,t,22,4,641,11,,1862,2,141,0,1999
205486,0,2,t,16,5,641,11,,1862,2,167,0,1999
205487,0,3,t,14,6,641,11,,1862,2,186,0,1999
205488,0,6,t,4,7,641,11,,1862,2,182,0,1999
205489,0,6,t,3,8,641,11,,1862,2,187,0,1999
205490,0,6,t,1,9,641,11,,1862,2,157,0,1999
205491,0,7,f,0,,641,11,,1862,2,188,0,1999
205492,0,8,f,0,,641,11,,1862,2,165,0,1999
205493,0,1,t,106,1,642,12,,1864,2,117,6,1999
205494,0,1,t,97,2,642,12,,1864,2,6,5,1999
205495,0,1,t,47,3,642,12,,1864,2,177,1,1999
205496,0,3,t,24,4,642,12,,1864,2,141,0,1999
205497,0,2,t,16,5,642,12,,1864,2,167,0,1999
205498,0,3,t,14,6,642,12,,1864,2,186,0,1999
205499,0,6,t,4,7,642,12,,1864,2,182,0,1999
205500,0,6,t,3,8,642,12,,1864,2,187,0,1999
205501,0,6,t,1,9,642,12,,1864,2,157,0,1999
205502,0,7,f,0,,642,12,,1864,2,188,0,1999
205503,0,8,f,0,,642,12,,1864,2,165,0,1999
205504,0,1,t,108,1,643,13,,1866,2,117,6,1999
205505,0,1,t,102,2,643,13,,1866,2,6,5,1999
205506,0,1,t,57,3,643,13,,1866,2,177,2,1999
205507,0,2,t,30,4,643,13,,1866,2,141,0,1999
205508,0,3,t,17,5,643,13,,1866,2,186,0,1999
205509,0,2,t,16,6,643,13,,1866,2,167,0,1999
205510,0,6,t,4,7,643,13,,1866,2,182,0,1999
205511,0,6,t,3,8,643,13,,1866,2,187,0,1999
205512,0,6,t,1,9,643,13,,1866,2,157,0,1999
205513,0,7,f,0,,643,13,,1866,2,188,0,1999
205514,0,8,f,0,,643,13,,1866,2,165,0,1999
205515,0,1,t,110,1,644,14,,1868,2,117,6,1999
205516,0,1,t,102,2,644,14,,1868,2,6,5,1999
205517,0,1,t,57,3,644,14,,1868,2,177,2,1999
205518,0,2,t,33,4,644,14,,1868,2,141,0,1999
205519,0,1,t,31,5,644,14,,1868,2,186,1,1999
205520,0,2,t,16,6,644,14,,1868,2,167,0,1999
205521,0,2,t,9,7,644,14,,1868,2,187,0,1999
205522,0,6,t,4,8,644,14,,1868,2,182,0,1999
205523,0,6,t,1,9,644,14,,1868,2,157,0,1999
205524,0,6,t,1,10,644,14,,1868,2,165,0,1999
205525,0,7,f,0,,644,14,,1868,2,188,0,1999
205526,0,1,t,118,1,645,15,,1870,2,6,6,1999
205527,0,1,t,114,2,645,15,,1870,2,117,6,1999
205528,0,1,t,58,3,645,15,,1870,2,177,2,1999
205529,0,1,t,36,4,645,15,,1870,2,186,1,1999
205530,0,2,t,33,5,645,15,,1870,2,141,0,1999
205531,0,2,t,16,6,645,15,,1870,2,167,0,1999
205532,0,2,t,9,7,645,15,,1870,2,187,0,1999
205533,0,6,t,4,8,645,15,,1870,2,182,0,1999
205534,0,6,t,1,9,645,15,,1870,2,157,0,1999
205535,0,6,t,1,10,645,15,,1870,2,165,0,1999
205536,0,7,f,0,,645,15,,1870,2,188,0,1999
205537,0,1,t,128,1,646,16,50,1872,2,6,6,1999
205538,0,1,t,124,2,646,16,50,1872,2,117,7,1999
205539,0,1,t,61,3,646,16,50,1872,2,177,2,1999
205540,0,1,t,36,4,646,16,50,1872,2,186,1,1999
205541,0,2,t,35,5,646,16,50,1872,2,141,0,1999
205542,0,2,t,16,6,646,16,50,1872,2,167,0,1999
205543,0,2,t,9,7,646,16,50,1872,2,187,0,1999
205544,0,6,t,5,8,646,16,50,1872,2,182,0,1999
205545,0,6,t,1,9,646,16,50,1872,2,157,0,1999
205546,0,6,t,1,10,646,16,50,1872,2,165,0,1999
205547,0,7,f,0,,646,16,50,1872,2,188,0,1999
205548,0,1,t,16,1,647,1,,1874,2,6,1,2000
205549,0,3,t,4,2,647,1,,1874,2,141,0,2000
205550,0,4,t,4,3,647,1,,1874,2,188,0,2000
205551,0,5,t,2,4,647,1,,1874,2,167,0,2000
205552,0,8,f,0,,647,1,,1874,2,165,0,2000
205553,0,9,f,0,,647,1,,1874,2,187,0,2000
205554,0,,f,0,,647,1,,1874,2,182,0,2000
205555,0,,f,0,,647,1,,1874,2,177,0,2000
205556,0,,f,0,,647,1,,1874,2,117,0,2000
205557,0,,f,0,,647,1,,1874,2,157,0,2000
205558,0,,f,0,,647,1,,1874,2,189,0,2000
205559,0,1,t,26,1,648,2,,1876,2,6,2,2000
205560,0,2,t,8,2,648,2,,1876,2,167,0,2000
205561,0,3,t,7,3,648,2,,1876,2,177,0,2000
205562,0,3,t,7,4,648,2,,1876,2,141,0,2000
205563,0,4,t,4,5,648,2,,1876,2,188,0,2000
205564,0,7,f,0,,648,2,,1876,2,157,0,2000
205565,0,8,f,0,,648,2,,1876,2,165,0,2000
205566,0,9,f,0,,648,2,,1876,2,187,0,2000
205567,0,,f,0,,648,2,,1876,2,182,0,2000
205568,0,,f,0,,648,2,,1876,2,117,0,2000
205569,0,,f,0,,648,2,,1876,2,189,0,2000
205570,0,1,t,39,1,649,3,,1878,2,6,3,2000
205571,0,2,t,10,2,649,3,,1878,2,117,0,2000
205572,0,2,t,8,3,649,3,,1878,2,167,0,2000
205573,0,3,t,7,4,649,3,,1878,2,177,0,2000
205574,0,3,t,7,5,649,3,,1878,2,141,0,2000
205575,0,4,t,6,6,649,3,,1878,2,188,0,2000
205576,0,6,t,1,7,649,3,,1878,2,182,0,2000
205577,0,7,f,0,,649,3,,1878,2,157,0,2000
205578,0,7,f,0,,649,3,,1878,2,189,0,2000
205579,0,8,f,0,,649,3,,1878,2,165,0,2000
205580,0,9,f,0,,649,3,,1878,2,187,0,2000
205581,0,1,t,43,1,650,4,,1880,2,6,3,2000
205582,0,1,t,26,2,650,4,,1880,2,117,1,2000
205583,0,3,t,12,3,650,4,,1880,2,141,0,2000
205584,0,2,t,8,4,650,4,,1880,2,167,0,2000
205585,0,3,t,8,5,650,4,,1880,2,177,0,2000
205586,0,4,t,6,6,650,4,,1880,2,188,0,2000
205587,0,6,t,1,7,650,4,,1880,2,182,0,2000
205588,0,7,f,0,,650,4,,1880,2,157,0,2000
205589,0,7,f,0,,650,4,,1880,2,189,0,2000
205590,0,8,f,0,,650,4,,1880,2,165,0,2000
205591,0,9,f,0,,650,4,,1880,2,187,0,2000
205592,0,1,t,49,1,651,5,,1882,2,6,3,2000
205593,0,1,t,42,2,651,5,,1882,2,117,2,2000
205594,0,3,t,15,3,651,5,,1882,2,141,0,2000
205595,0,3,t,9,4,651,5,,1882,2,177,0,2000
205596,0,2,t,8,5,651,5,,1882,2,167,0,2000
205597,0,4,t,6,6,651,5,,1882,2,188,0,2000
205598,0,6,t,1,7,651,5,,1882,2,182,0,2000
205599,0,7,f,0,,651,5,,1882,2,157,0,2000
205600,0,7,f,0,,651,5,,1882,2,189,0,2000
205601,0,8,f,0,,651,5,,1882,2,165,0,2000
205602,0,9,f,0,,651,5,,1882,2,187,0,2000
205603,0,1,t,62,1,652,6,,1884,2,6,4,2000
205604,0,1,t,52,2,652,6,,1884,2,117,2,2000
205605,0,3,t,15,3,652,6,,1884,2,141,0,2000
205606,0,2,t,10,4,652,6,,1884,2,167,0,2000
205607,0,3,t,9,5,652,6,,1884,2,177,0,2000
205608,0,4,t,6,6,652,6,,1884,2,188,0,2000
205609,0,6,t,1,7,652,6,,1884,2,182,0,2000
205610,0,6,t,1,8,652,6,,1884,2,157,0,2000
205611,0,7,f,0,,652,6,,1884,2,189,0,2000
205612,0,8,f,0,,652,6,,1884,2,165,0,2000
205613,0,9,f,0,,652,6,,1884,2,187,0,2000
205614,0,1,t,68,1,653,7,,1886,2,6,4,2000
205615,0,1,t,63,2,653,7,,1886,2,117,3,2000
205616,0,3,t,15,3,653,7,,1886,2,141,0,2000
205617,0,2,t,14,4,653,7,,1886,2,167,0,2000
205618,0,3,t,9,5,653,7,,1886,2,177,0,2000
205619,0,4,t,6,6,653,7,,1886,2,188,0,2000
205620,0,4,t,3,7,653,7,,1886,2,189,0,2000
205621,0,5,t,3,8,653,7,,1886,2,182,0,2000
205622,0,6,t,1,9,653,7,,1886,2,157,0,2000
205623,0,8,f,0,,653,7,,1886,2,165,0,2000
205624,0,8,f,0,,653,7,,1886,2,187,0,2000
205625,0,1,t,84,1,654,8,,1888,2,6,5,2000
205626,0,1,t,66,2,654,8,,1888,2,117,3,2000
205627,0,2,t,18,3,654,8,,1888,2,167,0,2000
205628,0,3,t,15,4,654,8,,1888,2,141,0,2000
205629,0,3,t,10,5,654,8,,1888,2,177,0,2000
205630,0,4,t,6,6,654,8,,1888,2,188,0,2000
205631,0,4,t,3,7,654,8,,1888,2,189,0,2000
205632,0,5,t,3,8,654,8,,1888,2,182,0,2000
205633,0,5,t,3,9,654,8,,1888,2,157,0,2000
205634,0,8,f,0,,654,8,,1888,2,165,0,2000
205635,0,8,f,0,,654,8,,1888,2,187,0,2000
205636,0,1,t,88,1,655,9,,1890,2,6,5,2000
205637,0,1,t,82,2,655,9,,1890,2,117,4,2000
205638,0,2,t,18,3,655,9,,1890,2,167,0,2000
205639,0,3,t,17,4,655,9,,1890,2,141,0,2000
205640,0,3,t,11,5,655,9,,1890,2,177,0,2000
205641,0,4,t,9,6,655,9,,1890,2,188,0,2000
205642,0,4,t,3,7,655,9,,1890,2,189,0,2000
205643,0,5,t,3,8,655,9,,1890,2,182,0,2000
205644,0,5,t,3,9,655,9,,1890,2,157,0,2000
205645,0,8,f,0,,655,9,,1890,2,165,0,2000
205646,0,8,f,0,,655,9,,1890,2,187,0,2000
205647,0,1,t,98,1,656,10,,1892,2,117,5,2000
205648,0,1,t,92,2,656,10,,1892,2,6,5,2000
205649,0,3,t,19,3,656,10,,1892,2,141,0,2000
205650,0,2,t,18,4,656,10,,1892,2,167,0,2000
205651,0,4,t,12,5,656,10,,1892,2,188,0,2000
205652,0,3,t,11,6,656,10,,1892,2,177,0,2000
205653,0,5,t,4,7,656,10,,1892,2,182,0,2000
205654,0,4,t,3,8,656,10,,1892,2,189,0,2000
205655,0,5,t,3,9,656,10,,1892,2,157,0,2000
205656,0,8,f,0,,656,10,,1892,2,165,0,2000
205657,0,8,f,0,,656,10,,1892,2,187,0,2000
205658,0,1,t,108,1,657,11,,1894,2,117,5,2000
205659,0,1,t,102,2,657,11,,1894,2,6,6,2000
205660,0,3,t,22,3,657,11,,1894,2,141,0,2000
205661,0,2,t,18,4,657,11,,1894,2,167,0,2000
205662,0,4,t,12,5,657,11,,1894,2,188,0,2000
205663,0,3,t,11,6,657,11,,1894,2,177,0,2000
205664,0,5,t,6,7,657,11,,1894,2,182,0,2000
205665,0,5,t,4,8,657,11,,1894,2,157,0,2000
205666,0,4,t,3,9,657,11,,1894,2,189,0,2000
205667,0,8,f,0,,657,11,,1894,2,165,0,2000
205668,0,8,f,0,,657,11,,1894,2,187,0,2000
205669,0,1,t,122,1,658,12,,1896,2,117,6,2000
205670,0,1,t,111,2,658,12,,1896,2,6,6,2000
205671,0,3,t,24,3,658,12,,1896,2,141,0,2000
205672,0,2,t,18,4,658,12,,1896,2,167,0,2000
205673,0,3,t,12,5,658,12,,1896,2,177,0,2000
205674,0,4,t,12,6,658,12,,1896,2,188,0,2000
205675,0,5,t,6,7,658,12,,1896,2,182,0,2000
205676,0,5,t,4,8,658,12,,1896,2,157,0,2000
205677,0,4,t,3,9,658,12,,1896,2,189,0,2000
205678,0,8,f,0,,658,12,,1896,2,165,0,2000
205679,0,8,f,0,,658,12,,1896,2,187,0,2000
205680,0,1,t,135,1,659,13,,1898,2,117,7,2000
205681,0,1,t,117,2,659,13,,1898,2,6,6,2000
205682,0,3,t,30,3,659,13,,1898,2,141,0,2000
205683,0,2,t,18,4,659,13,,1898,2,167,0,2000
205684,0,3,t,13,5,659,13,,1898,2,177,0,2000
205685,0,4,t,12,6,659,13,,1898,2,188,0,2000
205686,0,5,t,6,7,659,13,,1898,2,182,0,2000
205687,0,5,t,4,8,659,13,,1898,2,157,0,2000
205688,0,4,t,3,9,659,13,,1898,2,189,0,2000
205689,0,8,f,0,,659,13,,1898,2,165,0,2000
205690,0,8,f,0,,659,13,,1898,2,187,0,2000
205691,0,1,t,141,1,660,14,,1900,2,117,7,2000
205692,0,1,t,127,2,660,14,,1900,2,6,7,2000
205693,0,3,t,34,3,660,14,,1900,2,141,0,2000
205694,0,2,t,20,4,660,14,,1900,2,167,0,2000
205695,0,3,t,13,5,660,14,,1900,2,177,0,2000
205696,0,4,t,13,6,660,14,,1900,2,188,0,2000
205697,0,4,t,7,7,660,14,,1900,2,157,0,2000
205698,0,5,t,6,8,660,14,,1900,2,182,0,2000
205699,0,4,t,3,9,660,14,,1900,2,189,0,2000
205700,0,8,f,0,,660,14,,1900,2,165,0,2000
205701,0,8,f,0,,660,14,,1900,2,187,0,2000
205702,0,1,t,143,1,661,15,,1902,2,6,8,2000
205703,0,1,t,143,2,661,15,,1902,2,117,7,2000
205704,0,3,t,34,3,661,15,,1902,2,141,0,2000
205705,0,2,t,20,4,661,15,,1902,2,167,0,2000
205706,0,3,t,17,5,661,15,,1902,2,177,0,2000
205707,0,4,t,17,6,661,15,,1902,2,188,0,2000
205708,0,4,t,7,7,661,15,,1902,2,157,0,2000
205709,0,5,t,6,8,661,15,,1902,2,182,0,2000
205710,0,4,t,3,9,661,15,,1902,2,189,0,2000
205711,0,8,f,0,,661,15,,1902,2,165,0,2000
205712,0,8,f,0,,661,15,,1902,2,187,0,2000
205713,0,1,t,156,1,662,16,,1904,2,6,9,2000
205714,0,1,t,153,2,662,16,,1904,2,117,7,2000
205715,0,3,t,36,3,662,16,,1904,2,141,0,2000
205716,0,2,t,20,4,662,16,,1904,2,167,0,2000
205717,0,4,t,18,5,662,16,,1904,2,188,0,2000
205718,0,3,t,17,6,662,16,,1904,2,177,0,2000
205719,0,4,t,7,7,662,16,,1904,2,157,0,2000
205720,0,5,t,6,8,662,16,,1904,2,182,0,2000
205721,0,4,t,3,9,662,16,,1904,2,189,0,2000
205722,0,8,f,0,,662,16,,1904,2,165,0,2000
205723,0,8,f,0,,662,16,,1904,2,187,0,2000
205724,0,1,t,170,1,663,17,51,1906,2,6,10,2000
205725,0,1,t,162,2,663,17,51,1906,2,117,7,2000
205726,0,3,t,36,3,663,17,51,1906,2,141,0,2000
205727,0,2,t,20,4,663,17,51,1906,2,167,0,2000
205728,0,4,t,20,5,663,17,51,1906,2,188,0,2000
205729,0,3,t,17,6,663,17,51,1906,2,177,0,2000
205730,0,4,t,7,7,663,17,51,1906,2,157,0,2000
205731,0,5,t,6,8,663,17,51,1906,2,182,0,2000
205732,0,4,t,4,9,663,17,51,1906,2,189,0,2000
205733,0,8,f,0,,663,17,51,1906,2,165,0,2000
205734,0,8,f,0,,663,17,51,1906,2,187,0,2000
205735,0,1,t,14,1,664,1,,1908,2,6,1,2001
205736,0,2,t,6,2,664,1,,1908,2,117,0,2001
205737,0,4,t,4,3,664,1,,1908,2,182,0,2001
205738,0,5,t,2,4,664,1,,1908,2,177,0,2001
205739,0,7,f,0,,664,1,,1908,2,188,0,2001
205740,0,8,f,0,,664,1,,1908,2,189,0,2001
205741,0,9,f,0,,664,1,,1908,2,187,0,2001
205742,0,10,f,0,,664,1,,1908,2,157,0,2001
205743,0,12,f,0,,664,1,,1908,2,165,0,2001
205744,0,13,f,0,,664,1,,1908,2,167,0,2001
205745,0,,f,0,,664,1,,1908,2,141,0,2001
205746,0,1,t,30,1,665,2,,1910,2,6,2,2001
205747,0,2,t,11,2,665,2,,1910,2,117,0,2001
205748,0,4,t,5,3,665,2,,1910,2,177,0,2001
205749,0,4,t,4,4,665,2,,1910,2,182,0,2001
205750,0,5,t,2,5,665,2,,1910,2,141,0,2001
205751,0,7,f,0,,665,2,,1910,2,157,0,2001
205752,0,7,f,0,,665,2,,1910,2,188,0,2001
205753,0,8,f,0,,665,2,,1910,2,189,0,2001
205754,0,9,f,0,,665,2,,1910,2,187,0,2001
205755,0,11,f,0,,665,2,,1910,2,167,0,2001
205756,0,12,f,0,,665,2,,1910,2,165,0,2001
205757,0,1,t,36,1,666,3,,1912,2,6,2,2001
205758,0,1,t,21,2,666,3,,1912,2,117,1,2001
205759,0,3,t,8,3,666,3,,1912,2,182,0,2001
205760,0,4,t,7,4,666,3,,1912,2,177,0,2001
205761,0,4,t,3,5,666,3,,1912,2,188,0,2001
205762,0,5,t,2,6,666,3,,1912,2,141,0,2001
205763,0,6,t,1,7,666,3,,1912,2,167,0,2001
205764,0,7,f,0,,666,3,,1912,2,157,0,2001
205765,0,8,f,0,,666,3,,1912,2,187,0,2001
205766,0,8,f,0,,666,3,,1912,2,189,0,2001
205767,0,9,f,0,,666,3,,1912,2,165,0,2001
205768,0,1,t,40,1,667,4,,1914,2,6,2,2001
205769,0,1,t,30,2,667,4,,1914,2,117,1,2001
205770,0,1,t,12,3,667,4,,1914,2,141,1,2001
205771,0,4,t,10,4,667,4,,1914,2,177,0,2001
205772,0,3,t,8,5,667,4,,1914,2,182,0,2001
205773,0,4,t,3,6,667,4,,1914,2,188,0,2001
205774,0,6,t,1,7,667,4,,1914,2,167,0,2001
205775,0,7,f,0,,667,4,,1914,2,157,0,2001
205776,0,8,f,0,,667,4,,1914,2,187,0,2001
205777,0,8,f,0,,667,4,,1914,2,189,0,2001
205778,0,9,f,0,,667,4,,1914,2,165,0,2001
205779,0,1,t,50,1,668,5,,1916,2,6,3,2001
205780,0,1,t,32,2,668,5,,1916,2,117,1,2001
205781,0,1,t,18,3,668,5,,1916,2,141,1,2001
205782,0,4,t,13,4,668,5,,1916,2,177,0,2001
205783,0,3,t,9,5,668,5,,1916,2,182,0,2001
205784,0,3,t,7,6,668,5,,1916,2,188,0,2001
205785,0,6,t,1,7,668,5,,1916,2,167,0,2001
205786,0,7,f,0,,668,5,,1916,2,157,0,2001
205787,0,8,f,0,,668,5,,1916,2,187,0,2001
205788,0,8,f,0,,668,5,,1916,2,189,0,2001
205789,0,9,f,0,,668,5,,1916,2,165,0,2001
205790,0,1,t,60,1,669,6,,1918,2,6,3,2001
205791,0,1,t,42,2,669,6,,1918,2,117,2,2001
205792,0,1,t,18,3,669,6,,1918,2,141,1,2001
205793,0,4,t,13,4,669,6,,1918,2,177,0,2001
205794,0,3,t,12,5,669,6,,1918,2,182,0,2001
205795,0,3,t,9,6,669,6,,1918,2,188,0,2001
205796,0,6,t,1,7,669,6,,1918,2,157,0,2001
205797,0,6,t,1,8,669,6,,1918,2,167,0,2001
205798,0,7,f,0,,669,6,,1918,2,189,0,2001
205799,0,8,f,0,,669,6,,1918,2,187,0,2001
205800,0,9,f,0,,669,6,,1918,2,165,0,2001
205801,0,1,t,76,1,670,7,,1920,2,6,4,2001
205802,0,1,t,44,2,670,7,,1920,2,117,2,2001
205803,0,1,t,18,3,670,7,,1920,2,141,1,2001
205804,0,4,t,13,4,670,7,,1920,2,177,0,2001
205805,0,3,t,12,5,670,7,,1920,2,188,0,2001
205806,0,3,t,12,6,670,7,,1920,2,182,0,2001
205807,0,3,t,4,7,670,7,,1920,2,189,0,2001
205808,0,6,t,1,8,670,7,,1920,2,157,0,2001
205809,0,6,t,1,9,670,7,,1920,2,167,0,2001
205810,0,6,t,1,10,670,7,,1920,2,187,0,2001
205811,0,9,f,0,,670,7,,1920,2,165,0,2001
205812,0,1,t,82,1,671,8,,1922,2,6,4,2001
205813,0,1,t,48,2,671,8,,1922,2,117,2,2001
205814,0,1,t,28,3,671,8,,1922,2,141,2,2001
205815,0,3,t,15,4,671,8,,1922,2,182,0,2001
205816,0,4,t,13,5,671,8,,1922,2,177,0,2001
205817,0,3,t,12,6,671,8,,1922,2,188,0,2001
205818,0,3,t,5,7,671,8,,1922,2,189,0,2001
205819,0,5,t,3,8,671,8,,1922,2,187,0,2001
205820,0,6,t,1,9,671,8,,1922,2,157,0,2001
205821,0,6,t,1,10,671,8,,1922,2,167,0,2001
205822,0,9,f,0,,671,8,,1922,2,165,0,2001
205823,0,1,t,94,1,672,9,,1924,2,6,5,2001
205824,0,1,t,53,2,672,9,,1924,2,117,2,2001
205825,0,1,t,37,3,672,9,,1924,2,141,2,2001
205826,0,3,t,15,4,672,9,,1924,2,182,0,2001
205827,0,4,t,13,5,672,9,,1924,2,177,0,2001
205828,0,3,t,12,6,672,9,,1924,2,188,0,2001
205829,0,3,t,5,7,672,9,,1924,2,189,0,2001
205830,0,5,t,3,8,672,9,,1924,2,187,0,2001
205831,0,6,t,1,9,672,9,,1924,2,157,0,2001
205832,0,6,t,1,10,672,9,,1924,2,167,0,2001
205833,0,9,f,0,,672,9,,1924,2,165,0,2001
205834,0,1,t,108,1,673,10,,1926,2,6,6,2001
205835,0,1,t,56,2,673,10,,1926,2,117,2,2001
205836,0,1,t,43,3,673,10,,1926,2,141,2,2001
205837,0,3,t,16,4,673,10,,1926,2,182,0,2001
205838,0,4,t,15,5,673,10,,1926,2,177,0,2001
205839,0,3,t,12,6,673,10,,1926,2,188,0,2001
205840,0,3,t,5,7,673,10,,1926,2,189,0,2001
205841,0,5,t,3,8,673,10,,1926,2,187,0,2001
205842,0,6,t,1,9,673,10,,1926,2,157,0,2001
205843,0,6,t,1,10,673,10,,1926,2,167,0,2001
205844,0,9,f,0,,673,10,,1926,2,165,0,2001
205845,0,1,t,118,1,674,11,,1928,2,6,6,2001
205846,0,1,t,66,2,674,11,,1928,2,117,3,2001
205847,0,1,t,46,3,674,11,,1928,2,141,2,2001
205848,0,3,t,19,4,674,11,,1928,2,182,0,2001
205849,0,4,t,15,5,674,11,,1928,2,177,0,2001
205850,0,3,t,12,6,674,11,,1928,2,188,0,2001
205851,0,3,t,5,7,674,11,,1928,2,189,0,2001
205852,0,5,t,3,8,674,11,,1928,2,187,0,2001
205853,0,6,t,1,9,674,11,,1928,2,157,0,2001
205854,0,6,t,1,10,674,11,,1928,2,167,0,2001
205855,0,9,f,0,,674,11,,1928,2,165,0,2001
205856,0,1,t,124,1,675,12,,1930,2,6,6,2001
205857,0,1,t,66,2,675,12,,1930,2,117,3,2001
205858,0,1,t,56,3,675,12,,1930,2,141,3,2001
205859,0,3,t,19,4,675,12,,1930,2,182,0,2001
205860,0,3,t,16,5,675,12,,1930,2,188,0,2001
205861,0,4,t,15,6,675,12,,1930,2,177,0,2001
205862,0,4,t,6,7,675,12,,1930,2,167,0,2001
205863,0,3,t,5,8,675,12,,1930,2,189,0,2001
205864,0,5,t,4,9,675,12,,1930,2,187,0,2001
205865,0,6,t,1,10,675,12,,1930,2,157,0,2001
205866,0,9,f,0,,675,12,,1930,2,165,0,2001
205867,0,1,t,140,1,676,13,,1932,2,6,7,2001
205868,0,1,t,72,2,676,13,,1932,2,117,3,2001
205869,0,1,t,59,3,676,13,,1932,2,141,3,2001
205870,0,3,t,20,4,676,13,,1932,2,182,0,2001
205871,0,3,t,16,5,676,13,,1932,2,188,0,2001
205872,0,4,t,15,6,676,13,,1932,2,177,0,2001
205873,0,4,t,6,7,676,13,,1932,2,167,0,2001
205874,0,3,t,5,8,676,13,,1932,2,189,0,2001
205875,0,5,t,4,9,676,13,,1932,2,187,0,2001
205876,0,6,t,1,10,676,13,,1932,2,157,0,2001
205877,0,9,f,0,,676,13,,1932,2,165,0,2001
205878,0,1,t,152,1,677,14,,1934,2,6,8,2001
205879,0,1,t,81,2,677,14,,1934,2,117,3,2001
205880,0,1,t,59,3,677,14,,1934,2,141,3,2001
205881,0,3,t,20,4,677,14,,1934,2,182,0,2001
205882,0,3,t,16,5,677,14,,1934,2,188,0,2001
205883,0,4,t,16,6,677,14,,1934,2,177,0,2001
205884,0,3,t,10,7,677,14,,1934,2,167,0,2001
205885,0,3,t,5,8,677,14,,1934,2,189,0,2001
205886,0,5,t,4,9,677,14,,1934,2,187,0,2001
205887,0,6,t,1,10,677,14,,1934,2,157,0,2001
205888,0,9,f,0,,677,14,,1934,2,165,0,2001
205889,0,1,t,161,1,678,15,,1936,2,6,8,2001
205890,0,1,t,81,2,678,15,,1936,2,117,3,2001
205891,0,1,t,73,3,678,15,,1936,2,141,4,2001
205892,0,3,t,20,4,678,15,,1936,2,182,0,2001
205893,0,3,t,17,5,678,15,,1936,2,188,0,2001
205894,0,4,t,16,6,678,15,,1936,2,177,0,2001
205895,0,3,t,10,7,678,15,,1936,2,167,0,2001
205896,0,3,t,7,8,678,15,,1936,2,189,0,2001
205897,0,5,t,4,9,678,15,,1936,2,187,0,2001
205898,0,6,t,1,10,678,15,,1936,2,157,0,2001
205899,0,9,f,0,,678,15,,1936,2,165,0,2001
205900,0,1,t,167,1,679,16,,1938,2,6,8,2001
205901,0,1,t,95,2,679,16,,1938,2,117,4,2001
205902,0,1,t,73,3,679,16,,1938,2,141,4,2001
205903,0,3,t,21,4,679,16,,1938,2,182,0,2001
205904,0,4,t,19,5,679,16,,1938,2,177,0,2001
205905,0,3,t,17,6,679,16,,1938,2,188,0,2001
205906,0,3,t,10,7,679,16,,1938,2,167,0,2001
205907,0,3,t,9,8,679,16,,1938,2,189,0,2001
205908,0,5,t,4,9,679,16,,1938,2,187,0,2001
205909,0,6,t,1,10,679,16,,1938,2,157,0,2001
205910,0,9,f,0,,679,16,,1938,2,165,0,2001
205911,0,1,t,179,1,680,17,52,1940,2,6,9,2001
205912,0,1,t,102,2,680,17,52,1940,2,117,4,2001
205913,0,1,t,80,3,680,17,52,1940,2,141,4,2001
205914,0,3,t,21,4,680,17,52,1940,2,182,0,2001
205915,0,4,t,19,5,680,17,52,1940,2,177,0,2001
205916,0,3,t,17,6,680,17,52,1940,2,188,0,2001
205917,0,3,t,10,7,680,17,52,1940,2,167,0,2001
205918,0,3,t,9,8,680,17,52,1940,2,189,0,2001
205919,0,5,t,4,9,680,17,52,1940,2,187,0,2001
205920,0,6,t,1,10,680,17,52,1940,2,157,0,2001
205921,0,9,f,0,,680,17,52,1940,2,165,0,2001
205922,0,1,t,10,1,681,1,,1942,2,6,1,2002
205923,0,2,t,6,2,681,1,,1942,2,141,0,2002
205924,0,3,t,4,3,681,1,,1942,2,117,0,2002
205925,0,4,t,3,4,681,1,,1942,2,189,0,2002
205926,0,5,t,2,5,681,1,,1942,2,165,0,2002
205927,0,6,t,1,6,681,1,,1942,2,190,0,2002
205928,0,,f,0,,681,1,,1942,2,188,0,2002
205929,0,,f,0,,681,1,,1942,2,157,0,2002
205930,0,,f,0,,681,1,,1942,2,177,0,2002
205931,0,,f,0,,681,1,,1942,2,152,0,2002
205932,0,,f,0,,681,1,,1942,2,182,0,2002
205933,0,1,t,22,1,682,2,,1944,2,141,1,2002
205934,0,1,t,14,2,682,2,,1944,2,6,1,2002
205935,0,3,t,4,3,682,2,,1944,2,117,0,2002
205936,0,4,t,3,4,682,2,,1944,2,189,0,2002
205937,0,4,t,3,5,682,2,,1944,2,152,0,2002
205938,0,5,t,3,6,682,2,,1944,2,182,0,2002
205939,0,5,t,2,7,682,2,,1944,2,165,0,2002
205940,0,6,t,1,8,682,2,,1944,2,190,0,2002
205941,0,8,t,0,9,682,2,,1944,2,188,0,2002
205942,0,9,t,0,10,682,2,,1944,2,177,0,2002
205943,0,11,t,0,11,682,2,,1944,2,157,0,2002
205944,0,1,t,30,1,683,3,,1946,2,141,1,2002
205945,0,1,t,24,2,683,3,,1946,2,6,2,2002
205946,0,3,t,8,3,683,3,,1946,2,117,0,2002
205947,0,4,t,6,4,683,3,,1946,2,152,0,2002
205948,0,4,t,3,5,683,3,,1946,2,189,0,2002
205949,0,5,t,3,6,683,3,,1946,2,182,0,2002
205950,0,5,t,2,7,683,3,,1946,2,165,0,2002
205951,0,6,t,2,8,683,3,,1946,2,190,0,2002
205952,0,8,t,0,9,683,3,,1946,2,188,0,2002
205953,0,9,t,0,10,683,3,,1946,2,177,0,2002
205954,0,11,t,0,11,683,3,,1946,2,157,0,2002
205955,0,1,t,40,1,684,4,,1948,2,6,3,2002
205956,0,1,t,37,2,684,4,,1948,2,141,1,2002
205957,0,3,t,9,3,684,4,,1948,2,117,0,2002
205958,0,4,t,8,4,684,4,,1948,2,152,0,2002
205959,0,4,t,3,5,684,4,,1948,2,189,0,2002
205960,0,5,t,3,6,684,4,,1948,2,182,0,2002
205961,0,5,t,2,7,684,4,,1948,2,165,0,2002
205962,0,6,t,2,8,684,4,,1948,2,190,0,2002
205963,0,7,t,0,9,684,4,,1948,2,188,0,2002
205964,0,9,t,0,10,684,4,,1948,2,177,0,2002
205965,0,11,t,0,11,684,4,,1948,2,157,0,2002
205966,0,1,t,50,1,685,5,,1950,2,6,4,2002
205967,0,1,t,43,2,685,5,,1950,2,141,1,2002
205968,0,3,t,13,3,685,5,,1950,2,117,0,2002
205969,0,4,t,8,4,685,5,,1950,2,152,0,2002
205970,0,4,t,8,5,685,5,,1950,2,182,0,2002
205971,0,4,t,3,6,685,5,,1950,2,189,0,2002
205972,0,5,t,2,7,685,5,,1950,2,165,0,2002
205973,0,6,t,2,8,685,5,,1950,2,190,0,2002
205974,0,6,t,1,9,685,5,,1950,2,157,0,2002
205975,0,7,t,0,10,685,5,,1950,2,188,0,2002
205976,0,9,t,0,11,685,5,,1950,2,177,0,2002
205977,0,1,t,66,1,686,6,,1952,2,6,5,2002
205978,0,1,t,50,2,686,6,,1952,2,141,1,2002
205979,0,3,t,14,3,686,6,,1952,2,117,0,2002
205980,0,4,t,8,4,686,6,,1952,2,152,0,2002
205981,0,4,t,8,5,686,6,,1952,2,182,0,2002
205982,0,4,t,3,6,686,6,,1952,2,189,0,2002
205983,0,5,t,2,7,686,6,,1952,2,165,0,2002
205984,0,5,t,2,8,686,6,,1952,2,177,0,2002
205985,0,6,t,2,9,686,6,,1952,2,190,0,2002
205986,0,6,t,1,10,686,6,,1952,2,157,0,2002
205987,0,7,t,0,11,686,6,,1952,2,188,0,2002
205988,0,1,t,72,1,687,7,,1954,2,6,5,2002
205989,0,1,t,54,2,687,7,,1954,2,141,1,2002
205990,0,1,t,24,3,687,7,,1954,2,117,1,2002
205991,0,4,t,11,4,687,7,,1954,2,152,0,2002
205992,0,4,t,8,5,687,7,,1954,2,182,0,2002
205993,0,5,t,4,6,687,7,,1954,2,177,0,2002
205994,0,4,t,3,7,687,7,,1954,2,189,0,2002
205995,0,5,t,2,8,687,7,,1954,2,165,0,2002
205996,0,6,t,2,9,687,7,,1954,2,190,0,2002
205997,0,6,t,2,10,687,7,,1954,2,157,0,2002
205998,0,7,t,0,11,687,7,,1954,2,188,0,2002
205999,0,1,t,86,1,688,8,,1956,2,6,6,2002
206000,0,1,t,54,2,688,8,,1956,2,141,1,2002
206001,0,1,t,33,3,688,8,,1956,2,117,1,2002
206002,0,4,t,12,4,688,8,,1956,2,152,0,2002
206003,0,4,t,8,5,688,8,,1956,2,182,0,2002
206004,0,5,t,6,6,688,8,,1956,2,177,0,2002
206005,0,4,t,3,7,688,8,,1956,2,189,0,2002
206006,0,5,t,2,8,688,8,,1956,2,165,0,2002
206007,0,6,t,2,9,688,8,,1956,2,190,0,2002
206008,0,6,t,2,10,688,8,,1956,2,157,0,2002
206009,0,7,t,0,11,688,8,,1956,2,188,0,2002
206010,0,1,t,102,1,689,9,,1958,2,6,7,2002
206011,0,1,t,57,2,689,9,,1958,2,141,1,2002
206012,0,1,t,37,3,689,9,,1958,2,117,1,2002
206013,0,4,t,14,4,689,9,,1958,2,152,0,2002
206014,0,4,t,9,5,689,9,,1958,2,182,0,2002
206015,0,5,t,6,6,689,9,,1958,2,177,0,2002
206016,0,4,t,3,7,689,9,,1958,2,189,0,2002
206017,0,5,t,2,8,689,9,,1958,2,165,0,2002
206018,0,6,t,2,9,689,9,,1958,2,190,0,2002
206019,0,6,t,2,10,689,9,,1958,2,157,0,2002
206020,0,7,t,0,11,689,9,,1958,2,188,0,2002
206021,0,1,t,118,1,690,10,,1960,2,6,8,2002
206022,0,1,t,61,2,690,10,,1960,2,141,1,2002
206023,0,1,t,37,3,690,10,,1960,2,117,1,2002
206024,0,4,t,14,4,690,10,,1960,2,152,0,2002
206025,0,4,t,10,5,690,10,,1960,2,182,0,2002
206026,0,5,t,6,6,690,10,,1960,2,177,0,2002
206027,0,4,t,5,7,690,10,,1960,2,188,0,2002
206028,0,4,t,3,8,690,10,,1960,2,189,0,2002
206029,0,5,t,2,9,690,10,,1960,2,165,0,2002
206030,0,6,t,2,10,690,10,,1960,2,190,0,2002
206031,0,6,t,2,11,690,10,,1960,2,157,0,2002
206032,0,1,t,128,1,691,11,,1962,2,6,9,2002
206033,0,1,t,66,2,691,11,,1962,2,141,1,2002
206034,0,1,t,47,3,691,11,,1962,2,117,1,2002
206035,0,4,t,15,4,691,11,,1962,2,152,0,2002
206036,0,4,t,10,5,691,11,,1962,2,182,0,2002
206037,0,5,t,6,6,691,11,,1962,2,177,0,2002
206038,0,4,t,5,7,691,11,,1962,2,188,0,2002
206039,0,4,t,3,8,691,11,,1962,2,189,0,2002
206040,0,5,t,2,9,691,11,,1962,2,165,0,2002
206041,0,6,t,2,10,691,11,,1962,2,190,0,2002
206042,0,6,t,2,11,691,11,,1962,2,157,0,2002
206043,0,1,t,141,1,692,12,,1964,2,6,10,2002
206044,0,1,t,76,2,692,12,,1964,2,141,1,2002
206045,0,1,t,49,3,692,12,,1964,2,117,1,2002
206046,0,4,t,15,4,692,12,,1964,2,152,0,2002
206047,0,4,t,11,5,692,12,,1964,2,182,0,2002
206048,0,5,t,6,6,692,12,,1964,2,177,0,2002
206049,0,4,t,5,7,692,12,,1964,2,188,0,2002
206050,0,4,t,3,8,692,12,,1964,2,189,0,2002
206051,0,5,t,2,9,692,12,,1964,2,165,0,2002
206052,0,6,t,2,10,692,12,,1964,2,190,0,2002
206053,0,6,t,2,11,692,12,,1964,2,157,0,2002
206054,0,1,t,157,1,693,13,,1966,2,6,11,2002
206055,0,1,t,80,2,693,13,,1966,2,141,1,2002
206056,0,1,t,54,3,693,13,,1966,2,117,1,2002
206057,0,4,t,15,4,693,13,,1966,2,152,0,2002
206058,0,4,t,11,5,693,13,,1966,2,182,0,2002
206059,0,5,t,7,6,693,13,,1966,2,177,0,2002
206060,0,4,t,5,7,693,13,,1966,2,188,0,2002
206061,0,4,t,3,8,693,13,,1966,2,189,0,2002
206062,0,5,t,2,9,693,13,,1966,2,165,0,2002
206063,0,6,t,2,10,693,13,,1966,2,190,0,2002
206064,0,6,t,2,11,693,13,,1966,2,157,0,2002
206065,0,1,t,173,1,694,14,,1968,2,6,12,2002
206066,0,1,t,86,2,694,14,,1968,2,141,1,2002
206067,0,1,t,57,3,694,14,,1968,2,117,1,2002
206068,0,4,t,15,4,694,14,,1968,2,152,0,2002
206069,0,4,t,11,5,694,14,,1968,2,182,0,2002
206070,0,5,t,7,6,694,14,,1968,2,177,0,2002
206071,0,4,t,5,7,694,14,,1968,2,188,0,2002
206072,0,4,t,4,8,694,14,,1968,2,189,0,2002
206073,0,5,t,2,9,694,14,,1968,2,165,0,2002
206074,0,6,t,2,10,694,14,,1968,2,190,0,2002
206075,0,6,t,2,11,694,14,,1968,2,157,0,2002
206076,0,1,t,189,1,695,15,,1970,2,6,13,2002
206077,0,1,t,86,2,695,15,,1970,2,141,1,2002
206078,0,1,t,57,3,695,15,,1970,2,117,1,2002
206079,0,4,t,20,4,695,15,,1970,2,152,0,2002
206080,0,4,t,11,5,695,15,,1970,2,182,0,2002
206081,0,3,t,8,6,695,15,,1970,2,189,0,2002
206082,0,5,t,7,7,695,15,,1970,2,177,0,2002
206083,0,4,t,6,8,695,15,,1970,2,188,0,2002
206084,0,5,t,2,9,695,15,,1970,2,165,0,2002
206085,0,6,t,2,10,695,15,,1970,2,190,0,2002
206086,0,6,t,2,11,695,15,,1970,2,157,0,2002
206087,0,1,t,205,1,696,16,,1972,2,6,14,2002
206088,0,1,t,89,2,696,16,,1972,2,141,1,2002
206089,0,1,t,61,3,696,16,,1972,2,117,1,2002
206090,0,4,t,22,4,696,16,,1972,2,152,0,2002
206091,0,4,t,11,5,696,16,,1972,2,182,0,2002
206092,0,3,t,8,6,696,16,,1972,2,189,0,2002
206093,0,4,t,7,7,696,16,,1972,2,188,0,2002
206094,0,5,t,7,8,696,16,,1972,2,177,0,2002
206095,0,5,t,2,9,696,16,,1972,2,165,0,2002
206096,0,6,t,2,10,696,16,,1972,2,190,0,2002
206097,0,6,t,2,11,696,16,,1972,2,157,0,2002
206098,0,1,t,221,1,697,17,53,1974,2,6,15,2002
206099,0,1,t,92,2,697,17,53,1974,2,141,1,2002
206100,0,1,t,65,3,697,17,53,1974,2,117,1,2002
206101,0,4,t,23,4,697,17,53,1974,2,152,0,2002
206102,0,4,t,11,5,697,17,53,1974,2,182,0,2002
206103,0,5,t,9,6,697,17,53,1974,2,177,0,2002
206104,0,3,t,8,7,697,17,53,1974,2,189,0,2002
206105,0,4,t,7,8,697,17,53,1974,2,188,0,2002
206106,0,5,t,2,9,697,17,53,1974,2,165,0,2002
206107,0,6,t,2,10,697,17,53,1974,2,190,0,2002
206108,0,6,t,2,11,697,17,53,1974,2,157,0,2002
206109,0,1,t,16,1,698,1,,1976,3,117,1,2003
206110,0,2,t,9,2,698,1,,1976,3,141,0,2003
206111,0,5,t,6,3,698,1,,1976,3,152,0,2003
206112,0,4,t,5,4,698,1,,1976,3,6,0,2003
206113,0,6,t,3,5,698,1,,1976,3,182,0,2003
206114,0,9,t,0,6,698,1,,1976,3,188,0,2003
206115,0,11,t,0,7,698,1,,1976,3,165,0,2003
206116,0,,f,0,,698,1,,1976,3,177,0,2003
206117,0,,f,0,,698,1,,1976,3,189,0,2003
206118,0,,f,0,,698,1,,1976,3,190,0,2003
206119,0,1,t,26,1,699,2,,1979,3,117,2,2003
206120,0,2,t,16,2,699,2,,1979,3,6,0,2003
206121,0,3,t,16,3,699,2,,1979,3,152,0,2003
206122,0,2,t,14,4,699,2,,1979,3,141,0,2003
206123,0,6,t,4,5,699,2,,1979,3,182,0,2003
206124,0,7,t,2,6,699,2,,1979,3,188,0,2003
206125,0,10,t,0,7,699,2,,1979,3,177,0,2003
206126,0,11,t,0,8,699,2,,1979,3,165,0,2003
206127,0,11,t,0,9,699,2,,1979,3,190,0,2003
206128,0,,f,0,,699,2,,1979,3,189,0,2003
206129,0,1,t,39,1,700,3,,1982,3,117,2,2003
206130,0,3,t,23,2,700,3,,1982,3,152,0,2003
206131,0,2,t,16,3,700,3,,1982,3,6,0,2003
206132,0,2,t,16,4,700,3,,1982,3,141,0,2003
206133,0,1,t,10,5,700,3,,1982,3,177,1,2003
206134,0,5,t,8,6,700,3,,1982,3,182,0,2003
206135,0,6,t,5,7,700,3,,1982,3,188,0,2003
206136,0,9,t,0,8,700,3,,1982,3,189,0,2003
206137,0,10,t,0,9,700,3,,1982,3,190,0,2003
206138,0,11,t,0,10,700,3,,1982,3,165,0,2003
206139,0,1,t,51,1,701,4,,1985,3,117,2,2003
206140,0,1,t,32,2,701,4,,1985,3,6,1,2003
206141,0,3,t,26,3,701,4,,1985,3,152,0,2003
206142,0,2,t,23,4,701,4,,1985,3,141,0,2003
206143,0,1,t,10,5,701,4,,1985,3,177,1,2003
206144,0,5,t,8,6,701,4,,1985,3,182,0,2003
206145,0,6,t,6,7,701,4,,1985,3,188,0,2003
206146,0,9,t,0,8,701,4,,1985,3,190,0,2003
206147,0,9,t,0,9,701,4,,1985,3,189,0,2003
206148,0,11,t,0,10,701,4,,1985,3,165,0,2003
206149,0,1,t,51,1,702,5,,1988,3,117,2,2003
206150,0,1,t,48,2,702,5,,1988,3,6,2,2003
206151,0,2,t,34,3,702,5,,1988,3,152,0,2003
206152,0,2,t,32,4,702,5,,1988,3,141,0,2003
206153,0,1,t,11,5,702,5,,1988,3,177,1,2003
206154,0,5,t,8,6,702,5,,1988,3,182,0,2003
206155,0,6,t,6,7,702,5,,1988,3,188,0,2003
206156,0,6,t,3,8,702,5,,1988,3,190,0,2003
206157,0,7,t,2,9,702,5,,1988,3,189,0,2003
206158,0,11,t,0,10,702,5,,1988,3,165,0,2003
206159,0,1,t,64,1,703,6,,1991,3,6,3,2003
206160,0,1,t,63,2,703,6,,1991,3,117,2,2003
206161,0,2,t,35,3,703,6,,1991,3,152,0,2003
206162,0,2,t,35,4,703,6,,1991,3,141,0,2003
206163,0,1,t,11,5,703,6,,1991,3,177,1,2003
206164,0,4,t,11,6,703,6,,1991,3,188,0,2003
206165,0,5,t,8,7,703,6,,1991,3,182,0,2003
206166,0,7,t,4,8,703,6,,1991,3,189,0,2003
206167,0,6,t,3,9,703,6,,1991,3,190,0,2003
206168,0,11,t,0,10,703,6,,1991,3,165,0,2003
206169,0,1,t,73,1,704,7,,1994,3,117,2,2003
206170,0,1,t,71,2,704,7,,1994,3,6,3,2003
206171,0,1,t,50,3,704,7,,1994,3,141,1,2003
206172,0,2,t,42,4,704,7,,1994,3,152,0,2003
206173,0,1,t,11,5,704,7,,1994,3,177,1,2003
206174,0,4,t,11,6,704,7,,1994,3,188,0,2003
206175,0,5,t,8,7,704,7,,1994,3,182,0,2003
206176,0,7,t,4,8,704,7,,1994,3,189,0,2003
206177,0,6,t,3,9,704,7,,1994,3,190,0,2003
206178,0,11,t,0,10,704,7,,1994,3,165,0,2003
206179,0,1,t,85,1,705,8,,1997,3,6,4,2003
206180,0,1,t,76,2,705,8,,1997,3,117,2,2003
206181,0,1,t,64,3,705,8,,1997,3,141,1,2003
206182,0,2,t,47,4,705,8,,1997,3,152,0,2003
206183,0,1,t,11,5,705,8,,1997,3,177,1,2003
206184,0,4,t,11,6,705,8,,1997,3,188,0,2003
206185,0,5,t,8,7,705,8,,1997,3,182,0,2003
206186,0,7,t,6,8,705,8,,1997,3,189,0,2003
206187,0,6,t,4,9,705,8,,1997,3,190,0,2003
206188,0,9,t,0,10,705,8,,1997,3,165,0,2003
206189,0,1,t,95,1,706,9,,2000,3,6,4,2003
206190,0,1,t,82,2,706,9,,2000,3,141,2,2003
206191,0,1,t,76,3,706,9,,2000,3,117,2,2003
206192,0,2,t,52,4,706,9,,2000,3,152,0,2003
206193,0,4,t,13,5,706,9,,2000,3,188,0,2003
206194,0,1,t,11,6,706,9,,2000,3,177,1,2003
206195,0,5,t,9,7,706,9,,2000,3,182,0,2003
206196,0,6,t,9,8,706,9,,2000,3,189,0,2003
206197,0,6,t,4,9,706,9,,2000,3,190,0,2003
206198,0,9,t,0,10,706,9,,2000,3,165,0,2003
206199,0,1,t,103,1,707,10,,2003,3,6,4,2003
206200,0,1,t,100,2,707,10,,2003,3,141,3,2003
206201,0,1,t,85,3,707,10,,2003,3,117,2,2003
206202,0,2,t,52,4,707,10,,2003,3,152,0,2003
206203,0,4,t,13,5,707,10,,2003,3,188,0,2003
206204,0,6,t,12,6,707,10,,2003,3,189,0,2003
206205,0,1,t,11,7,707,10,,2003,3,177,1,2003
206206,0,5,t,9,8,707,10,,2003,3,182,0,2003
206207,0,6,t,5,9,707,10,,2003,3,190,0,2003
206208,0,9,t,0,10,707,10,,2003,3,165,0,2003
206209,0,1,t,118,1,708,11,,2006,3,6,5,2003
206210,0,1,t,108,2,708,11,,2006,3,141,3,2003
206211,0,1,t,95,3,708,11,,2006,3,117,2,2003
206212,0,2,t,55,4,708,11,,2006,3,152,0,2003
206213,0,4,t,14,5,708,11,,2006,3,188,0,2003
206214,0,6,t,12,6,708,11,,2006,3,189,0,2003
206215,0,1,t,11,7,708,11,,2006,3,177,1,2003
206216,0,5,t,9,8,708,11,,2006,3,182,0,2003
206217,0,6,t,7,9,708,11,,2006,3,190,0,2003
206218,0,9,t,0,10,708,11,,2006,3,165,0,2003
206219,0,1,t,120,1,709,12,,2009,3,6,5,2003
206220,0,1,t,118,2,709,12,,2009,3,141,4,2003
206221,0,1,t,103,3,709,12,,2009,3,117,2,2003
206222,0,2,t,66,4,709,12,,2009,3,152,0,2003
206223,0,4,t,15,5,709,12,,2009,3,188,0,2003
206224,0,5,t,14,6,709,12,,2009,3,190,0,2003
206225,0,6,t,12,7,709,12,,2009,3,189,0,2003
206226,0,1,t,11,8,709,12,,2009,3,177,1,2003
206227,0,5,t,9,9,709,12,,2009,3,182,0,2003
206228,0,9,t,0,10,709,12,,2009,3,165,0,2003
206229,0,1,t,129,1,710,13,,2012,3,141,4,2003
206230,0,1,t,121,2,710,13,,2012,3,6,5,2003
206231,0,1,t,115,3,710,13,,2012,3,117,2,2003
206232,0,1,t,78,4,710,13,,2012,3,152,1,2003
206233,0,4,t,15,5,710,13,,2012,3,188,0,2003
206234,0,6,t,15,6,710,13,,2012,3,189,0,2003
206235,0,5,t,14,7,710,13,,2012,3,190,0,2003
206236,0,1,t,11,8,710,13,,2012,3,177,1,2003
206237,0,5,t,9,9,710,13,,2012,3,182,0,2003
206238,0,9,t,0,10,710,13,,2012,3,165,0,2003
206239,0,1,t,141,1,711,14,,2015,3,141,4,2003
206240,0,1,t,137,2,711,14,,2015,3,6,6,2003
206241,0,1,t,120,3,711,14,,2015,3,117,2,2003
206242,0,1,t,79,4,711,14,,2015,3,152,1,2003
206243,0,4,t,18,5,711,14,,2015,3,188,0,2003
206244,0,6,t,17,6,711,14,,2015,3,189,0,2003
206245,0,5,t,14,7,711,14,,2015,3,190,0,2003
206246,0,1,t,11,8,711,14,,2015,3,177,1,2003
206247,0,5,t,9,9,711,14,,2015,3,182,0,2003
206248,0,9,t,0,10,711,14,,2015,3,165,0,2003
206249,0,1,t,147,1,712,15,,2018,3,6,7,2003
206250,0,1,t,144,2,712,15,,2018,3,141,4,2003
206251,0,1,t,128,3,712,15,,2018,3,117,2,2003
206252,0,1,t,84,4,712,15,,2018,3,152,1,2003
206253,0,3,t,19,5,712,15,,2018,3,182,0,2003
206254,0,4,t,18,6,712,15,,2018,3,188,0,2003
206255,0,6,t,18,7,712,15,,2018,3,189,0,2003
206256,0,5,t,14,8,712,15,,2018,3,190,0,2003
206257,0,1,t,13,9,712,15,,2018,3,177,1,2003
206258,0,9,t,0,10,712,15,,2018,3,165,0,2003
206259,0,1,t,158,1,713,16,54,2021,3,6,8,2003
206260,0,1,t,144,2,713,16,54,2021,3,141,4,2003
206261,0,1,t,142,3,713,16,54,2021,3,117,2,2003
206262,0,1,t,88,4,713,16,54,2021,3,152,1,2003
206263,0,4,t,26,5,713,16,54,2021,3,188,0,2003
206264,0,3,t,19,6,713,16,54,2021,3,182,0,2003
206265,0,6,t,18,7,713,16,54,2021,3,189,0,2003
206266,0,5,t,16,8,713,16,54,2021,3,190,0,2003
206267,0,1,t,13,9,713,16,54,2021,3,177,1,2003
206268,0,9,t,0,10,713,16,54,2021,3,165,0,2003
206269,0,1,t,18,1,714,1,,2024,3,6,1,2004
206270,0,4,t,9,2,714,1,,2024,3,141,0,2004
206271,0,3,t,8,3,714,1,,2024,3,152,0,2004
206272,0,6,t,3,4,714,1,,2024,3,188,0,2004
206273,0,8,t,1,5,714,1,,2024,3,117,0,2004
206274,0,10,t,0,6,714,1,,2024,3,182,0,2004
206275,0,11,t,0,7,714,1,,2024,3,189,0,2004
206276,0,12,t,0,8,714,1,,2024,3,190,0,2004
206277,0,14,t,0,9,714,1,,2024,3,177,0,2004
206278,0,,f,0,,714,1,,2024,3,165,0,2004
206279,0,1,t,33,1,715,2,,2027,3,6,2,2004
206280,0,2,t,17,2,715,2,,2027,3,141,0,2004
206281,0,3,t,14,3,715,2,,2027,3,152,0,2004
206282,0,3,t,9,4,715,2,,2027,3,188,0,2004
206283,0,6,t,4,5,715,2,,2027,3,117,0,2004
206284,0,8,t,1,6,715,2,,2027,3,182,0,2004
206285,0,9,t,0,7,715,2,,2027,3,190,0,2004
206286,0,10,t,0,8,715,2,,2027,3,189,0,2004
206287,0,13,t,0,9,715,2,,2027,3,177,0,2004
206288,0,14,t,0,10,715,2,,2027,3,165,0,2004
206289,0,1,t,51,1,716,3,,2030,3,6,3,2004
206290,0,3,t,22,2,716,3,,2030,3,152,0,2004
206291,0,2,t,19,3,716,3,,2030,3,141,0,2004
206292,0,3,t,19,4,716,3,,2030,3,188,0,2004
206293,0,6,t,4,5,716,3,,2030,3,117,0,2004
206294,0,8,t,1,6,716,3,,2030,3,182,0,2004
206295,0,8,t,1,7,716,3,,2030,3,189,0,2004
206296,0,9,t,0,8,716,3,,2030,3,190,0,2004
206297,0,13,t,0,9,716,3,,2030,3,177,0,2004
206298,0,14,t,0,10,716,3,,2030,3,165,0,2004
206299,0,1,t,64,1,717,4,,2033,3,6,4,2004
206300,0,3,t,31,2,717,4,,2033,3,152,0,2004
206301,0,2,t,27,3,717,4,,2033,3,188,0,2004
206302,0,2,t,27,4,717,4,,2033,3,141,0,2004
206303,0,6,t,5,5,717,4,,2033,3,117,0,2004
206304,0,8,t,1,6,717,4,,2033,3,182,0,2004
206305,0,8,t,1,7,717,4,,2033,3,189,0,2004
206306,0,9,t,0,8,717,4,,2033,3,190,0,2004
206307,0,13,t,0,9,717,4,,2033,3,177,0,2004
206308,0,14,t,0,10,717,4,,2033,3,165,0,2004
206309,0,1,t,82,1,718,5,,2036,3,6,5,2004
206310,0,3,t,42,2,718,5,,2036,3,152,0,2004
206311,0,2,t,32,3,718,5,,2036,3,188,0,2004
206312,0,2,t,30,4,718,5,,2036,3,141,0,2004
206313,0,6,t,5,5,718,5,,2036,3,117,0,2004
206314,0,7,t,3,6,718,5,,2036,3,182,0,2004
206315,0,8,t,1,7,718,5,,2036,3,189,0,2004
206316,0,9,t,0,8,718,5,,2036,3,190,0,2004
206317,0,13,t,0,9,718,5,,2036,3,177,0,2004
206318,0,14,t,0,10,718,5,,2036,3,165,0,2004
206319,0,1,t,88,1,719,6,,2039,3,6,5,2004
206320,0,1,t,52,2,719,6,,2039,3,152,1,2004
206321,0,2,t,40,3,719,6,,2039,3,188,0,2004
206322,0,2,t,35,4,719,6,,2039,3,141,0,2004
206323,0,5,t,7,5,719,6,,2039,3,182,0,2004
206324,0,6,t,5,6,719,6,,2039,3,117,0,2004
206325,0,6,t,4,7,719,6,,2039,3,190,0,2004
206326,0,7,t,2,8,719,6,,2039,3,177,0,2004
206327,0,8,t,1,9,719,6,,2039,3,189,0,2004
206328,0,9,t,0,10,719,6,,2039,3,165,0,2004
206329,0,1,t,106,1,720,7,,2042,3,6,6,2004
206330,0,1,t,61,2,720,7,,2042,3,152,1,2004
206331,0,2,t,46,3,720,7,,2042,3,188,0,2004
206332,0,2,t,36,4,720,7,,2042,3,141,0,2004
206333,0,5,t,10,5,720,7,,2042,3,182,0,2004
206334,0,6,t,5,6,720,7,,2042,3,117,0,2004
206335,0,6,t,4,7,720,7,,2042,3,190,0,2004
206336,0,7,t,3,8,720,7,,2042,3,189,0,2004
206337,0,7,t,2,9,720,7,,2042,3,177,0,2004
206338,0,9,t,0,10,720,7,,2042,3,165,0,2004
206339,0,1,t,124,1,721,8,,2045,3,6,7,2004
206340,0,1,t,61,2,721,8,,2045,3,152,1,2004
206341,0,2,t,52,3,721,8,,2045,3,188,0,2004
206342,0,2,t,36,4,721,8,,2045,3,141,0,2004
206343,0,4,t,15,5,721,8,,2045,3,182,0,2004
206344,0,5,t,12,6,721,8,,2045,3,117,0,2004
206345,0,7,t,5,7,721,8,,2045,3,177,0,2004
206346,0,6,t,4,8,721,8,,2045,3,190,0,2004
206347,0,7,t,3,9,721,8,,2045,3,189,0,2004
206348,0,9,t,0,10,721,8,,2045,3,165,0,2004
206349,0,1,t,142,1,722,9,,2048,3,6,8,2004
206350,0,1,t,66,2,722,9,,2048,3,152,1,2004
206351,0,2,t,58,3,722,9,,2048,3,188,0,2004
206352,0,2,t,36,4,722,9,,2048,3,141,0,2004
206353,0,5,t,17,5,722,9,,2048,3,117,0,2004
206354,0,4,t,15,6,722,9,,2048,3,182,0,2004
206355,0,5,t,8,7,722,9,,2048,3,190,0,2004
206356,0,7,t,5,8,722,9,,2048,3,177,0,2004
206357,0,7,t,3,9,722,9,,2048,3,189,0,2004
206358,0,8,t,1,10,722,9,,2048,3,165,0,2004
206359,0,1,t,158,1,723,10,,2051,3,6,9,2004
206360,0,1,t,79,2,723,10,,2051,3,152,1,2004
206361,0,2,t,62,3,723,10,,2051,3,188,0,2004
206362,0,2,t,37,4,723,10,,2051,3,141,0,2004
206363,0,5,t,22,5,723,10,,2051,3,117,0,2004
206364,0,4,t,15,6,723,10,,2051,3,182,0,2004
206365,0,5,t,8,7,723,10,,2051,3,190,0,2004
206366,0,7,t,5,8,723,10,,2051,3,177,0,2004
206367,0,7,t,3,9,723,10,,2051,3,189,0,2004
206368,0,8,t,1,10,723,10,,2051,3,165,0,2004
206369,0,1,t,174,1,724,11,,2054,3,6,10,2004
206370,0,1,t,79,2,724,11,,2054,3,152,1,2004
206371,0,2,t,67,3,724,11,,2054,3,188,0,2004
206372,0,2,t,41,4,724,11,,2054,3,141,0,2004
206373,0,2,t,32,5,724,11,,2054,3,117,0,2004
206374,0,4,t,18,6,724,11,,2054,3,182,0,2004
206375,0,5,t,8,7,724,11,,2054,3,190,0,2004
206376,0,7,t,5,8,724,11,,2054,3,177,0,2004
206377,0,7,t,4,9,724,11,,2054,3,189,0,2004
206378,0,8,t,1,10,724,11,,2054,3,165,0,2004
206379,0,1,t,184,1,725,12,,2057,3,6,11,2004
206380,0,1,t,85,2,725,12,,2057,3,152,1,2004
206381,0,2,t,76,3,725,12,,2057,3,188,0,2004
206382,0,2,t,47,4,725,12,,2057,3,141,0,2004
206383,0,2,t,37,5,725,12,,2057,3,117,0,2004
206384,0,4,t,18,6,725,12,,2057,3,182,0,2004
206385,0,5,t,8,7,725,12,,2057,3,190,0,2004
206386,0,6,t,7,8,725,12,,2057,3,189,0,2004
206387,0,7,t,5,9,725,12,,2057,3,177,0,2004
206388,0,8,t,1,10,725,12,,2057,3,165,0,2004
206389,0,1,t,202,1,726,13,,2060,3,6,12,2004
206390,0,1,t,91,2,726,13,,2060,3,152,1,2004
206391,0,2,t,83,3,726,13,,2060,3,188,0,2004
206392,0,2,t,54,4,726,13,,2060,3,141,0,2004
206393,0,2,t,37,5,726,13,,2060,3,117,0,2004
206394,0,4,t,19,6,726,13,,2060,3,182,0,2004
206395,0,5,t,8,7,726,13,,2060,3,190,0,2004
206396,0,6,t,7,8,726,13,,2060,3,189,0,2004
206397,0,7,t,5,9,726,13,,2060,3,177,0,2004
206398,0,8,t,1,10,726,13,,2060,3,165,0,2004
206399,0,1,t,216,1,727,14,,2063,3,6,12,2004
206400,0,1,t,91,2,727,14,,2063,3,152,1,2004
206401,0,2,t,83,3,727,14,,2063,3,188,0,2004
206402,0,2,t,54,4,727,14,,2063,3,141,0,2004
206403,0,1,t,49,5,727,14,,2063,3,117,1,2004
206404,0,4,t,28,6,727,14,,2063,3,182,0,2004
206405,0,6,t,10,7,727,14,,2063,3,189,0,2004
206406,0,5,t,9,8,727,14,,2063,3,190,0,2004
206407,0,7,t,5,9,727,14,,2063,3,177,0,2004
206408,0,8,t,1,10,727,14,,2063,3,165,0,2004
206409,0,1,t,234,1,728,15,,2066,3,6,13,2004
206410,0,2,t,94,2,728,15,,2066,3,188,0,2004
206411,0,1,t,91,3,728,15,,2066,3,152,1,2004
206412,0,2,t,60,4,728,15,,2066,3,141,0,2004
206413,0,1,t,52,5,728,15,,2066,3,117,1,2004
206414,0,4,t,29,6,728,15,,2066,3,182,0,2004
206415,0,6,t,10,7,728,15,,2066,3,189,0,2004
206416,0,5,t,9,8,728,15,,2066,3,190,0,2004
206417,0,7,t,5,9,728,15,,2066,3,177,0,2004
206418,0,8,t,1,10,728,15,,2066,3,165,0,2004
206419,0,1,t,244,1,729,16,,2069,3,6,14,2004
206420,0,2,t,105,2,729,16,,2069,3,188,0,2004
206421,0,1,t,96,3,729,16,,2069,3,152,1,2004
206422,0,2,t,64,4,729,16,,2069,3,141,0,2004
206423,0,1,t,58,5,729,16,,2069,3,117,1,2004
206424,0,4,t,32,6,729,16,,2069,3,182,0,2004
206425,0,6,t,10,7,729,16,,2069,3,189,0,2004
206426,0,5,t,9,8,729,16,,2069,3,190,0,2004
206427,0,7,t,5,9,729,16,,2069,3,177,0,2004
206428,0,8,t,1,10,729,16,,2069,3,165,0,2004
206429,0,1,t,254,1,730,17,,2072,3,6,15,2004
206430,0,2,t,116,2,730,17,,2072,3,188,0,2004
206431,0,1,t,100,3,730,17,,2072,3,152,1,2004
206432,0,2,t,74,4,730,17,,2072,3,141,0,2004
206433,0,1,t,61,5,730,17,,2072,3,117,1,2004
206434,0,4,t,33,6,730,17,,2072,3,182,0,2004
206435,0,6,t,10,7,730,17,,2072,3,189,0,2004
206436,0,5,t,9,8,730,17,,2072,3,190,0,2004
206437,0,7,t,5,9,730,17,,2072,3,177,0,2004
206438,0,8,t,1,10,730,17,,2072,3,165,0,2004
206439,0,1,t,262,1,731,18,55,2075,3,6,15,2004
206440,0,2,t,119,2,731,18,55,2075,3,188,0,2004
206441,0,1,t,105,3,731,18,55,2075,3,152,1,2004
206442,0,1,t,88,4,731,18,55,2075,3,141,1,2004
206443,0,1,t,69,5,731,18,55,2075,3,117,1,2004
206444,0,4,t,34,6,731,18,55,2075,3,182,0,2004
206445,0,6,t,10,7,731,18,55,2075,3,189,0,2004
206446,0,5,t,9,8,731,18,55,2075,3,190,0,2004
206447,0,7,t,5,9,731,18,55,2075,3,177,0,2004
206448,0,8,t,1,10,731,18,55,2075,3,165,0,2004
206449,0,1,t,16,1,732,1,,2078,3,152,1,2005
206450,0,2,t,8,2,732,1,,2078,3,6,0,2005
206451,0,4,t,7,3,732,1,,2078,3,191,0,2005
206452,0,5,t,4,4,732,1,,2078,3,141,0,2005
206453,0,6,t,4,5,732,1,,2078,3,117,0,2005
206454,0,9,t,0,6,732,1,,2078,3,190,0,2005
206455,0,10,t,0,7,732,1,,2078,3,182,0,2005
206456,0,15,t,0,8,732,1,,2078,3,177,0,2005
206457,0,17,t,0,9,732,1,,2078,3,165,0,2005
206458,0,,f,0,,732,1,,2078,3,188,0,2005
206459,0,1,t,26,1,733,2,,2081,3,152,2,2005
206460,0,2,t,12,2,733,2,,2081,3,190,0,2005
206461,0,4,t,11,3,733,2,,2081,3,191,0,2005
206462,0,2,t,10,4,733,2,,2081,3,6,0,2005
206463,0,3,t,10,5,733,2,,2081,3,141,0,2005
206464,0,4,t,9,6,733,2,,2081,3,117,0,2005
206465,0,10,t,0,7,733,2,,2081,3,182,0,2005
206466,0,11,t,0,8,733,2,,2081,3,177,0,2005
206467,0,13,t,0,9,733,2,,2081,3,165,0,2005
206468,0,,f,0,,733,2,,2081,3,188,0,2005
206469,0,1,t,36,1,734,3,,2084,3,152,3,2005
206470,0,2,t,25,2,734,3,,2084,3,190,0,2005
206471,0,3,t,19,3,734,3,,2084,3,117,0,2005
206472,0,3,t,13,4,734,3,,2084,3,141,0,2005
206473,0,4,t,12,5,734,3,,2084,3,191,0,2005
206474,0,2,t,10,6,734,3,,2084,3,6,0,2005
206475,0,7,t,2,7,734,3,,2084,3,182,0,2005
206476,0,10,t,0,8,734,3,,2084,3,177,0,2005
206477,0,12,t,0,9,734,3,,2084,3,165,0,2005
206478,0,,f,0,,734,3,,2084,3,188,0,2005
206479,0,1,t,46,1,735,4,,2087,3,152,4,2005
206480,0,2,t,29,2,735,4,,2087,3,190,0,2005
206481,0,3,t,25,3,735,4,,2087,3,117,0,2005
206482,0,2,t,18,4,735,4,,2087,3,6,0,2005
206483,0,3,t,18,5,735,4,,2087,3,141,0,2005
206484,0,4,t,13,6,735,4,,2087,3,191,0,2005
206485,0,4,t,7,7,735,4,,2087,3,182,0,2005
206486,0,10,t,0,8,735,4,,2087,3,177,0,2005
206487,0,12,t,0,9,735,4,,2087,3,165,0,2005
206488,0,,f,0,,735,4,,2087,3,188,0,2005
206489,0,1,t,58,1,736,5,,2090,3,152,4,2005
206490,0,2,t,40,2,736,5,,2090,3,190,0,2005
206491,0,1,t,37,3,736,5,,2090,3,117,1,2005
206492,0,3,t,21,4,736,5,,2090,3,141,0,2005
206493,0,2,t,18,5,736,5,,2090,3,6,0,2005
206494,0,4,t,14,6,736,5,,2090,3,191,0,2005
206495,0,4,t,7,7,736,5,,2090,3,182,0,2005
206496,0,10,t,0,8,736,5,,2090,3,177,0,2005
206497,0,12,t,0,9,736,5,,2090,3,165,0,2005
206498,0,,f,0,,736,5,,2090,3,188,0,2005
206499,0,1,t,63,1,737,6,,2093,3,152,4,2005
206500,0,1,t,51,2,737,6,,2093,3,117,2,2005
206501,0,2,t,43,3,737,6,,2093,3,190,0,2005
206502,0,2,t,35,4,737,6,,2093,3,141,0,2005
206503,0,2,t,21,5,737,6,,2093,3,6,0,2005
206504,0,4,t,14,6,737,6,,2093,3,191,0,2005
206505,0,4,t,7,7,737,6,,2093,3,182,0,2005
206506,0,10,t,0,8,737,6,,2093,3,177,0,2005
206507,0,12,t,0,9,737,6,,2093,3,165,0,2005
206508,0,,f,0,,737,6,,2093,3,188,0,2005
206509,0,1,t,76,1,738,7,,2096,2,152,5,2005
206510,0,1,t,53,2,738,7,,2096,2,117,2,2005
206511,0,2,t,44,3,738,7,,2096,2,190,0,2005
206512,0,2,t,43,4,738,7,,2096,2,141,0,2005
206513,0,2,t,31,5,738,7,,2096,2,6,0,2005
206514,0,4,t,19,6,738,7,,2096,2,191,0,2005
206515,0,4,t,7,7,738,7,,2096,2,182,0,2005
206516,0,10,t,0,8,738,7,,2096,2,177,0,2005
206517,0,10,t,0,9,738,7,,2096,2,188,0,2005
206518,0,12,t,0,10,738,7,,2096,2,165,0,2005
206519,0,1,t,76,1,739,8,,2098,2,152,5,2005
206520,0,1,t,63,2,739,8,,2098,2,117,3,2005
206521,0,2,t,47,3,739,8,,2098,2,141,0,2005
206522,0,2,t,47,4,739,8,,2098,2,190,0,2005
206523,0,2,t,45,5,739,8,,2098,2,6,0,2005
206524,0,4,t,22,6,739,8,,2098,2,191,0,2005
206525,0,4,t,12,7,739,8,,2098,2,182,0,2005
206526,0,10,t,0,8,739,8,,2098,2,177,0,2005
206527,0,10,t,0,9,739,8,,2098,2,188,0,2005
206528,0,11,t,0,10,739,8,,2098,2,165,0,2005
206529,0,1,t,76,1,740,9,,2100,2,152,5,2005
206530,0,1,t,63,2,740,9,,2100,2,117,3,2005
206531,0,1,t,63,3,740,9,,2100,2,6,1,2005
206532,0,2,t,47,4,740,9,,2100,2,141,0,2005
206533,0,2,t,47,5,740,9,,2100,2,190,0,2005
206534,0,4,t,22,6,740,9,,2100,2,191,0,2005
206535,0,4,t,12,7,740,9,,2100,2,182,0,2005
206536,0,3,t,11,8,740,9,,2100,2,177,0,2005
206537,0,5,t,7,9,740,9,,2100,2,165,0,2005
206538,0,10,t,0,10,740,9,,2100,2,188,0,2005
206539,0,1,t,89,1,741,10,,2102,2,152,6,2005
206540,0,1,t,71,2,741,10,,2102,2,117,3,2005
206541,0,1,t,69,3,741,10,,2102,2,6,1,2005
206542,0,2,t,53,4,741,10,,2102,2,190,0,2005
206543,0,2,t,47,5,741,10,,2102,2,141,0,2005
206544,0,4,t,22,6,741,10,,2102,2,191,0,2005
206545,0,4,t,13,7,741,10,,2102,2,182,0,2005
206546,0,3,t,11,8,741,10,,2102,2,177,0,2005
206547,0,5,t,7,9,741,10,,2102,2,165,0,2005
206548,0,4,t,5,10,741,10,,2102,2,188,0,2005
206549,0,1,t,102,1,742,11,,2104,2,152,6,2005
206550,0,1,t,87,2,742,11,,2104,2,117,4,2005
206551,0,1,t,74,3,742,11,,2104,2,6,1,2005
206552,0,2,t,54,4,742,11,,2104,2,190,0,2005
206553,0,2,t,47,5,742,11,,2104,2,141,0,2005
206554,0,4,t,22,6,742,11,,2104,2,191,0,2005
206555,0,4,t,13,7,742,11,,2104,2,182,0,2005
206556,0,3,t,11,8,742,11,,2104,2,177,0,2005
206557,0,4,t,9,9,742,11,,2104,2,188,0,2005
206558,0,5,t,7,10,742,11,,2104,2,165,0,2005
206559,0,1,t,117,1,743,12,,2106,2,152,7,2005
206560,0,1,t,95,2,743,12,,2106,2,117,4,2005
206561,0,1,t,78,3,743,12,,2106,2,6,1,2005
206562,0,2,t,57,4,743,12,,2106,2,190,0,2005
206563,0,2,t,47,5,743,12,,2106,2,141,0,2005
206564,0,4,t,24,6,743,12,,2106,2,191,0,2005
206565,0,3,t,15,7,743,12,,2106,2,188,0,2005
206566,0,4,t,14,8,743,12,,2106,2,182,0,2005
206567,0,3,t,11,9,743,12,,2106,2,177,0,2005
206568,0,5,t,7,10,743,12,,2106,2,165,0,2005
206569,0,1,t,117,1,744,13,,2108,2,152,7,2005
206570,0,1,t,105,2,744,13,,2108,2,117,5,2005
206571,0,1,t,86,3,744,13,,2108,2,6,1,2005
206572,0,2,t,68,4,744,13,,2108,2,190,0,2005
206573,0,2,t,52,5,744,13,,2108,2,141,0,2005
206574,0,4,t,24,6,744,13,,2108,2,191,0,2005
206575,0,3,t,20,7,744,13,,2108,2,188,0,2005
206576,0,4,t,14,8,744,13,,2108,2,182,0,2005
206577,0,3,t,11,9,744,13,,2108,2,177,0,2005
206578,0,5,t,7,10,744,13,,2108,2,165,0,2005
206579,0,1,t,130,1,745,14,,2110,2,152,7,2005
206580,0,1,t,121,2,745,14,,2110,2,117,6,2005
206581,0,1,t,86,3,745,14,,2110,2,6,1,2005
206582,0,2,t,71,4,745,14,,2110,2,190,0,2005
206583,0,2,t,52,5,745,14,,2110,2,141,0,2005
206584,0,4,t,27,6,745,14,,2110,2,191,0,2005
206585,0,3,t,24,7,745,14,,2110,2,188,0,2005
206586,0,4,t,14,8,745,14,,2110,2,182,0,2005
206587,0,3,t,11,9,745,14,,2110,2,177,0,2005
206588,0,5,t,7,10,745,14,,2110,2,165,0,2005
206589,0,1,t,144,1,746,15,,2112,2,152,7,2005
206590,0,1,t,136,2,746,15,,2112,2,117,7,2005
206591,0,1,t,86,3,746,15,,2112,2,6,1,2005
206592,0,2,t,78,4,746,15,,2112,2,190,0,2005
206593,0,2,t,54,5,746,15,,2112,2,141,0,2005
206594,0,4,t,27,6,746,15,,2112,2,191,0,2005
206595,0,3,t,25,7,746,15,,2112,2,188,0,2005
206596,0,4,t,14,8,746,15,,2112,2,182,0,2005
206597,0,3,t,11,9,746,15,,2112,2,177,0,2005
206598,0,5,t,7,10,746,15,,2112,2,165,0,2005
206599,0,1,t,152,1,747,16,,2114,2,152,7,2005
206600,0,1,t,146,2,747,16,,2114,2,117,8,2005
206601,0,1,t,90,3,747,16,,2114,2,6,1,2005
206602,0,2,t,80,4,747,16,,2114,2,190,0,2005
206603,0,2,t,59,5,747,16,,2114,2,141,0,2005
206604,0,3,t,31,6,747,16,,2114,2,188,0,2005
206605,0,4,t,27,7,747,16,,2114,2,191,0,2005
206606,0,4,t,17,8,747,16,,2114,2,182,0,2005
206607,0,3,t,12,9,747,16,,2114,2,177,0,2005
206608,0,5,t,7,10,747,16,,2114,2,165,0,2005
206609,0,1,t,164,1,748,17,,2116,2,117,9,2005
206610,0,1,t,162,2,748,17,,2116,2,152,7,2005
206611,0,1,t,98,3,748,17,,2116,2,6,1,2005
206612,0,2,t,81,4,748,17,,2116,2,190,0,2005
206613,0,2,t,59,5,748,17,,2116,2,141,0,2005
206614,0,3,t,33,6,748,17,,2116,2,188,0,2005
206615,0,4,t,27,7,748,17,,2116,2,191,0,2005
206616,0,4,t,17,8,748,17,,2116,2,182,0,2005
206617,0,3,t,12,9,748,17,,2116,2,177,0,2005
206618,0,5,t,7,10,748,17,,2116,2,165,0,2005
206619,0,1,t,176,1,749,18,,2118,2,152,7,2005
206620,0,1,t,174,2,749,18,,2118,2,117,10,2005
206621,0,1,t,100,3,749,18,,2118,2,6,1,2005
206622,0,2,t,82,4,749,18,,2118,2,190,0,2005
206623,0,2,t,64,5,749,18,,2118,2,141,0,2005
206624,0,3,t,37,6,749,18,,2118,2,188,0,2005
206625,0,4,t,30,7,749,18,,2118,2,191,0,2005
206626,0,4,t,17,8,749,18,,2118,2,182,0,2005
206627,0,3,t,12,9,749,18,,2118,2,177,0,2005
206628,0,5,t,7,10,749,18,,2118,2,165,0,2005
206629,0,1,t,191,1,750,19,56,2120,2,152,8,2005
206630,0,1,t,182,2,750,19,56,2120,2,117,10,2005
206631,0,1,t,100,3,750,19,56,2120,2,6,1,2005
206632,0,2,t,88,4,750,19,56,2120,2,190,0,2005
206633,0,2,t,66,5,750,19,56,2120,2,141,0,2005
206634,0,3,t,38,6,750,19,56,2120,2,188,0,2005
206635,0,4,t,34,7,750,19,56,2120,2,191,0,2005
206636,0,4,t,20,8,750,19,56,2120,2,182,0,2005
206637,0,3,t,12,9,750,19,56,2120,2,177,0,2005
206638,0,5,t,7,10,750,19,56,2120,2,165,0,2005
206639,0,1,t,10,1,751,1,,2122,7,152,1,2006
206640,0,3,t,10,2,751,1,,2122,7,117,0,2006
206641,0,2,t,8,3,751,1,,2122,7,6,0,2006
206642,0,4,t,5,4,751,1,,2122,7,98,0,2006
206643,0,6,t,5,5,751,1,,2122,7,141,0,2006
206644,0,8,t,1,6,751,1,,2122,7,191,0,2006
206645,0,11,t,0,7,751,1,,2122,7,195,0,2006
206646,0,12,t,0,8,751,1,,2122,7,192,0,2006
206647,0,14,t,0,9,751,1,,2122,7,190,0,2006
206648,0,17,t,0,10,751,1,,2122,7,194,0,2006
206649,0,18,t,0,11,751,1,,2122,7,193,0,2006
206650,0,1,t,28,1,752,2,,2129,7,152,2,2006
206651,0,2,t,15,2,752,2,,2129,7,6,0,2006
206652,0,3,t,15,3,752,2,,2129,7,117,0,2006
206653,0,3,t,11,4,752,2,,2129,7,98,0,2006
206654,0,6,t,5,5,752,2,,2129,7,141,0,2006
206655,0,7,t,2,6,752,2,,2129,7,192,0,2006
206656,0,8,t,1,7,752,2,,2129,7,190,0,2006
206657,0,8,t,1,8,752,2,,2129,7,191,0,2006
206658,0,11,t,0,9,752,2,,2129,7,195,0,2006
206659,0,12,t,0,10,752,2,,2129,7,194,0,2006
206660,0,14,t,0,11,752,2,,2129,7,193,0,2006
206661,0,1,t,42,1,753,3,,2136,7,152,3,2006
206662,0,2,t,23,2,753,3,,2136,7,117,0,2006
206663,0,2,t,15,3,753,3,,2136,7,6,0,2006
206664,0,3,t,13,4,753,3,,2136,7,98,0,2006
206665,0,4,t,10,5,753,3,,2136,7,192,0,2006
206666,0,3,t,7,6,753,3,,2136,7,190,0,2006
206667,0,6,t,5,7,753,3,,2136,7,141,0,2006
206668,0,8,t,2,8,753,3,,2136,7,191,0,2006
206669,0,9,t,0,9,753,3,,2136,7,195,0,2006
206670,0,11,t,0,10,753,3,,2136,7,194,0,2006
206671,0,12,t,0,11,753,3,,2136,7,193,0,2006
206672,0,1,t,51,1,754,4,,2143,7,152,3,2006
206673,0,2,t,33,2,754,4,,2143,7,117,0,2006
206674,0,1,t,30,3,754,4,,2143,7,6,1,2006
206675,0,3,t,15,4,754,4,,2143,7,98,0,2006
206676,0,4,t,10,5,754,4,,2143,7,192,0,2006
206677,0,6,t,8,6,754,4,,2143,7,141,0,2006
206678,0,3,t,7,7,754,4,,2143,7,190,0,2006
206679,0,8,t,2,8,754,4,,2143,7,191,0,2006
206680,0,9,t,0,9,754,4,,2143,7,195,0,2006
206681,0,11,t,0,10,754,4,,2143,7,194,0,2006
206682,0,12,t,0,11,754,4,,2143,7,193,0,2006
206683,0,1,t,62,1,755,5,,2150,7,152,3,2006
206684,0,1,t,46,2,755,5,,2150,7,6,2,2006
206685,0,2,t,38,3,755,5,,2150,7,117,0,2006
206686,0,3,t,19,4,755,5,,2150,7,98,0,2006
206687,0,4,t,11,5,755,5,,2150,7,192,0,2006
206688,0,6,t,10,6,755,5,,2150,7,141,0,2006
206689,0,3,t,7,7,755,5,,2150,7,190,0,2006
206690,0,8,t,2,8,755,5,,2150,7,191,0,2006
206691,0,9,t,0,9,755,5,,2150,7,195,0,2006
206692,0,11,t,0,10,755,5,,2150,7,194,0,2006
206693,0,12,t,0,11,755,5,,2150,7,193,0,2006
206694,0,1,t,78,1,756,6,,2157,7,152,4,2006
206695,0,1,t,59,2,756,6,,2157,7,6,2,2006
206696,0,2,t,42,3,756,6,,2157,7,117,0,2006
206697,0,3,t,24,4,756,6,,2157,7,98,0,2006
206698,0,4,t,12,5,756,6,,2157,7,192,0,2006
206699,0,6,t,10,6,756,6,,2157,7,141,0,2006
206700,0,3,t,7,7,756,6,,2157,7,190,0,2006
206701,0,8,t,2,8,756,6,,2157,7,191,0,2006
206702,0,9,t,0,9,756,6,,2157,7,195,0,2006
206703,0,11,t,0,10,756,6,,2157,7,194,0,2006
206704,0,12,t,0,11,756,6,,2157,7,193,0,2006
206705,0,1,t,91,1,757,7,,2164,7,152,5,2006
206706,0,1,t,63,2,757,7,,2164,7,6,2,2006
206707,0,2,t,50,3,757,7,,2164,7,117,0,2006
206708,0,3,t,29,4,757,7,,2164,7,98,0,2006
206709,0,4,t,14,5,757,7,,2164,7,192,0,2006
206710,0,6,t,10,6,757,7,,2164,7,141,0,2006
206711,0,3,t,8,7,757,7,,2164,7,190,0,2006
206712,0,3,t,8,8,757,7,,2164,7,191,0,2006
206713,0,9,t,0,9,757,7,,2164,7,195,0,2006
206714,0,11,t,0,10,757,7,,2164,7,194,0,2006
206715,0,12,t,0,11,757,7,,2164,7,193,0,2006
206716,0,1,t,106,1,758,8,,2171,7,152,6,2006
206717,0,1,t,75,2,758,8,,2171,7,6,2,2006
206718,0,2,t,59,3,758,8,,2171,7,117,0,2006
206719,0,3,t,29,4,758,8,,2171,7,98,0,2006
206720,0,4,t,17,5,758,8,,2171,7,192,0,2006
206721,0,6,t,10,6,758,8,,2171,7,141,0,2006
206722,0,3,t,8,7,758,8,,2171,7,190,0,2006
206723,0,3,t,8,8,758,8,,2171,7,191,0,2006
206724,0,9,t,0,9,758,8,,2171,7,195,0,2006
206725,0,11,t,0,10,758,8,,2171,7,194,0,2006
206726,0,12,t,0,11,758,8,,2171,7,193,0,2006
206727,0,1,t,121,1,759,9,,2178,7,152,7,2006
206728,0,1,t,87,2,759,9,,2178,7,6,2,2006
206729,0,2,t,65,3,759,9,,2178,7,117,0,2006
206730,0,3,t,29,4,759,9,,2178,7,98,0,2006
206731,0,4,t,19,5,759,9,,2178,7,192,0,2006
206732,0,3,t,11,6,759,9,,2178,7,190,0,2006
206733,0,6,t,10,7,759,9,,2178,7,141,0,2006
206734,0,3,t,9,8,759,9,,2178,7,191,0,2006
206735,0,9,t,0,9,759,9,,2178,7,195,0,2006
206736,0,11,t,0,10,759,9,,2178,7,194,0,2006
206737,0,12,t,0,11,759,9,,2178,7,193,0,2006
206738,0,1,t,131,1,760,10,,2185,7,152,7,2006
206739,0,1,t,105,2,760,10,,2185,7,6,3,2006
206740,0,2,t,65,3,760,10,,2185,7,117,0,2006
206741,0,3,t,32,4,760,10,,2185,7,98,0,2006
206742,0,4,t,19,5,760,10,,2185,7,192,0,2006
206743,0,3,t,16,6,760,10,,2185,7,190,0,2006
206744,0,3,t,11,7,760,10,,2185,7,191,0,2006
206745,0,6,t,10,8,760,10,,2185,7,141,0,2006
206746,0,8,t,1,9,760,10,,2185,7,195,0,2006
206747,0,11,t,0,10,760,10,,2185,7,194,0,2006
206748,0,12,t,0,11,760,10,,2185,7,193,0,2006
206749,0,1,t,142,1,761,11,,2192,7,152,7,2006
206750,0,1,t,121,2,761,11,,2192,7,6,4,2006
206751,0,2,t,71,3,761,11,,2192,7,117,0,2006
206752,0,3,t,32,4,761,11,,2192,7,98,0,2006
206753,0,3,t,21,5,761,11,,2192,7,190,0,2006
206754,0,4,t,20,6,761,11,,2192,7,192,0,2006
206755,0,3,t,11,7,761,11,,2192,7,191,0,2006
206756,0,6,t,10,8,761,11,,2192,7,141,0,2006
206757,0,8,t,1,9,761,11,,2192,7,195,0,2006
206758,0,11,t,0,10,761,11,,2192,7,194,0,2006
206759,0,12,t,0,11,761,11,,2192,7,193,0,2006
206760,0,1,t,149,1,762,12,,2199,7,152,7,2006
206761,0,1,t,139,2,762,12,,2199,7,6,5,2006
206762,0,2,t,77,3,762,12,,2199,7,117,0,2006
206763,0,3,t,37,4,762,12,,2199,7,98,0,2006
206764,0,3,t,23,5,762,12,,2199,7,190,0,2006
206765,0,4,t,20,6,762,12,,2199,7,192,0,2006
206766,0,3,t,12,7,762,12,,2199,7,191,0,2006
206767,0,6,t,10,8,762,12,,2199,7,141,0,2006
206768,0,8,t,1,9,762,12,,2199,7,195,0,2006
206769,0,11,t,0,10,762,12,,2199,7,194,0,2006
206770,0,12,t,0,11,762,12,,2199,7,193,0,2006
206771,0,1,t,149,1,763,13,,2206,7,152,7,2006
206772,0,1,t,142,2,763,13,,2206,7,6,5,2006
206773,0,2,t,85,3,763,13,,2206,7,117,0,2006
206774,0,1,t,52,4,763,13,,2206,7,98,1,2006
206775,0,3,t,26,5,763,13,,2206,7,190,0,2006
206776,0,3,t,26,6,763,13,,2206,7,192,0,2006
206777,0,3,t,16,7,763,13,,2206,7,191,0,2006
206778,0,6,t,10,8,763,13,,2206,7,141,0,2006
206779,0,8,t,1,9,763,13,,2206,7,195,0,2006
206780,0,9,t,0,10,763,13,,2206,7,194,0,2006
206781,0,12,t,0,11,763,13,,2206,7,193,0,2006
206782,0,1,t,160,1,764,14,,2213,7,152,7,2006
206783,0,1,t,158,2,764,14,,2213,7,6,6,2006
206784,0,2,t,89,3,764,14,,2213,7,117,0,2006
206785,0,1,t,58,4,764,14,,2213,7,98,1,2006
206786,0,3,t,28,5,764,14,,2213,7,190,0,2006
206787,0,3,t,26,6,764,14,,2213,7,192,0,2006
206788,0,3,t,16,7,764,14,,2213,7,191,0,2006
206789,0,6,t,10,8,764,14,,2213,7,141,0,2006
206790,0,8,t,1,9,764,14,,2213,7,195,0,2006
206791,0,9,t,0,10,764,14,,2213,7,194,0,2006
206792,0,12,t,0,11,764,14,,2213,7,193,0,2006
206793,0,1,t,168,1,765,15,,2220,7,6,7,2006
206794,0,1,t,165,2,765,15,,2220,7,152,7,2006
206795,0,2,t,97,3,765,15,,2220,7,117,0,2006
206796,0,1,t,65,4,765,15,,2220,7,98,1,2006
206797,0,3,t,33,5,765,15,,2220,7,192,0,2006
206798,0,3,t,30,6,765,15,,2220,7,190,0,2006
206799,0,3,t,16,7,765,15,,2220,7,191,0,2006
206800,0,6,t,10,8,765,15,,2220,7,141,0,2006
206801,0,8,t,1,9,765,15,,2220,7,195,0,2006
206802,0,9,t,0,10,765,15,,2220,7,194,0,2006
206803,0,12,t,0,11,765,15,,2220,7,193,0,2006
206804,0,17,t,0,12,765,15,,2220,7,196,0,2006
206805,0,1,t,179,1,766,16,,2227,7,152,7,2006
206806,0,1,t,178,2,766,16,,2227,7,6,8,2006
206807,0,2,t,101,3,766,16,,2227,7,117,0,2006
206808,0,1,t,73,4,766,16,,2227,7,98,1,2006
206809,0,3,t,35,5,766,16,,2227,7,192,0,2006
206810,0,3,t,30,6,766,16,,2227,7,190,0,2006
206811,0,3,t,16,7,766,16,,2227,7,191,0,2006
206812,0,6,t,11,8,766,16,,2227,7,141,0,2006
206813,0,8,t,1,9,766,16,,2227,7,195,0,2006
206814,0,9,t,0,10,766,16,,2227,7,194,0,2006
206815,0,12,t,0,11,766,16,,2227,7,193,0,2006
206816,0,15,t,0,12,766,16,,2227,7,196,0,2006
206817,0,1,t,195,1,767,17,,2234,7,152,8,2006
206818,0,1,t,186,2,767,17,,2234,7,6,8,2006
206819,0,2,t,105,3,767,17,,2234,7,117,0,2006
206820,0,1,t,78,4,767,17,,2234,7,98,1,2006
206821,0,3,t,36,5,767,17,,2234,7,192,0,2006
206822,0,3,t,35,6,767,17,,2234,7,190,0,2006
206823,0,3,t,16,7,767,17,,2234,7,191,0,2006
206824,0,6,t,11,8,767,17,,2234,7,141,0,2006
206825,0,8,t,1,9,767,17,,2234,7,195,0,2006
206826,0,9,t,0,10,767,17,,2234,7,194,0,2006
206827,0,12,t,0,11,767,17,,2234,7,193,0,2006
206828,0,15,t,0,12,767,17,,2234,7,196,0,2006
206829,0,1,t,206,1,768,18,57,2241,7,152,8,2006
206830,0,1,t,201,2,768,18,57,2241,7,6,9,2006
206831,0,2,t,110,3,768,18,57,2241,7,117,0,2006
206832,0,1,t,86,4,768,18,57,2241,7,98,1,2006
206833,0,3,t,36,5,768,18,57,2241,7,192,0,2006
206834,0,3,t,35,6,768,18,57,2241,7,190,0,2006
206835,0,3,t,16,7,768,18,57,2241,7,191,0,2006
206836,0,6,t,11,8,768,18,57,2241,7,141,0,2006
206837,0,8,t,1,9,768,18,57,2241,7,195,0,2006
206838,0,9,t,0,10,768,18,57,2241,7,194,0,2006
206839,0,10,t,0,11,768,18,57,2241,7,193,0,2006
206840,0,14,t,0,12,768,18,57,2241,7,196,0,2006
206841,102,2,t,0,,769,1,,2248,7,117,0,2007
206842,0,1,t,13,1,769,1,,2248,7,6,1,2007
206843,0,4,t,5,2,769,1,,2248,7,192,0,2007
206844,0,5,t,4,3,769,1,,2248,7,152,0,2007
206845,0,7,t,2,4,769,1,,2248,7,141,0,2007
206846,0,8,t,1,5,769,1,,2248,7,190,0,2007
206847,0,11,t,0,6,769,1,,2248,7,98,0,2007
206848,0,12,t,0,7,769,1,,2248,7,193,0,2007
206849,0,13,t,0,8,769,1,,2248,7,191,0,2007
206850,0,14,t,0,9,769,1,,2248,7,195,0,2007
206851,0,17,t,0,10,769,1,,2248,7,197,0,2007
206852,102,1,t,0,,770,2,,2255,7,117,1,2007
206853,0,1,t,23,1,770,2,,2255,7,6,1,2007
206854,0,4,t,10,2,770,2,,2255,7,192,0,2007
206855,0,5,t,8,3,770,2,,2255,7,152,0,2007
206856,0,7,t,3,4,770,2,,2255,7,190,0,2007
206857,0,7,t,2,5,770,2,,2255,7,141,0,2007
206858,0,10,t,0,6,770,2,,2255,7,191,0,2007
206859,0,11,t,0,7,770,2,,2255,7,98,0,2007
206860,0,12,t,0,8,770,2,,2255,7,193,0,2007
206861,0,14,t,0,9,770,2,,2255,7,195,0,2007
206862,0,17,t,0,10,770,2,,2255,7,197,0,2007
206863,102,1,t,0,,771,3,,2262,7,117,1,2007
206864,0,1,t,39,1,771,3,,2262,7,6,2,2007
206865,0,4,t,18,2,771,3,,2262,7,192,0,2007
206866,0,5,t,9,3,771,3,,2262,7,152,0,2007
206867,0,7,t,5,4,771,3,,2262,7,190,0,2007
206868,0,7,t,2,5,771,3,,2262,7,141,0,2007
206869,0,10,t,0,6,771,3,,2262,7,191,0,2007
206870,0,11,t,0,7,771,3,,2262,7,98,0,2007
206871,0,12,t,0,8,771,3,,2262,7,193,0,2007
206872,0,14,t,0,9,771,3,,2262,7,195,0,2007
206873,0,14,t,0,10,771,3,,2262,7,197,0,2007
206874,102,1,t,0,,772,4,,2269,7,117,1,2007
206875,0,1,t,49,1,772,4,,2269,7,6,3,2007
206876,0,4,t,23,2,772,4,,2269,7,192,0,2007
206877,0,5,t,11,3,772,4,,2269,7,152,0,2007
206878,0,6,t,5,4,772,4,,2269,7,141,0,2007
206879,0,7,t,5,5,772,4,,2269,7,190,0,2007
206880,0,5,t,4,6,772,4,,2269,7,191,0,2007
206881,0,8,t,1,7,772,4,,2269,7,193,0,2007
206882,0,10,t,0,8,772,4,,2269,7,98,0,2007
206883,0,13,t,0,9,772,4,,2269,7,197,0,2007
206884,0,14,t,0,10,772,4,,2269,7,195,0,2007
206885,102,1,t,0,,773,5,,2276,7,117,2,2007
206886,0,1,t,56,1,773,5,,2276,7,6,3,2007
206887,0,4,t,30,2,773,5,,2276,7,192,0,2007
206888,0,4,t,16,3,773,5,,2276,7,152,0,2007
206889,0,6,t,7,4,773,5,,2276,7,141,0,2007
206890,0,7,t,5,5,773,5,,2276,7,190,0,2007
206891,0,5,t,4,6,773,5,,2276,7,191,0,2007
206892,0,8,t,1,7,773,5,,2276,7,193,0,2007
206893,0,9,t,0,8,773,5,,2276,7,195,0,2007
206894,0,10,t,0,9,773,5,,2276,7,98,0,2007
206895,0,13,t,0,10,773,5,,2276,7,197,0,2007
206896,102,1,t,0,,774,6,,2283,7,117,3,2007
206897,0,1,t,60,1,774,6,,2283,7,6,3,2007
206898,0,2,t,38,2,774,6,,2283,7,192,0,2007
206899,0,4,t,21,3,774,6,,2283,7,152,0,2007
206900,0,3,t,13,4,774,6,,2283,7,141,0,2007
206901,0,7,t,6,5,774,6,,2283,7,190,0,2007
206902,0,5,t,4,6,774,6,,2283,7,191,0,2007
206903,0,6,t,4,7,774,6,,2283,7,193,0,2007
206904,0,9,t,0,8,774,6,,2283,7,195,0,2007
206905,0,10,t,0,9,774,6,,2283,7,98,0,2007
206906,0,13,t,0,10,774,6,,2283,7,197,0,2007
206907,102,1,t,0,,775,7,,2290,7,117,4,2007
206908,0,1,t,71,1,775,7,,2290,7,6,3,2007
206909,0,2,t,39,2,775,7,,2290,7,192,0,2007
206910,0,4,t,25,3,775,7,,2290,7,152,0,2007
206911,0,3,t,13,4,775,7,,2290,7,141,0,2007
206912,0,6,t,9,5,775,7,,2290,7,190,0,2007
206913,0,5,t,6,6,775,7,,2290,7,191,0,2007
206914,0,6,t,4,7,775,7,,2290,7,193,0,2007
206915,0,9,t,0,8,775,7,,2290,7,195,0,2007
206916,0,10,t,0,9,775,7,,2290,7,98,0,2007
206917,0,13,t,0,10,775,7,,2290,7,197,0,2007
206918,102,1,t,0,,776,8,,2297,7,117,4,2007
206919,0,1,t,89,1,776,8,,2297,7,6,4,2007
206920,0,2,t,48,2,776,8,,2297,7,192,0,2007
206921,0,4,t,28,3,776,8,,2297,7,152,0,2007
206922,0,3,t,13,4,776,8,,2297,7,141,0,2007
206923,0,6,t,9,5,776,8,,2297,7,190,0,2007
206924,0,5,t,6,6,776,8,,2297,7,191,0,2007
206925,0,6,t,4,7,776,8,,2297,7,193,0,2007
206926,0,8,t,1,8,776,8,,2297,7,98,0,2007
206927,0,9,t,0,9,776,8,,2297,7,195,0,2007
206928,0,13,t,0,10,776,8,,2297,7,197,0,2007
206929,102,1,t,0,,777,9,,2304,7,117,4,2007
206930,0,1,t,103,1,777,9,,2304,7,6,5,2007
206931,0,2,t,56,2,777,9,,2304,7,192,0,2007
206932,0,4,t,31,3,777,9,,2304,7,152,0,2007
206933,0,3,t,13,4,777,9,,2304,7,141,0,2007
206934,0,6,t,9,5,777,9,,2304,7,190,0,2007
206935,0,5,t,6,6,777,9,,2304,7,191,0,2007
206936,0,6,t,4,7,777,9,,2304,7,193,0,2007
206937,0,8,t,1,8,777,9,,2304,7,98,0,2007
206938,0,9,t,0,9,777,9,,2304,7,195,0,2007
206939,0,13,t,0,10,777,9,,2304,7,197,0,2007
206940,102,1,t,0,,778,10,,2311,7,117,5,2007
206941,0,1,t,111,1,778,10,,2311,7,6,5,2007
206942,0,2,t,61,2,778,10,,2311,7,192,0,2007
206943,0,4,t,32,3,778,10,,2311,7,152,0,2007
206944,0,3,t,18,4,778,10,,2311,7,141,0,2007
206945,0,3,t,16,5,778,10,,2311,7,191,0,2007
206946,0,6,t,9,6,778,10,,2311,7,190,0,2007
206947,0,6,t,4,7,778,10,,2311,7,193,0,2007
206948,0,8,t,1,8,778,10,,2311,7,98,0,2007
206949,0,9,t,0,9,778,10,,2311,7,195,0,2007
206950,0,13,t,0,10,778,10,,2311,7,197,0,2007
206951,102,1,t,0,,779,11,,2318,7,117,6,2007
206952,0,1,t,119,1,779,11,,2318,7,6,5,2007
206953,0,2,t,71,2,779,11,,2318,7,192,0,2007
206954,0,4,t,33,3,779,11,,2318,7,152,0,2007
206955,0,3,t,20,4,779,11,,2318,7,141,0,2007
206956,0,3,t,16,5,779,11,,2318,7,191,0,2007
206957,0,6,t,12,6,779,11,,2318,7,190,0,2007
206958,0,6,t,4,7,779,11,,2318,7,193,0,2007
206959,0,8,t,1,8,779,11,,2318,7,98,0,2007
206960,0,9,t,0,9,779,11,,2318,7,195,0,2007
206961,0,13,t,0,10,779,11,,2318,7,197,0,2007
206962,102,1,t,0,,780,12,,2325,7,117,6,2007
206963,0,1,t,137,1,780,12,,2325,7,6,6,2007
206964,0,2,t,77,2,780,12,,2325,7,192,0,2007
206965,0,4,t,36,3,780,12,,2325,7,152,0,2007
206966,0,3,t,22,4,780,12,,2325,7,141,0,2007
206967,0,3,t,16,5,780,12,,2325,7,191,0,2007
206968,0,6,t,12,6,780,12,,2325,7,190,0,2007
206969,0,6,t,4,7,780,12,,2325,7,193,0,2007
206970,0,8,t,1,8,780,12,,2325,7,98,0,2007
206971,0,9,t,0,9,780,12,,2325,7,195,0,2007
206972,0,13,t,0,10,780,12,,2325,7,197,0,2007
206973,102,1,t,0,,781,13,,2332,7,117,7,2007
206974,0,1,t,143,1,781,13,,2332,7,6,6,2007
206975,0,2,t,86,2,781,13,,2332,7,192,0,2007
206976,0,4,t,38,3,781,13,,2332,7,152,0,2007
206977,0,3,t,25,4,781,13,,2332,7,141,0,2007
206978,0,3,t,16,5,781,13,,2332,7,191,0,2007
206979,0,6,t,12,6,781,13,,2332,7,190,0,2007
206980,0,6,t,4,7,781,13,,2332,7,193,0,2007
206981,0,8,t,2,8,781,13,,2332,7,98,0,2007
206982,0,9,t,0,9,781,13,,2332,7,195,0,2007
206983,0,13,t,0,10,781,13,,2332,7,197,0,2007
206984,102,1,t,0,,782,14,,2339,7,117,7,2007
206985,0,1,t,161,1,782,14,,2339,7,6,7,2007
206986,0,2,t,90,2,782,14,,2339,7,192,0,2007
206987,0,4,t,39,3,782,14,,2339,7,152,0,2007
206988,0,3,t,28,4,782,14,,2339,7,141,0,2007
206989,0,3,t,18,5,782,14,,2339,7,191,0,2007
206990,0,6,t,12,6,782,14,,2339,7,190,0,2007
206991,0,6,t,4,7,782,14,,2339,7,193,0,2007
206992,0,8,t,2,8,782,14,,2339,7,98,0,2007
206993,0,9,t,0,9,782,14,,2339,7,195,0,2007
206994,0,13,t,0,10,782,14,,2339,7,197,0,2007
206995,102,1,t,0,,783,15,,2346,7,117,8,2007
206996,0,1,t,170,1,783,15,,2346,7,6,7,2007
206997,0,2,t,92,2,783,15,,2346,7,192,0,2007
206998,0,2,t,51,3,783,15,,2346,7,152,0,2007
206999,0,3,t,28,4,783,15,,2346,7,141,0,2007
207000,0,3,t,23,5,783,15,,2346,7,191,0,2007
207001,0,6,t,12,6,783,15,,2346,7,190,0,2007
207002,0,6,t,4,7,783,15,,2346,7,193,0,2007
207003,0,8,t,2,8,783,15,,2346,7,98,0,2007
207004,0,8,t,1,9,783,15,,2346,7,197,0,2007
207005,0,9,t,0,10,783,15,,2346,7,195,0,2007
207006,102,1,t,0,,784,16,,2353,7,117,8,2007
207007,0,1,t,186,1,784,16,,2353,7,6,8,2007
207008,0,2,t,94,2,784,16,,2353,7,192,0,2007
207009,0,2,t,51,3,784,16,,2353,7,152,0,2007
207010,0,3,t,28,4,784,16,,2353,7,141,0,2007
207011,0,3,t,24,5,784,16,,2353,7,191,0,2007
207012,0,6,t,12,6,784,16,,2353,7,190,0,2007
207013,0,4,t,8,7,784,16,,2353,7,195,0,2007
207014,0,5,t,6,8,784,16,,2353,7,98,0,2007
207015,0,6,t,4,9,784,16,,2353,7,193,0,2007
207016,0,8,t,1,10,784,16,,2353,7,197,0,2007
207017,102,1,t,0,,785,17,58,2360,7,117,8,2007
207018,0,1,t,204,1,785,17,58,2360,7,6,9,2007
207019,0,2,t,101,2,785,17,58,2360,7,192,0,2007
207020,0,2,t,51,3,785,17,58,2360,7,152,0,2007
207021,0,3,t,33,4,785,17,58,2360,7,141,0,2007
207022,0,3,t,24,5,785,17,58,2360,7,191,0,2007
207023,0,6,t,13,6,785,17,58,2360,7,190,0,2007
207024,0,4,t,8,7,785,17,58,2360,7,195,0,2007
207025,0,5,t,6,8,785,17,58,2360,7,98,0,2007
207026,0,6,t,4,9,785,17,58,2360,7,193,0,2007
207027,0,8,t,1,10,785,17,58,2360,7,197,0,2007
207028,0,1,t,14,1,786,1,,2367,7,117,1,2008
207029,0,3,t,9,2,786,1,,2367,7,141,0,2008
207030,0,2,t,8,3,786,1,,2367,7,192,0,2008
207031,0,4,t,5,4,786,1,,2367,7,152,0,2008
207032,0,7,t,2,5,786,1,,2367,7,195,0,2008
207033,0,8,t,1,6,786,1,,2367,7,6,0,2008
207034,0,,f,0,,786,1,,2367,7,190,0,2008
207035,0,,f,0,,786,1,,2367,7,193,0,2008
207036,0,,f,0,,786,1,,2367,7,191,0,2008
207037,0,,f,0,,786,1,,2367,7,198,0,2008
207038,0,,f,0,,786,1,,2367,7,98,0,2008
207039,0,1,t,24,1,787,2,,2374,7,117,1,2008
207040,0,2,t,19,2,787,2,,2374,7,192,0,2008
207041,0,1,t,11,3,787,2,,2374,7,6,1,2008
207042,0,3,t,9,4,787,2,,2374,7,141,0,2008
207043,0,4,t,6,5,787,2,,2374,7,152,0,2008
207044,0,4,t,5,6,787,2,,2374,7,190,0,2008
207045,0,7,t,2,7,787,2,,2374,7,191,0,2008
207046,0,7,t,2,8,787,2,,2374,7,195,0,2008
207047,0,10,t,0,9,787,2,,2374,7,98,0,2008
207048,0,12,t,0,10,787,2,,2374,7,198,0,2008
207049,0,15,t,0,11,787,2,,2374,7,193,0,2008
207050,0,2,t,30,1,788,3,,2381,7,192,0,2008
207051,0,1,t,29,2,788,3,,2381,7,6,2,2008
207052,0,1,t,28,3,788,3,,2381,7,117,1,2008
207053,0,3,t,10,4,788,3,,2381,7,141,0,2008
207054,0,4,t,8,5,788,3,,2381,7,190,0,2008
207055,0,4,t,6,6,788,3,,2381,7,152,0,2008
207056,0,7,t,4,7,788,3,,2381,7,191,0,2008
207057,0,7,t,2,8,788,3,,2381,7,195,0,2008
207058,0,10,t,0,9,788,3,,2381,7,98,0,2008
207059,0,12,t,0,10,788,3,,2381,7,198,0,2008
207060,0,15,t,0,11,788,3,,2381,7,193,0,2008
207061,0,1,t,47,1,789,4,,2388,7,6,3,2008
207062,0,2,t,35,2,789,4,,2388,7,192,0,2008
207063,0,1,t,34,3,789,4,,2388,7,117,1,2008
207064,0,3,t,12,4,789,4,,2388,7,141,0,2008
207065,0,4,t,9,5,789,4,,2388,7,190,0,2008
207066,0,5,t,8,6,789,4,,2388,7,191,0,2008
207067,0,4,t,6,7,789,4,,2388,7,152,0,2008
207068,0,6,t,3,8,789,4,,2388,7,98,0,2008
207069,0,7,t,2,9,789,4,,2388,7,195,0,2008
207070,0,10,t,0,10,789,4,,2388,7,198,0,2008
207071,0,13,t,0,11,789,4,,2388,7,193,0,2008
207072,0,1,t,63,1,790,5,,2395,7,6,4,2008
207073,0,2,t,44,2,790,5,,2395,7,192,0,2008
207074,0,1,t,42,3,790,5,,2395,7,117,1,2008
207075,0,3,t,13,4,790,5,,2395,7,141,0,2008
207076,0,5,t,10,5,790,5,,2395,7,191,0,2008
207077,0,4,t,9,6,790,5,,2395,7,190,0,2008
207078,0,4,t,9,7,790,5,,2395,7,152,0,2008
207079,0,6,t,3,8,790,5,,2395,7,98,0,2008
207080,0,7,t,2,9,790,5,,2395,7,195,0,2008
207081,0,10,t,0,10,790,5,,2395,7,198,0,2008
207082,0,13,t,0,11,790,5,,2395,7,193,0,2008
207083,0,1,t,69,1,791,6,,2402,7,6,4,2008
207084,0,1,t,53,2,791,6,,2402,7,117,2,2008
207085,0,2,t,52,3,791,6,,2402,7,192,0,2008
207086,0,3,t,15,4,791,6,,2402,7,141,0,2008
207087,0,4,t,15,5,791,6,,2402,7,191,0,2008
207088,0,4,t,9,6,791,6,,2402,7,190,0,2008
207089,0,4,t,9,7,791,6,,2402,7,152,0,2008
207090,0,5,t,6,8,791,6,,2402,7,195,0,2008
207091,0,6,t,6,9,791,6,,2402,7,98,0,2008
207092,0,10,t,0,10,791,6,,2402,7,198,0,2008
207093,0,13,t,0,11,791,6,,2402,7,193,0,2008
207094,0,1,t,73,1,792,7,,2409,7,6,4,2008
207095,0,1,t,70,2,792,7,,2409,7,192,1,2008
207096,0,1,t,53,3,792,7,,2409,7,117,2,2008
207097,0,3,t,21,4,792,7,,2409,7,191,0,2008
207098,0,4,t,17,5,792,7,,2409,7,190,0,2008
207099,0,3,t,15,6,792,7,,2409,7,141,0,2008
207100,0,4,t,9,7,792,7,,2409,7,152,0,2008
207101,0,6,t,8,8,792,7,,2409,7,98,0,2008
207102,0,5,t,7,9,792,7,,2409,7,195,0,2008
207103,0,10,t,0,10,792,7,,2409,7,198,0,2008
207104,0,13,t,0,11,792,7,,2409,7,193,0,2008
207105,0,1,t,91,1,793,8,,2416,7,6,5,2008
207106,0,1,t,74,2,793,8,,2416,7,192,1,2008
207107,0,1,t,58,3,793,8,,2416,7,117,2,2008
207108,0,3,t,24,4,793,8,,2416,7,191,0,2008
207109,0,3,t,23,5,793,8,,2416,7,190,0,2008
207110,0,3,t,15,6,793,8,,2416,7,141,0,2008
207111,0,4,t,12,7,793,8,,2416,7,152,0,2008
207112,0,6,t,8,8,793,8,,2416,7,98,0,2008
207113,0,5,t,7,9,793,8,,2416,7,195,0,2008
207114,0,10,t,0,10,793,8,,2416,7,198,0,2008
207115,0,13,t,0,11,793,8,,2416,7,193,0,2008
207116,0,1,t,96,1,794,9,,2423,7,6,5,2008
207117,0,1,t,82,2,794,9,,2423,7,192,1,2008
207118,0,1,t,72,3,794,9,,2423,7,117,3,2008
207119,0,3,t,25,4,794,9,,2423,7,190,0,2008
207120,0,3,t,24,5,794,9,,2423,7,191,0,2008
207121,0,3,t,16,6,794,9,,2423,7,141,0,2008
207122,0,4,t,15,7,794,9,,2423,7,152,0,2008
207123,0,3,t,14,8,794,9,,2423,7,98,0,2008
207124,0,5,t,7,9,794,9,,2423,7,195,0,2008
207125,0,10,t,0,10,794,9,,2423,7,198,0,2008
207126,0,13,t,0,11,794,9,,2423,7,193,0,2008
207127,0,1,t,105,1,795,10,,2430,7,6,5,2008
207128,0,1,t,89,2,795,10,,2430,7,192,1,2008
207129,0,1,t,86,3,795,10,,2430,7,117,4,2008
207130,0,3,t,25,4,795,10,,2430,7,190,0,2008
207131,0,3,t,24,5,795,10,,2430,7,191,0,2008
207132,0,2,t,23,6,795,10,,2430,7,152,0,2008
207133,0,3,t,16,7,795,10,,2430,7,141,0,2008
207134,0,3,t,14,8,795,10,,2430,7,98,0,2008
207135,0,5,t,8,9,795,10,,2430,7,195,0,2008
207136,0,10,t,0,10,795,10,,2430,7,198,0,2008
207137,0,13,t,0,11,795,10,,2430,7,193,0,2008
207138,0,1,t,111,1,796,11,,2437,7,6,5,2008
207139,0,1,t,100,2,796,11,,2437,7,117,5,2008
207140,0,1,t,90,3,796,11,,2437,7,192,1,2008
207141,0,2,t,35,4,796,11,,2437,7,190,0,2008
207142,0,2,t,31,5,796,11,,2437,7,152,0,2008
207143,0,3,t,24,6,796,11,,2437,7,191,0,2008
207144,0,3,t,16,7,796,11,,2437,7,141,0,2008
207145,0,3,t,14,8,796,11,,2437,7,98,0,2008
207146,0,5,t,8,9,796,11,,2437,7,195,0,2008
207147,0,10,t,0,10,796,11,,2437,7,198,0,2008
207148,0,13,t,0,11,796,11,,2437,7,193,0,2008
207149,0,1,t,121,1,797,12,,2444,7,6,6,2008
207150,0,1,t,113,2,797,12,,2444,7,117,5,2008
207151,0,1,t,96,3,797,12,,2444,7,192,1,2008
207152,0,2,t,41,4,797,12,,2444,7,190,0,2008
207153,0,2,t,31,5,797,12,,2444,7,152,0,2008
207154,0,3,t,24,6,797,12,,2444,7,191,0,2008
207155,0,3,t,17,7,797,12,,2444,7,141,0,2008
207156,0,3,t,14,8,797,12,,2444,7,98,0,2008
207157,0,5,t,11,9,797,12,,2444,7,195,0,2008
207158,0,10,t,0,10,797,12,,2444,7,198,0,2008
207159,0,13,t,0,11,797,12,,2444,7,193,0,2008
207160,0,1,t,131,1,798,13,,2451,7,6,7,2008
207161,0,1,t,119,2,798,13,,2451,7,117,5,2008
207162,0,1,t,107,3,798,13,,2451,7,192,1,2008
207163,0,2,t,41,4,798,13,,2451,7,190,0,2008
207164,0,2,t,36,5,798,13,,2451,7,152,0,2008
207165,0,3,t,25,6,798,13,,2451,7,191,0,2008
207166,0,3,t,17,7,798,13,,2451,7,141,0,2008
207167,0,5,t,17,8,798,13,,2451,7,195,0,2008
207168,0,3,t,14,9,798,13,,2451,7,98,0,2008
207169,0,10,t,0,10,798,13,,2451,7,198,0,2008
207170,0,13,t,0,11,798,13,,2451,7,193,0,2008
207171,0,1,t,134,1,799,14,,2458,7,6,7,2008
207172,0,1,t,129,2,799,14,,2458,7,117,5,2008
207173,0,1,t,117,3,799,14,,2458,7,192,1,2008
207174,0,2,t,41,4,799,14,,2458,7,190,0,2008
207175,0,2,t,41,5,799,14,,2458,7,152,0,2008
207176,0,1,t,27,6,799,14,,2458,7,195,1,2008
207177,0,3,t,26,7,799,14,,2458,7,191,0,2008
207178,0,3,t,17,8,799,14,,2458,7,141,0,2008
207179,0,3,t,14,9,799,14,,2458,7,98,0,2008
207180,0,10,t,0,10,799,14,,2458,7,198,0,2008
207181,0,13,t,0,11,799,14,,2458,7,193,0,2008
207182,0,1,t,135,1,800,15,,2465,7,117,5,2008
207183,0,1,t,134,2,800,15,,2465,7,6,7,2008
207184,0,1,t,120,3,800,15,,2465,7,192,1,2008
207185,0,1,t,51,4,800,15,,2465,7,152,1,2008
207186,0,2,t,46,5,800,15,,2465,7,190,0,2008
207187,0,1,t,31,6,800,15,,2465,7,195,1,2008
207188,0,3,t,28,7,800,15,,2465,7,191,0,2008
207189,0,2,t,26,8,800,15,,2465,7,141,0,2008
207190,0,3,t,14,9,800,15,,2465,7,98,0,2008
207191,0,10,t,0,10,800,15,,2465,7,198,0,2008
207192,0,13,t,0,11,800,15,,2465,7,193,0,2008
207193,0,1,t,142,1,801,16,,2472,7,6,7,2008
207194,0,1,t,135,2,801,16,,2472,7,117,5,2008
207195,0,1,t,128,3,801,16,,2472,7,192,1,2008
207196,0,1,t,66,4,801,16,,2472,7,152,2,2008
207197,0,2,t,50,5,801,16,,2472,7,190,0,2008
207198,0,1,t,34,6,801,16,,2472,7,195,1,2008
207199,0,3,t,29,7,801,16,,2472,7,191,0,2008
207200,0,2,t,26,8,801,16,,2472,7,141,0,2008
207201,0,3,t,14,9,801,16,,2472,7,98,0,2008
207202,0,10,t,0,10,801,16,,2472,7,198,0,2008
207203,0,13,t,0,11,801,16,,2472,7,193,0,2008
207204,0,1,t,156,1,802,17,,2479,7,6,7,2008
207205,0,1,t,145,2,802,17,,2479,7,117,6,2008
207206,0,1,t,135,3,802,17,,2479,7,192,1,2008
207207,0,1,t,72,4,802,17,,2479,7,152,2,2008
207208,0,2,t,52,5,802,17,,2479,7,190,0,2008
207209,0,1,t,34,6,802,17,,2479,7,195,1,2008
207210,0,3,t,29,7,802,17,,2479,7,191,0,2008
207211,0,2,t,26,8,802,17,,2479,7,141,0,2008
207212,0,3,t,14,9,802,17,,2479,7,98,0,2008
207213,0,10,t,0,10,802,17,,2479,7,198,0,2008
207214,0,13,t,0,11,802,17,,2479,7,193,0,2008
207215,0,1,t,172,1,803,18,59,2486,7,6,8,2008
207216,0,1,t,151,2,803,18,59,2486,7,117,6,2008
207217,0,1,t,135,3,803,18,59,2486,7,192,1,2008
207218,0,1,t,80,4,803,18,59,2486,7,152,2,2008
207219,0,2,t,56,5,803,18,59,2486,7,190,0,2008
207220,0,1,t,39,6,803,18,59,2486,7,195,1,2008
207221,0,3,t,29,7,803,18,59,2486,7,191,0,2008
207222,0,2,t,26,8,803,18,59,2486,7,141,0,2008
207223,0,3,t,14,9,803,18,59,2486,7,98,0,2008
207224,0,10,t,0,10,803,18,59,2486,7,198,0,2008
207225,0,13,t,0,11,803,18,59,2486,7,193,0,2008
207226,0,1,t,18,1,804,1,,2493,7,199,1,2009
207227,0,3,t,11,2,804,1,,2493,7,190,0,2009
207228,0,5,t,4,3,804,1,,2493,7,152,0,2009
207229,0,6,t,3,4,804,1,,2493,7,141,0,2009
207230,0,7,t,3,5,804,1,,2493,7,195,0,2009
207231,0,9,t,0,6,804,1,,2493,7,198,0,2009
207232,0,10,t,0,7,804,1,,2493,7,192,0,2009
207233,0,12,t,0,8,804,1,,2493,7,191,0,2009
207234,0,15,t,0,9,804,1,,2493,7,6,0,2009
207235,0,,f,0,,804,1,,2493,7,117,0,2009
207236,0,1,t,25,1,805,2,,2500,7,199,2,2009
207237,0,3,t,16.5,2,805,2,,2500,7,190,0,2009
207238,0,2,t,4,3,805,2,,2500,7,192,0,2009
207239,0,5,t,4,4,805,2,,2500,7,152,0,2009
207240,0,6,t,3.5,5,805,2,,2500,7,141,0,2009
207241,0,7,t,3,6,805,2,,2500,7,195,0,2009
207242,0,6,t,1.5,7,805,2,,2500,7,191,0,2009
207243,0,7,t,1,8,805,2,,2500,7,117,0,2009
207244,0,9,t,0,9,805,2,,2500,7,198,0,2009
207245,0,9,t,0,10,805,2,,2500,7,6,0,2009
207246,0,1,t,36,1,806,3,,2507,7,199,2,2009
207247,0,1,t,19.5,2,806,3,,2507,7,191,1,2009
207248,0,3,t,18.5,3,806,3,,2507,7,190,0,2009
207249,0,5,t,8,4,806,3,,2507,7,117,0,2009
207250,0,2,t,4,5,806,3,,2507,7,192,0,2009
207251,0,5,t,4,6,806,3,,2507,7,152,0,2009
207252,0,7,t,4,7,806,3,,2507,7,195,0,2009
207253,0,6,t,3.5,8,806,3,,2507,7,141,0,2009
207254,0,9,t,0,9,806,3,,2507,7,6,0,2009
207255,0,9,t,0,10,806,3,,2507,7,198,0,2009
207256,0,1,t,50,1,807,4,,2514,7,199,3,2009
207257,0,1,t,27.5,2,807,4,,2514,7,191,1,2009
207258,0,3,t,26.5,3,807,4,,2514,7,190,0,2009
207259,0,4,t,13,4,807,4,,2514,7,117,0,2009
207260,0,5,t,5,5,807,4,,2514,7,152,0,2009
207261,0,2,t,4,6,807,4,,2514,7,192,0,2009
207262,0,7,t,4,7,807,4,,2514,7,195,0,2009
207263,0,6,t,3.5,8,807,4,,2514,7,141,0,2009
207264,0,6,t,3,9,807,4,,2514,7,6,0,2009
207265,0,9,t,0,10,807,4,,2514,7,198,0,2009
207266,0,1,t,68,1,808,5,,2521,7,199,4,2009
207267,0,1,t,38.5,2,808,5,,2521,7,191,1,2009
207268,0,3,t,26.5,3,808,5,,2521,7,190,0,2009
207269,0,4,t,13,4,808,5,,2521,7,117,0,2009
207270,0,5,t,9,5,808,5,,2521,7,152,0,2009
207271,0,2,t,6,6,808,5,,2521,7,192,0,2009
207272,0,6,t,6,7,808,5,,2521,7,6,0,2009
207273,0,6,t,4.5,8,808,5,,2521,7,141,0,2009
207274,0,7,t,4,9,808,5,,2521,7,195,0,2009
207275,0,9,t,0,10,808,5,,2521,7,198,0,2009
207276,0,1,t,86,1,809,6,,2528,7,199,5,2009
207277,0,1,t,42.5,2,809,6,,2528,7,191,1,2009
207278,0,3,t,26.5,3,809,6,,2528,7,190,0,2009
207279,0,3,t,17,4,809,6,,2528,7,6,0,2009
207280,0,4,t,13,5,809,6,,2528,7,117,0,2009
207281,0,5,t,11,6,809,6,,2528,7,152,0,2009
207282,0,6,t,7.5,7,809,6,,2528,7,141,0,2009
207283,0,2,t,6,8,809,6,,2528,7,192,0,2009
207284,0,7,t,5,9,809,6,,2528,7,195,0,2009
207285,0,9,t,0,10,809,6,,2528,7,198,0,2009
207286,0,1,t,96,1,810,7,,2535,7,199,6,2009
207287,0,1,t,56.5,2,810,7,,2535,7,191,1,2009
207288,0,3,t,32.5,3,810,7,,2535,7,190,0,2009
207289,0,3,t,20,4,810,7,,2535,7,6,0,2009
207290,0,4,t,13,5,810,7,,2535,7,117,0,2009
207291,0,5,t,11.5,6,810,7,,2535,7,141,0,2009
207292,0,5,t,11,7,810,7,,2535,7,152,0,2009
207293,0,2,t,8,8,810,7,,2535,7,192,0,2009
207294,0,7,t,5,9,810,7,,2535,7,195,0,2009
207295,0,9,t,0,10,810,7,,2535,7,198,0,2009
207296,0,1,t,105,1,811,8,,2542,7,199,6,2009
207297,0,1,t,74.5,2,811,8,,2542,7,191,2,2009
207298,0,3,t,34.5,3,811,8,,2542,7,190,0,2009
207299,0,3,t,26,4,811,8,,2542,7,6,0,2009
207300,0,5,t,15.5,5,811,8,,2542,7,141,0,2009
207301,0,4,t,13,6,811,8,,2542,7,117,0,2009
207302,0,5,t,11,7,811,8,,2542,7,152,0,2009
207303,0,2,t,8,8,811,8,,2542,7,192,0,2009
207304,0,7,t,5,9,811,8,,2542,7,195,0,2009
207305,0,9,t,0,10,811,8,,2542,7,198,0,2009
207306,0,1,t,112,1,812,9,,2549,7,199,6,2009
207307,0,1,t,92.5,2,812,9,,2549,7,191,3,2009
207308,0,3,t,34.5,3,812,9,,2549,7,190,0,2009
207309,0,3,t,32,4,812,9,,2549,7,6,0,2009
207310,0,4,t,20.5,5,812,9,,2549,7,141,0,2009
207311,0,4,t,14,6,812,9,,2549,7,117,0,2009
207312,0,5,t,13,7,812,9,,2549,7,152,0,2009
207313,0,2,t,8,8,812,9,,2549,7,192,0,2009
207314,0,7,t,5,9,812,9,,2549,7,195,0,2009
207315,0,9,t,0,10,812,9,,2549,7,198,0,2009
207316,0,1,t,114,1,813,10,,2556,7,199,6,2009
207317,0,1,t,98.5,2,813,10,,2556,7,191,3,2009
207318,0,2,t,40,3,813,10,,2556,7,6,0,2009
207319,0,3,t,38.5,4,813,10,,2556,7,190,0,2009
207320,0,1,t,28,5,813,10,,2556,7,117,1,2009
207321,0,4,t,25.5,6,813,10,,2556,7,141,0,2009
207322,0,5,t,13,7,813,10,,2556,7,152,0,2009
207323,0,2,t,8,8,813,10,,2556,7,192,0,2009
207324,0,7,t,5,9,813,10,,2556,7,195,0,2009
207325,0,9,t,0,10,813,10,,2556,7,198,0,2009
207326,0,1,t,126,1,814,11,,2563,7,199,7,2009
207327,0,1,t,98.5,2,814,11,,2563,7,191,3,2009
207328,0,2,t,46,3,814,11,,2563,7,6,0,2009
207329,0,1,t,41,4,814,11,,2563,7,117,1,2009
207330,0,3,t,38.5,5,814,11,,2563,7,190,0,2009
207331,0,4,t,29.5,6,814,11,,2563,7,141,0,2009
207332,0,5,t,16,7,814,11,,2563,7,152,0,2009
207333,0,2,t,9,8,814,11,,2563,7,192,0,2009
207334,0,7,t,5,9,814,11,,2563,7,195,0,2009
207335,0,9,t,0,10,814,11,,2563,7,198,0,2009
207336,0,1,t,128,1,815,12,,2570,7,199,7,2009
207337,0,1,t,104.5,2,815,12,,2570,7,191,3,2009
207338,0,1,t,56,3,815,12,,2570,7,6,1,2009
207339,0,1,t,44,4,815,12,,2570,7,117,1,2009
207340,0,3,t,38.5,5,815,12,,2570,7,190,0,2009
207341,0,4,t,30.5,6,815,12,,2570,7,141,0,2009
207342,0,2,t,18,7,815,12,,2570,7,192,0,2009
207343,0,5,t,16,8,815,12,,2570,7,152,0,2009
207344,0,2,t,8,9,815,12,,2570,7,198,0,2009
207345,0,7,t,5,10,815,12,,2570,7,195,0,2009
207346,0,1,t,146,1,816,13,,2577,7,199,8,2009
207347,0,1,t,105.5,2,816,13,,2577,7,191,3,2009
207348,0,1,t,62,3,816,13,,2577,7,6,1,2009
207349,0,1,t,47,4,816,13,,2577,7,117,1,2009
207350,0,3,t,38.5,5,816,13,,2577,7,190,0,2009
207351,0,4,t,30.5,6,816,13,,2577,7,141,0,2009
207352,0,2,t,20,7,816,13,,2577,7,192,0,2009
207353,0,5,t,20,8,816,13,,2577,7,152,0,2009
207354,0,2,t,13,9,816,13,,2577,7,198,0,2009
207355,0,7,t,5,10,816,13,,2577,7,195,0,2009
207356,0,1,t,153,1,817,14,,2584,7,199,8,2009
207357,0,1,t,110.5,2,817,14,,2584,7,191,3,2009
207358,0,1,t,62,3,817,14,,2584,7,6,1,2009
207359,0,1,t,59,4,817,14,,2584,7,117,2,2009
207360,0,2,t,46.5,5,817,14,,2584,7,190,0,2009
207361,0,4,t,30.5,6,817,14,,2584,7,141,0,2009
207362,0,3,t,26,7,817,14,,2584,7,152,0,2009
207363,0,2,t,21,8,817,14,,2584,7,192,0,2009
207364,0,2,t,13,9,817,14,,2584,7,198,0,2009
207365,0,7,t,5,10,817,14,,2584,7,195,0,2009
207366,0,1,t,156,1,818,15,,2591,7,199,8,2009
207367,0,1,t,120.5,2,818,15,,2591,7,191,4,2009
207368,0,1,t,67,3,818,15,,2591,7,6,1,2009
207369,0,1,t,65,4,818,15,,2591,7,117,2,2009
207370,0,2,t,54.5,5,818,15,,2591,7,190,0,2009
207371,0,4,t,34.5,6,818,15,,2591,7,141,0,2009
207372,0,3,t,26,7,818,15,,2591,7,152,0,2009
207373,0,2,t,24,8,818,15,,2591,7,192,0,2009
207374,0,2,t,13,9,818,15,,2591,7,198,0,2009
207375,0,7,t,5,10,818,15,,2591,7,195,0,2009
207376,0,1,t,161,1,819,16,,2598,7,199,8,2009
207377,0,1,t,135.5,2,819,16,,2598,7,191,5,2009
207378,0,1,t,71,3,819,16,,2598,7,117,2,2009
207379,0,1,t,70,4,819,16,,2598,7,6,1,2009
207380,0,2,t,54.5,5,819,16,,2598,7,190,0,2009
207381,0,4,t,34.5,6,819,16,,2598,7,141,0,2009
207382,0,2,t,32,7,819,16,,2598,7,192,0,2009
207383,0,3,t,26,8,819,16,,2598,7,152,0,2009
207384,0,2,t,13,9,819,16,,2598,7,198,0,2009
207385,0,7,t,7,10,819,16,,2598,7,195,0,2009
207386,0,1,t,172,1,820,17,60,2605,7,199,8,2009
207387,0,1,t,153.5,2,820,17,60,2605,7,191,6,2009
207388,0,1,t,71,3,820,17,60,2605,7,117,2,2009
207389,0,1,t,70,4,820,17,60,2605,7,6,1,2009
207390,0,2,t,59.5,5,820,17,60,2605,7,190,0,2009
207391,0,2,t,36,6,820,17,60,2605,7,192,0,2009
207392,0,4,t,34.5,7,820,17,60,2605,7,141,0,2009
207393,0,3,t,26,8,820,17,60,2605,7,152,0,2009
207394,0,2,t,13,9,820,17,60,2605,7,198,0,2009
207395,0,7,t,8,10,820,17,60,2605,7,195,0,2009
207396,0,1,t,43,1,821,1,,2612,7,6,1,2010
207397,0,3,t,21,2,821,1,,2612,7,117,0,2010
207398,0,5,t,18,3,821,1,,2612,7,48,0,2010
207399,0,4,t,16,4,821,1,,2612,7,191,0,2010
207400,0,9,t,2,5,821,1,,2612,7,198,0,2010
207401,0,10,t,1,6,821,1,,2612,7,141,0,2010
207402,0,11,t,0,7,821,1,,2612,7,152,0,2010
207403,0,13,t,0,8,821,1,,2612,7,195,0,2010
207404,0,15,t,0,9,821,1,,2612,7,202,0,2010
207405,0,,f,0,,821,1,,2612,7,182,0,2010
207406,0,,f,0,,821,1,,2612,7,200,0,2010
207407,0,,f,0,,821,1,,2612,7,201,0,2010
207408,0,1,t,70,1,822,2,,2619,7,6,1,2010
207409,0,1,t,54,2,822,2,,2619,7,117,1,2010
207410,0,5,t,29,3,822,2,,2619,7,48,0,2010
207411,0,2,t,18,4,822,2,,2619,7,152,0,2010
207412,0,4,t,18,5,822,2,,2619,7,191,0,2010
207413,0,7,t,8,6,822,2,,2619,7,198,0,2010
207414,0,8,t,5,7,822,2,,2619,7,141,0,2010
207415,0,11,t,0,8,822,2,,2619,7,195,0,2010
207416,0,12,t,0,9,822,2,,2619,7,182,0,2010
207417,0,13,t,0,10,822,2,,2619,7,202,0,2010
207418,0,14,t,0,11,822,2,,2619,7,200,0,2010
207419,0,,f,0,,822,2,,2619,7,201,0,2010
207420,0,1,t,76,1,823,3,,2626,7,6,1,2010
207421,0,1,t,66,2,823,3,,2626,7,117,1,2010
207422,0,1,t,61,3,823,3,,2626,7,191,1,2010
207423,0,3,t,44,4,823,3,,2626,7,48,0,2010
207424,0,2,t,30,5,823,3,,2626,7,152,0,2010
207425,0,5,t,18,6,823,3,,2626,7,198,0,2010
207426,0,8,t,6,7,823,3,,2626,7,141,0,2010
207427,0,9,t,2,8,823,3,,2626,7,195,0,2010
207428,0,12,t,0,9,823,3,,2626,7,182,0,2010
207429,0,13,t,0,10,823,3,,2626,7,202,0,2010
207430,0,14,t,0,11,823,3,,2626,7,200,0,2010
207431,0,14,t,0,12,823,3,,2626,7,201,0,2010
207432,0,1,t,109,1,824,4,,2633,7,117,2,2010
207433,0,1,t,90,2,824,4,,2633,7,6,1,2010
207434,0,1,t,73,3,824,4,,2633,7,191,1,2010
207435,0,3,t,60,4,824,4,,2633,7,48,0,2010
207436,0,2,t,46,5,824,4,,2633,7,152,0,2010
207437,0,5,t,18,6,824,4,,2633,7,198,0,2010
207438,0,8,t,6,7,824,4,,2633,7,141,0,2010
207439,0,9,t,2,8,824,4,,2633,7,195,0,2010
207440,0,12,t,0,9,824,4,,2633,7,182,0,2010
207441,0,13,t,0,10,824,4,,2633,7,202,0,2010
207442,0,14,t,0,11,824,4,,2633,7,200,0,2010
207443,0,14,t,0,12,824,4,,2633,7,201,0,2010
207444,0,1,t,119,1,825,5,,2640,7,117,2,2010
207445,0,1,t,116,2,825,5,,2640,7,6,1,2010
207446,0,1,t,113,3,825,5,,2640,7,191,2,2010
207447,0,3,t,72,4,825,5,,2640,7,48,0,2010
207448,0,2,t,50,5,825,5,,2640,7,152,0,2010
207449,0,5,t,24,6,825,5,,2640,7,198,0,2010
207450,0,8,t,8,7,825,5,,2640,7,141,0,2010
207451,0,9,t,3,8,825,5,,2640,7,195,0,2010
207452,0,12,t,0,9,825,5,,2640,7,182,0,2010
207453,0,13,t,0,10,825,5,,2640,7,202,0,2010
207454,0,14,t,0,11,825,5,,2640,7,200,0,2010
207455,0,14,t,0,12,825,5,,2640,7,201,0,2010
207456,0,1,t,156,1,826,6,,2647,7,191,3,2010
207457,0,1,t,136,2,826,6,,2647,7,6,1,2010
207458,0,1,t,129,3,826,6,,2647,7,117,2,2010
207459,0,3,t,78,4,826,6,,2647,7,48,0,2010
207460,0,2,t,65,5,826,6,,2647,7,152,0,2010
207461,0,5,t,30,6,826,6,,2647,7,198,0,2010
207462,0,8,t,8,7,826,6,,2647,7,141,0,2010
207463,0,9,t,4,8,826,6,,2647,7,195,0,2010
207464,0,12,t,0,9,826,6,,2647,7,182,0,2010
207465,0,13,t,0,10,826,6,,2647,7,202,0,2010
207466,0,14,t,0,11,826,6,,2647,7,200,0,2010
207467,0,14,t,0,12,826,6,,2647,7,201,0,2010
207468,0,1,t,172,1,827,7,,2654,7,117,3,2010
207469,0,1,t,171,2,827,7,,2654,7,191,3,2010
207470,0,1,t,146,3,827,7,,2654,7,6,1,2010
207471,0,3,t,100,4,827,7,,2654,7,48,0,2010
207472,0,2,t,73,5,827,7,,2654,7,152,0,2010
207473,0,5,t,32,6,827,7,,2654,7,198,0,2010
207474,0,8,t,8,7,827,7,,2654,7,141,0,2010
207475,0,9,t,4,8,827,7,,2654,7,195,0,2010
207476,0,10,t,1,9,827,7,,2654,7,182,0,2010
207477,0,13,t,0,10,827,7,,2654,7,202,0,2010
207478,0,14,t,0,11,827,7,,2654,7,200,0,2010
207479,0,14,t,0,12,827,7,,2654,7,201,0,2010
207480,0,1,t,215,1,828,8,,2661,7,117,4,2010
207481,0,1,t,193,2,828,8,,2661,7,191,3,2010
207482,0,1,t,161,3,828,8,,2661,7,6,1,2010
207483,0,3,t,108,4,828,8,,2661,7,48,0,2010
207484,0,2,t,79,5,828,8,,2661,7,152,0,2010
207485,0,5,t,35,6,828,8,,2661,7,198,0,2010
207486,0,8,t,8,7,828,8,,2661,7,195,0,2010
207487,0,8,t,8,8,828,8,,2661,7,141,0,2010
207488,0,10,t,1,9,828,8,,2661,7,182,0,2010
207489,0,13,t,0,10,828,8,,2661,7,202,0,2010
207490,0,14,t,0,11,828,8,,2661,7,200,0,2010
207491,0,14,t,0,12,828,8,,2661,7,201,0,2010
207492,0,1,t,248,1,829,9,,2668,7,117,4,2010
207493,0,1,t,218,2,829,9,,2668,7,191,4,2010
207494,0,1,t,165,3,829,9,,2668,7,6,1,2010
207495,0,3,t,109,4,829,9,,2668,7,48,0,2010
207496,0,2,t,89,5,829,9,,2668,7,152,0,2010
207497,0,5,t,43,6,829,9,,2668,7,198,0,2010
207498,0,4,t,20,7,829,9,,2668,7,141,0,2010
207499,0,8,t,10,8,829,9,,2668,7,195,0,2010
207500,0,7,t,7,9,829,9,,2668,7,182,0,2010
207501,0,13,t,0,10,829,9,,2668,7,202,0,2010
207502,0,14,t,0,11,829,9,,2668,7,200,0,2010
207503,0,14,t,0,12,829,9,,2668,7,201,0,2010
207504,0,1,t,278,1,830,10,,2675,7,117,4,2010
207505,0,1,t,249,2,830,10,,2675,7,191,5,2010
207506,0,1,t,165,3,830,10,,2675,7,6,1,2010
207507,0,3,t,126,4,830,10,,2675,7,48,0,2010
207508,0,2,t,89,5,830,10,,2675,7,152,0,2010
207509,0,5,t,47,6,830,10,,2675,7,198,0,2010
207510,0,4,t,31,7,830,10,,2675,7,141,0,2010
207511,0,6,t,15,8,830,10,,2675,7,182,0,2010
207512,0,8,t,10,9,830,10,,2675,7,195,0,2010
207513,0,13,t,0,10,830,10,,2675,7,202,0,2010
207514,0,14,t,0,11,830,10,,2675,7,200,0,2010
207515,0,14,t,0,12,830,10,,2675,7,201,0,2010
207516,0,1,t,300,1,831,11,,2682,7,117,4,2010
207517,0,1,t,272,2,831,11,,2682,7,191,5,2010
207518,0,1,t,208,3,831,11,,2682,7,6,2,2010
207519,0,3,t,132,4,831,11,,2682,7,48,0,2010
207520,0,2,t,96,5,831,11,,2682,7,152,0,2010
207521,0,5,t,47,6,831,11,,2682,7,198,0,2010
207522,0,4,t,31,7,831,11,,2682,7,141,0,2010
207523,0,6,t,15,8,831,11,,2682,7,182,0,2010
207524,0,8,t,10,9,831,11,,2682,7,195,0,2010
207525,0,13,t,0,10,831,11,,2682,7,202,0,2010
207526,0,14,t,0,11,831,11,,2682,7,200,0,2010
207527,0,14,t,0,12,831,11,,2682,7,201,0,2010
207528,0,1,t,312,1,832,12,,2689,7,191,6,2010
207529,0,1,t,304,2,832,12,,2689,7,117,4,2010
207530,0,1,t,238,3,832,12,,2689,7,6,2,2010
207531,0,3,t,132,4,832,12,,2689,7,48,0,2010
207532,0,2,t,106,5,832,12,,2689,7,152,0,2010
207533,0,5,t,47,6,832,12,,2689,7,198,0,2010
207534,0,4,t,40,7,832,12,,2689,7,141,0,2010
207535,0,6,t,23,8,832,12,,2689,7,182,0,2010
207536,0,8,t,10,9,832,12,,2689,7,195,0,2010
207537,0,13,t,0,10,832,12,,2689,7,202,0,2010
207538,0,14,t,0,11,832,12,,2689,7,200,0,2010
207539,0,14,t,0,12,832,12,,2689,7,201,0,2010
207540,0,1,t,330,1,833,13,,2696,7,191,6,2010
207541,0,1,t,329,2,833,13,,2696,7,117,5,2010
207542,0,1,t,250,3,833,13,,2696,7,6,2,2010
207543,0,3,t,146,4,833,13,,2696,7,48,0,2010
207544,0,2,t,123,5,833,13,,2696,7,152,0,2010
207545,0,5,t,58,6,833,13,,2696,7,198,0,2010
207546,0,4,t,40,7,833,13,,2696,7,141,0,2010
207547,0,6,t,27,8,833,13,,2696,7,182,0,2010
207548,0,8,t,10,9,833,13,,2696,7,195,0,2010
207549,0,13,t,0,10,833,13,,2696,7,202,0,2010
207550,0,14,t,0,11,833,13,,2696,7,200,0,2010
207551,0,14,t,0,12,833,13,,2696,7,201,0,2010
207552,0,1,t,350,1,834,14,,2703,7,191,6,2010
207553,0,1,t,347,2,834,14,,2703,7,117,5,2010
207554,0,1,t,290,3,834,14,,2703,7,6,3,2010
207555,0,3,t,158,4,834,14,,2703,7,48,0,2010
207556,0,2,t,127,5,834,14,,2703,7,152,0,2010
207557,0,5,t,58,6,834,14,,2703,7,198,0,2010
207558,0,4,t,47,7,834,14,,2703,7,141,0,2010
207559,0,6,t,27,8,834,14,,2703,7,182,0,2010
207560,0,8,t,10,9,834,14,,2703,7,195,0,2010
207561,0,13,t,0,10,834,14,,2703,7,202,0,2010
207562,0,14,t,0,11,834,14,,2703,7,200,0,2010
207563,0,14,t,0,12,834,14,,2703,7,201,0,2010
207564,0,1,t,383,1,835,15,,2710,7,191,6,2010
207565,0,1,t,359,2,835,15,,2710,7,117,5,2010
207566,0,1,t,319,3,835,15,,2710,7,6,4,2010
207567,0,3,t,168,4,835,15,,2710,7,48,0,2010
207568,0,2,t,133,5,835,15,,2710,7,152,0,2010
207569,0,5,t,60,6,835,15,,2710,7,198,0,2010
207570,0,4,t,56,7,835,15,,2710,7,141,0,2010
207571,0,6,t,27,8,835,15,,2710,7,182,0,2010
207572,0,8,t,10,9,835,15,,2710,7,195,0,2010
207573,0,13,t,0,10,835,15,,2710,7,202,0,2010
207574,0,14,t,0,11,835,15,,2710,7,200,0,2010
207575,0,14,t,0,12,835,15,,2710,7,201,0,2010
207576,0,1,t,426,1,836,16,,2717,7,191,7,2010
207577,0,1,t,381,2,836,16,,2717,7,117,5,2010
207578,0,1,t,334,3,836,16,,2717,7,6,4,2010
207579,0,3,t,176,4,836,16,,2717,7,48,0,2010
207580,0,2,t,133,5,836,16,,2717,7,152,0,2010
207581,0,5,t,60,6,836,16,,2717,7,198,0,2010
207582,0,4,t,58,7,836,16,,2717,7,141,0,2010
207583,0,6,t,37,8,836,16,,2717,7,182,0,2010
207584,0,8,t,11,9,836,16,,2717,7,195,0,2010
207585,0,12,t,0,10,836,16,,2717,7,202,0,2010
207586,0,14,t,0,11,836,16,,2717,7,200,0,2010
207587,0,14,t,0,12,836,16,,2717,7,201,0,2010
207588,0,1,t,426,1,837,17,,2724,7,191,7,2010
207589,0,1,t,399,2,837,17,,2724,7,117,5,2010
207590,0,1,t,374,3,837,17,,2724,7,6,5,2010
207591,0,3,t,188,4,837,17,,2724,7,48,0,2010
207592,0,2,t,143,5,837,17,,2724,7,152,0,2010
207593,0,5,t,68,6,837,17,,2724,7,198,0,2010
207594,0,4,t,65,7,837,17,,2724,7,141,0,2010
207595,0,6,t,43,8,837,17,,2724,7,182,0,2010
207596,0,8,t,11,9,837,17,,2724,7,195,0,2010
207597,0,12,t,0,10,837,17,,2724,7,202,0,2010
207598,0,14,t,0,11,837,17,,2724,7,200,0,2010
207599,0,14,t,0,12,837,17,,2724,7,201,0,2010
207600,0,1,t,469,1,838,18,,2731,7,191,8,2010
207601,0,1,t,421,2,838,18,,2731,7,117,5,2010
207602,0,1,t,389,3,838,18,,2731,7,6,5,2010
207603,0,3,t,202,4,838,18,,2731,7,48,0,2010
207604,0,2,t,145,5,838,18,,2731,7,152,0,2010
207605,0,4,t,69,6,838,18,,2731,7,141,0,2010
207606,0,5,t,68,7,838,18,,2731,7,198,0,2010
207607,0,6,t,44,8,838,18,,2731,7,182,0,2010
207608,0,8,t,11,9,838,18,,2731,7,195,0,2010
207609,0,12,t,0,10,838,18,,2731,7,202,0,2010
207610,0,14,t,0,11,838,18,,2731,7,200,0,2010
207611,0,14,t,0,12,838,18,,2731,7,201,0,2010
207612,0,1,t,498,1,839,19,61,2738,7,191,9,2010
207613,0,1,t,454,2,839,19,61,2738,7,117,5,2010
207614,0,1,t,396,3,839,19,61,2738,7,6,5,2010
207615,0,3,t,214,4,839,19,61,2738,7,48,0,2010
207616,0,2,t,163,5,839,19,61,2738,7,152,0,2010
207617,0,4,t,69,6,839,19,61,2738,7,141,0,2010
207618,0,5,t,68,7,839,19,61,2738,7,198,0,2010
207619,0,6,t,44,8,839,19,61,2738,7,182,0,2010
207620,0,8,t,13,9,839,19,61,2738,7,195,0,2010
207621,0,12,t,0,10,839,19,61,2738,7,202,0,2010
207622,0,14,t,0,11,839,19,61,2738,7,200,0,2010
207623,0,14,t,0,12,839,19,61,2738,7,201,0,2010
207624,0,1,t,35,1,840,1,,2745,7,191,1,2011
207625,0,2,t,26,2,840,1,,2745,7,117,0,2011
207626,0,4,t,18,3,840,1,,2745,7,6,0,2011
207627,0,3,t,15,4,840,1,,2745,7,152,0,2011
207628,0,8,t,4,5,840,1,,2745,7,195,0,2011
207629,0,9,t,3,6,840,1,,2745,7,198,0,2011
207630,0,13,t,0,7,840,1,,2745,7,202,0,2011
207631,0,14,t,0,8,840,1,,2745,7,201,0,2011
207632,0,,f,0,,840,1,,2745,7,141,0,2011
207633,0,,f,0,,840,1,,2745,7,48,0,2011
207634,0,,f,0,,840,1,,2745,7,182,0,2011
207635,0,1,t,72,1,841,2,,2752,7,191,2,2011
207636,0,2,t,48,2,841,2,,2752,7,117,0,2011
207637,0,4,t,36,3,841,2,,2752,7,6,0,2011
207638,0,3,t,30,4,841,2,,2752,7,152,0,2011
207639,0,7,t,6,5,841,2,,2752,7,182,0,2011
207640,0,8,t,4,6,841,2,,2752,7,195,0,2011
207641,0,9,t,4,7,841,2,,2752,7,198,0,2011
207642,0,9,t,2,8,841,2,,2752,7,48,0,2011
207643,0,13,t,0,9,841,2,,2752,7,202,0,2011
207644,0,14,t,0,10,841,2,,2752,7,201,0,2011
207645,0,,f,0,,841,2,,2752,7,141,0,2011
207646,0,,f,0,,841,2,,2752,7,200,0,2011
207647,0,1,t,105,1,842,3,,2759,7,191,2,2011
207648,0,1,t,85,2,842,3,,2759,7,117,1,2011
207649,0,4,t,50,3,842,3,,2759,7,6,0,2011
207650,0,3,t,32,4,842,3,,2759,7,152,0,2011
207651,0,5,t,16,5,842,3,,2759,7,48,0,2011
207652,0,7,t,7,6,842,3,,2759,7,182,0,2011
207653,0,8,t,4,7,842,3,,2759,7,195,0,2011
207654,0,9,t,4,8,842,3,,2759,7,198,0,2011
207655,0,13,t,0,9,842,3,,2759,7,202,0,2011
207656,0,13,t,0,10,842,3,,2759,7,141,0,2011
207657,0,14,t,0,11,842,3,,2759,7,201,0,2011
207658,0,22,t,0,12,842,3,,2759,7,200,0,2011
207659,0,1,t,148,1,843,4,,2766,7,191,3,2011
207660,0,1,t,105,2,843,4,,2766,7,117,1,2011
207661,0,3,t,65,3,843,4,,2766,7,6,0,2011
207662,0,3,t,42,4,843,4,,2766,7,152,0,2011
207663,0,5,t,26,5,843,4,,2766,7,48,0,2011
207664,0,7,t,8,6,843,4,,2766,7,182,0,2011
207665,0,8,t,6,7,843,4,,2766,7,195,0,2011
207666,0,9,t,4,8,843,4,,2766,7,198,0,2011
207667,0,13,t,0,9,843,4,,2766,7,202,0,2011
207668,0,13,t,0,10,843,4,,2766,7,141,0,2011
207669,0,14,t,0,11,843,4,,2766,7,201,0,2011
207670,0,21,t,0,12,843,4,,2766,7,200,0,2011
207671,0,1,t,185,1,844,5,,2773,7,191,4,2011
207672,0,1,t,138,2,844,5,,2773,7,117,1,2011
207673,0,3,t,75,3,844,5,,2773,7,6,0,2011
207674,0,3,t,46,4,844,5,,2773,7,152,0,2011
207675,0,5,t,40,5,844,5,,2773,7,48,0,2011
207676,0,7,t,11,6,844,5,,2773,7,182,0,2011
207677,0,8,t,6,7,844,5,,2773,7,195,0,2011
207678,0,9,t,4,8,844,5,,2773,7,198,0,2011
207679,0,13,t,0,9,844,5,,2773,7,141,0,2011
207680,0,13,t,0,10,844,5,,2773,7,202,0,2011
207681,0,14,t,0,11,844,5,,2773,7,201,0,2011
207682,0,21,t,0,12,844,5,,2773,7,200,0,2011
207683,0,1,t,222,1,845,6,,2780,7,191,5,2011
207684,0,1,t,161,2,845,6,,2780,7,117,1,2011
207685,0,2,t,93,3,845,6,,2780,7,6,0,2011
207686,0,3,t,50,4,845,6,,2780,7,152,0,2011
207687,0,5,t,40,5,845,6,,2780,7,48,0,2011
207688,0,5,t,21,6,845,6,,2780,7,182,0,2011
207689,0,7,t,10,7,845,6,,2780,7,198,0,2011
207690,0,8,t,7,8,845,6,,2780,7,195,0,2011
207691,0,9,t,2,9,845,6,,2780,7,141,0,2011
207692,0,13,t,0,10,845,6,,2780,7,202,0,2011
207693,0,14,t,0,11,845,6,,2780,7,201,0,2011
207694,0,16,t,0,12,845,6,,2780,7,200,0,2011
207695,0,1,t,255,1,846,7,,2787,7,191,5,2011
207696,0,1,t,186,2,846,7,,2787,7,117,2,2011
207697,0,2,t,101,3,846,7,,2787,7,6,0,2011
207698,0,3,t,60,4,846,7,,2787,7,152,0,2011
207699,0,4,t,52,5,846,7,,2787,7,48,0,2011
207700,0,5,t,27,6,846,7,,2787,7,182,0,2011
207701,0,8,t,12,7,846,7,,2787,7,195,0,2011
207702,0,7,t,10,8,846,7,,2787,7,198,0,2011
207703,0,9,t,4,9,846,7,,2787,7,141,0,2011
207704,0,13,t,0,10,846,7,,2787,7,202,0,2011
207705,0,13,t,0,11,846,7,,2787,7,200,0,2011
207706,0,14,t,0,12,846,7,,2787,7,201,0,2011
207707,0,1,t,295,1,847,8,,2794,7,191,6,2011
207708,0,1,t,206,2,847,8,,2794,7,117,2,2011
207709,0,2,t,129,3,847,8,,2794,7,6,0,2011
207710,0,3,t,61,4,847,8,,2794,7,152,0,2011
207711,0,4,t,58,5,847,8,,2794,7,48,0,2011
207712,0,5,t,27,6,847,8,,2794,7,182,0,2011
207713,0,8,t,16,7,847,8,,2794,7,195,0,2011
207714,0,7,t,12,8,847,8,,2794,7,198,0,2011
207715,0,9,t,4,9,847,8,,2794,7,141,0,2011
207716,0,13,t,0,10,847,8,,2794,7,202,0,2011
207717,0,13,t,0,11,847,8,,2794,7,200,0,2011
207718,0,14,t,0,12,847,8,,2794,7,201,0,2011
207719,0,1,t,328,1,848,9,,2801,7,191,6,2011
207720,0,1,t,218,2,848,9,,2801,7,117,2,2011
207721,0,1,t,164,3,848,9,,2801,7,6,1,2011
207722,0,4,t,68,4,848,9,,2801,7,48,0,2011
207723,0,3,t,65,5,848,9,,2801,7,152,0,2011
207724,0,5,t,33,6,848,9,,2801,7,182,0,2011
207725,0,8,t,17,7,848,9,,2801,7,195,0,2011
207726,0,7,t,12,8,848,9,,2801,7,198,0,2011
207727,0,9,t,4,9,848,9,,2801,7,141,0,2011
207728,0,13,t,0,10,848,9,,2801,7,202,0,2011
207729,0,13,t,0,11,848,9,,2801,7,200,0,2011
207730,0,14,t,0,12,848,9,,2801,7,201,0,2011
207731,0,1,t,355,1,849,10,,2808,7,191,6,2011
207732,0,1,t,243,2,849,10,,2808,7,117,3,2011
207733,0,1,t,192,3,849,10,,2808,7,6,1,2011
207734,0,4,t,78,4,849,10,,2808,7,48,0,2011
207735,0,3,t,66,5,849,10,,2808,7,152,0,2011
207736,0,5,t,35,6,849,10,,2808,7,182,0,2011
207737,0,6,t,20,7,849,10,,2808,7,198,0,2011
207738,0,8,t,17,8,849,10,,2808,7,195,0,2011
207739,0,9,t,4,9,849,10,,2808,7,141,0,2011
207740,0,13,t,0,10,849,10,,2808,7,202,0,2011
207741,0,13,t,0,11,849,10,,2808,7,200,0,2011
207742,0,14,t,0,12,849,10,,2808,7,201,0,2011
207743,0,1,t,383,1,850,11,,2815,7,191,6,2011
207744,0,1,t,280,2,850,11,,2815,7,117,4,2011
207745,0,1,t,215,3,850,11,,2815,7,6,1,2011
207746,0,4,t,80,4,850,11,,2815,7,48,0,2011
207747,0,3,t,66,5,850,11,,2815,7,152,0,2011
207748,0,5,t,35,6,850,11,,2815,7,182,0,2011
207749,0,6,t,26,7,850,11,,2815,7,198,0,2011
207750,0,8,t,22,8,850,11,,2815,7,195,0,2011
207751,0,9,t,4,9,850,11,,2815,7,141,0,2011
207752,0,13,t,0,10,850,11,,2815,7,202,0,2011
207753,0,13,t,0,11,850,11,,2815,7,200,0,2011
207754,0,14,t,0,12,850,11,,2815,7,201,0,2011
207755,0,1,t,426,1,851,12,,2822,7,191,7,2011
207756,0,1,t,295,2,851,12,,2822,7,117,4,2011
207757,0,1,t,231,3,851,12,,2822,7,6,1,2011
207758,0,4,t,98,4,851,12,,2822,7,48,0,2011
207759,0,3,t,68,5,851,12,,2822,7,152,0,2011
207760,0,5,t,35,6,851,12,,2822,7,182,0,2011
207761,0,6,t,32,7,851,12,,2822,7,198,0,2011
207762,0,8,t,22,8,851,12,,2822,7,195,0,2011
207763,0,9,t,5,9,851,12,,2822,7,141,0,2011
207764,0,13,t,0,10,851,12,,2822,7,202,0,2011
207765,0,13,t,0,11,851,12,,2822,7,200,0,2011
207766,0,14,t,0,12,851,12,,2822,7,201,0,2011
207767,0,1,t,451,1,852,13,,2829,7,191,8,2011
207768,0,1,t,325,2,852,13,,2829,7,117,4,2011
207769,0,1,t,254,3,852,13,,2829,7,6,1,2011
207770,0,4,t,108,4,852,13,,2829,7,48,0,2011
207771,0,3,t,70,5,852,13,,2829,7,152,0,2011
207772,0,6,t,36,6,852,13,,2829,7,198,0,2011
207773,0,5,t,35,7,852,13,,2829,7,182,0,2011
207774,0,7,t,29,8,852,13,,2829,7,195,0,2011
207775,0,9,t,5,9,852,13,,2829,7,141,0,2011
207776,0,13,t,0,10,852,13,,2829,7,202,0,2011
207777,0,13,t,0,11,852,13,,2829,7,200,0,2011
207778,0,14,t,0,12,852,13,,2829,7,201,0,2011
207779,0,1,t,491,1,853,14,,2836,7,191,9,2011
207780,0,1,t,353,2,853,14,,2836,7,117,4,2011
207781,0,1,t,268,3,853,14,,2836,7,6,1,2011
207782,0,4,t,114,4,853,14,,2836,7,48,0,2011
207783,0,3,t,70,5,853,14,,2836,7,152,0,2011
207784,0,6,t,48,6,853,14,,2836,7,198,0,2011
207785,0,5,t,36,7,853,14,,2836,7,182,0,2011
207786,0,7,t,29,8,853,14,,2836,7,195,0,2011
207787,0,9,t,5,9,853,14,,2836,7,141,0,2011
207788,0,13,t,0,10,853,14,,2836,7,202,0,2011
207789,0,13,t,0,11,853,14,,2836,7,200,0,2011
207790,0,14,t,0,12,853,14,,2836,7,201,0,2011
207791,0,1,t,518,1,854,15,,2843,7,191,9,2011
207792,0,1,t,388,2,854,15,,2843,7,117,5,2011
207793,0,1,t,292,3,854,15,,2843,7,6,1,2011
207794,0,4,t,123,4,854,15,,2843,7,48,0,2011
207795,0,3,t,72,5,854,15,,2843,7,152,0,2011
207796,0,6,t,48,6,854,15,,2843,7,198,0,2011
207797,0,5,t,40,7,854,15,,2843,7,182,0,2011
207798,0,7,t,29,8,854,15,,2843,7,195,0,2011
207799,0,9,t,5,9,854,15,,2843,7,141,0,2011
207800,0,13,t,0,10,854,15,,2843,7,202,0,2011
207801,0,13,t,0,11,854,15,,2843,7,200,0,2011
207802,0,14,t,0,12,854,15,,2843,7,201,0,2011
207803,0,1,t,558,1,855,16,,2850,7,191,10,2011
207804,0,1,t,418,2,855,16,,2850,7,117,5,2011
207805,0,1,t,310,3,855,16,,2850,7,6,1,2011
207806,0,4,t,127,4,855,16,,2850,7,48,0,2011
207807,0,3,t,72,5,855,16,,2850,7,152,0,2011
207808,0,6,t,49,6,855,16,,2850,7,198,0,2011
207809,0,5,t,40,7,855,16,,2850,7,182,0,2011
207810,0,7,t,37,8,855,16,,2850,7,195,0,2011
207811,0,9,t,5,9,855,16,,2850,7,141,0,2011
207812,0,13,t,0,10,855,16,,2850,7,202,0,2011
207813,0,13,t,0,11,855,16,,2850,7,200,0,2011
207814,0,14,t,0,12,855,16,,2850,7,201,0,2011
207815,0,1,t,595,1,856,17,,2857,7,191,11,2011
207816,0,1,t,442,2,856,17,,2857,7,117,5,2011
207817,0,1,t,325,3,856,17,,2857,7,6,1,2011
207818,0,4,t,145,4,856,17,,2857,7,48,0,2011
207819,0,3,t,72,5,856,17,,2857,7,152,0,2011
207820,0,6,t,51,6,856,17,,2857,7,198,0,2011
207821,0,5,t,41,7,856,17,,2857,7,182,0,2011
207822,0,7,t,41,8,856,17,,2857,7,195,0,2011
207823,0,9,t,5,9,856,17,,2857,7,141,0,2011
207824,0,13,t,0,10,856,17,,2857,7,202,0,2011
207825,0,13,t,0,11,856,17,,2857,7,200,0,2011
207826,0,14,t,0,12,856,17,,2857,7,201,0,2011
207827,0,1,t,607,1,857,18,,2864,7,191,11,2011
207828,0,1,t,482,2,857,18,,2864,7,117,6,2011
207829,0,1,t,353,3,857,18,,2864,7,6,1,2011
207830,0,4,t,159,4,857,18,,2864,7,48,0,2011
207831,0,3,t,72,5,857,18,,2864,7,152,0,2011
207832,0,6,t,57,6,857,18,,2864,7,198,0,2011
207833,0,5,t,42,7,857,18,,2864,7,182,0,2011
207834,0,7,t,41,8,857,18,,2864,7,195,0,2011
207835,0,9,t,5,9,857,18,,2864,7,141,0,2011
207836,0,13,t,0,10,857,18,,2864,7,202,0,2011
207837,0,13,t,0,11,857,18,,2864,7,200,0,2011
207838,0,14,t,0,12,857,18,,2864,7,201,0,2011
207839,0,1,t,650,1,858,19,62,2871,7,191,12,2011
207840,0,1,t,497,2,858,19,62,2871,7,117,6,2011
207841,0,1,t,375,3,858,19,62,2871,7,6,1,2011
207842,0,4,t,165,4,858,19,62,2871,7,48,0,2011
207843,0,3,t,73,5,858,19,62,2871,7,152,0,2011
207844,0,6,t,69,6,858,19,62,2871,7,198,0,2011
207845,0,5,t,44,7,858,19,62,2871,7,182,0,2011
207846,0,7,t,41,8,858,19,62,2871,7,195,0,2011
207847,0,9,t,5,9,858,19,62,2871,7,141,0,2011
207848,0,13,t,0,10,858,19,62,2871,7,202,0,2011
207849,0,13,t,0,11,858,19,62,2871,7,200,0,2011
207850,0,14,t,0,12,858,19,62,2871,7,201,0,2011
207851,0,1,t,40,1,859,1,,2878,7,117,1,2012
207852,0,2,t,30,2,859,1,,2878,7,191,0,2012
207853,0,6,t,12,3,859,1,,2878,7,182,0,2012
207854,0,5,t,10,4,859,1,,2878,7,6,0,2012
207855,0,7,t,6,5,859,1,,2878,7,204,0,2012
207856,0,9,t,2,6,859,1,,2878,7,195,0,2012
207857,0,10,t,1,7,859,1,,2878,7,198,0,2012
207858,0,12,t,0,8,859,1,,2878,7,48,0,2012
207859,0,13,t,0,9,859,1,,2878,7,141,0,2012
207860,0,14,t,0,10,859,1,,2878,7,205,0,2012
207861,0,,f,0,,859,1,,2878,7,203,0,2012
207862,0,1,t,55,1,860,2,,2885,7,117,1,2012
207863,0,2,t,42,2,860,2,,2885,7,191,0,2012
207864,0,1,t,35,3,860,2,,2885,7,6,1,2012
207865,0,2,t,30,4,860,2,,2885,7,182,0,2012
207866,0,5,t,16,5,860,2,,2885,7,204,0,2012
207867,0,7,t,9,6,860,2,,2885,7,198,0,2012
207868,0,6,t,8,7,860,2,,2885,7,141,0,2012
207869,0,8,t,6,8,860,2,,2885,7,195,0,2012
207870,0,10,t,1,9,860,2,,2885,7,48,0,2012
207871,0,14,t,0,10,860,2,,2885,7,205,0,2012
207872,0,16,t,0,11,860,2,,2885,7,203,0,2012
207873,0,21,t,0,12,860,2,,2885,7,200,0,2012
207874,0,1,t,88,1,861,3,,2892,7,117,1,2012
207875,0,2,t,64,2,861,3,,2892,7,191,0,2012
207876,0,1,t,37,3,861,3,,2892,7,6,1,2012
207877,0,2,t,31,4,861,3,,2892,7,182,0,2012
207878,0,1,t,26,5,861,3,,2892,7,48,1,2012
207879,0,5,t,24,6,861,3,,2892,7,204,0,2012
207880,0,6,t,18,7,861,3,,2892,7,141,0,2012
207881,0,7,t,9,8,861,3,,2892,7,198,0,2012
207882,0,8,t,6,9,861,3,,2892,7,195,0,2012
207883,0,14,t,0,10,861,3,,2892,7,205,0,2012
207884,0,16,t,0,11,861,3,,2892,7,203,0,2012
207885,0,21,t,0,12,861,3,,2892,7,200,0,2012
207886,0,1,t,101,1,862,4,,2899,7,191,1,2012
207887,0,1,t,92,2,862,4,,2899,7,117,1,2012
207888,0,2,t,57,3,862,4,,2899,7,204,0,2012
207889,0,1,t,45,4,862,4,,2899,7,6,1,2012
207890,0,1,t,37,5,862,4,,2899,7,48,1,2012
207891,0,2,t,31,6,862,4,,2899,7,182,0,2012
207892,0,6,t,18,7,862,4,,2899,7,141,0,2012
207893,0,6,t,17,8,862,4,,2899,7,198,0,2012
207894,0,8,t,6,9,862,4,,2899,7,195,0,2012
207895,0,14,t,0,10,862,4,,2899,7,205,0,2012
207896,0,16,t,0,11,862,4,,2899,7,203,0,2012
207897,0,20,t,0,12,862,4,,2899,7,200,0,2012
207898,0,1,t,109,1,863,5,,2906,7,191,1,2012
207899,0,1,t,98,2,863,5,,2906,7,117,1,2012
207900,0,2,t,84,3,863,5,,2906,7,204,0,2012
207901,0,1,t,63,4,863,5,,2906,7,6,1,2012
207902,0,1,t,43,5,863,5,,2906,7,48,1,2012
207903,0,1,t,43,6,863,5,,2906,7,141,1,2012
207904,0,2,t,41,7,863,5,,2906,7,182,0,2012
207905,0,6,t,18,8,863,5,,2906,7,198,0,2012
207906,0,8,t,6,9,863,5,,2906,7,195,0,2012
207907,0,14,t,0,10,863,5,,2906,7,205,0,2012
207908,0,16,t,0,11,863,5,,2906,7,203,0,2012
207909,0,19,t,0,12,863,5,,2906,7,200,0,2012
207910,0,1,t,146,1,864,6,,2913,7,191,2,2012
207911,0,1,t,108,2,864,6,,2913,7,117,1,2012
207912,0,1,t,86,3,864,6,,2913,7,6,1,2012
207913,0,2,t,86,4,864,6,,2913,7,204,0,2012
207914,0,1,t,61,5,864,6,,2913,7,48,1,2012
207915,0,1,t,44,6,864,6,,2913,7,141,1,2012
207916,0,2,t,41,7,864,6,,2913,7,182,0,2012
207917,0,6,t,28,8,864,6,,2913,7,198,0,2012
207918,0,8,t,6,9,864,6,,2913,7,195,0,2012
207919,0,13,t,0,10,864,6,,2913,7,203,0,2012
207920,0,14,t,0,11,864,6,,2913,7,205,0,2012
207921,0,15,t,0,12,864,6,,2913,7,200,0,2012
207922,0,1,t,164,1,865,7,,2920,7,191,2,2012
207923,0,1,t,133,2,865,7,,2920,7,117,2,2012
207924,0,2,t,108,3,865,7,,2920,7,204,0,2012
207925,0,1,t,97,4,865,7,,2920,7,6,1,2012
207926,0,1,t,69,5,865,7,,2920,7,48,1,2012
207927,0,2,t,58,6,865,7,,2920,7,182,0,2012
207928,0,1,t,44,7,865,7,,2920,7,141,1,2012
207929,0,6,t,28,8,865,7,,2920,7,198,0,2012
207930,0,8,t,6,9,865,7,,2920,7,195,0,2012
207931,0,13,t,0,10,865,7,,2920,7,203,0,2012
207932,0,14,t,0,11,865,7,,2920,7,205,0,2012
207933,0,15,t,0,12,865,7,,2920,7,200,0,2012
207934,0,1,t,176,1,866,8,,2927,7,191,2,2012
207935,0,1,t,137,2,866,8,,2927,7,117,2,2012
207936,0,2,t,126,3,866,8,,2927,7,204,0,2012
207937,0,1,t,122,4,866,8,,2927,7,6,2,2012
207938,0,1,t,92,5,866,8,,2927,7,48,1,2012
207939,0,2,t,60,6,866,8,,2927,7,182,0,2012
207940,0,1,t,45,7,866,8,,2927,7,141,1,2012
207941,0,5,t,44,8,866,8,,2927,7,198,0,2012
207942,0,8,t,6,9,866,8,,2927,7,195,0,2012
207943,0,13,t,0,10,866,8,,2927,7,203,0,2012
207944,0,14,t,0,11,866,8,,2927,7,205,0,2012
207945,0,15,t,0,12,866,8,,2927,7,200,0,2012
207946,0,1,t,216,1,867,9,,2934,7,191,3,2012
207947,0,1,t,152,2,867,9,,2934,7,6,2,2012
207948,0,2,t,144,3,867,9,,2934,7,204,0,2012
207949,0,1,t,142,4,867,9,,2934,7,117,2,2012
207950,0,1,t,98,5,867,9,,2934,7,48,1,2012
207951,0,2,t,60,6,867,9,,2934,7,182,0,2012
207952,0,1,t,47,7,867,9,,2934,7,141,1,2012
207953,0,5,t,44,8,867,9,,2934,7,198,0,2012
207954,0,8,t,6,9,867,9,,2934,7,195,0,2012
207955,0,13,t,0,10,867,9,,2934,7,203,0,2012
207956,0,14,t,0,11,867,9,,2934,7,205,0,2012
207957,0,15,t,0,12,867,9,,2934,7,200,0,2012
207958,0,1,t,230,1,868,10,,2941,7,191,3,2012
207959,0,1,t,177,2,868,10,,2941,7,6,3,2012
207960,0,1,t,160,3,868,10,,2941,7,117,2,2012
207961,0,2,t,159,4,868,10,,2941,7,204,0,2012
207962,0,1,t,105,5,868,10,,2941,7,48,1,2012
207963,0,2,t,80,6,868,10,,2941,7,182,0,2012
207964,0,1,t,47,7,868,10,,2941,7,141,1,2012
207965,0,5,t,46,8,868,10,,2941,7,198,0,2012
207966,0,8,t,6,9,868,10,,2941,7,195,0,2012
207967,0,13,t,0,10,868,10,,2941,7,203,0,2012
207968,0,14,t,0,11,868,10,,2941,7,205,0,2012
207969,0,15,t,0,12,868,10,,2941,7,200,0,2012
207970,0,1,t,246,1,869,11,,2948,7,191,3,2012
207971,0,1,t,193,2,869,11,,2948,7,117,3,2012
207972,0,2,t,192,3,869,11,,2948,7,204,0,2012
207973,0,1,t,189,4,869,11,,2948,7,6,3,2012
207974,0,1,t,106,5,869,11,,2948,7,48,1,2012
207975,0,2,t,80,6,869,11,,2948,7,182,0,2012
207976,0,1,t,53,7,869,11,,2948,7,141,1,2012
207977,0,5,t,46,8,869,11,,2948,7,198,0,2012
207978,0,8,t,6,9,869,11,,2948,7,195,0,2012
207979,0,13,t,0,10,869,11,,2948,7,203,0,2012
207980,0,14,t,0,11,869,11,,2948,7,205,0,2012
207981,0,15,t,0,12,869,11,,2948,7,200,0,2012
207982,0,1,t,272,1,870,12,,2955,7,191,3,2012
207983,0,1,t,218,2,870,12,,2955,7,117,4,2012
207984,0,2,t,207,3,870,12,,2955,7,204,0,2012
207985,0,1,t,199,4,870,12,,2955,7,6,3,2012
207986,0,1,t,112,5,870,12,,2955,7,48,1,2012
207987,0,2,t,80,6,870,12,,2955,7,182,0,2012
207988,0,4,t,59,7,870,12,,2955,7,198,0,2012
207989,0,1,t,53,8,870,12,,2955,7,141,1,2012
207990,0,8,t,12,9,870,12,,2955,7,195,0,2012
207991,0,13,t,0,10,870,12,,2955,7,203,0,2012
207992,0,14,t,0,11,870,12,,2955,7,205,0,2012
207993,0,15,t,0,12,870,12,,2955,7,200,0,2012
207994,0,1,t,272,1,871,13,,2962,7,191,3,2012
207995,0,1,t,243,2,871,13,,2962,7,117,5,2012
207996,0,1,t,226,3,871,13,,2962,7,6,3,2012
207997,0,2,t,217,4,871,13,,2962,7,204,0,2012
207998,0,1,t,126,5,871,13,,2962,7,48,1,2012
207999,0,2,t,100,6,871,13,,2962,7,182,0,2012
208000,0,4,t,63,7,871,13,,2962,7,198,0,2012
208001,0,1,t,54,8,871,13,,2962,7,141,1,2012
208002,0,8,t,12,9,871,13,,2962,7,195,0,2012
208003,0,13,t,0,10,871,13,,2962,7,203,0,2012
208004,0,14,t,0,11,871,13,,2962,7,205,0,2012
208005,0,15,t,0,12,871,13,,2962,7,200,0,2012
208006,0,1,t,297,1,872,14,,2969,7,191,4,2012
208007,0,1,t,261,2,872,14,,2969,7,117,5,2012
208008,0,1,t,245,3,872,14,,2969,7,6,3,2012
208009,0,2,t,231,4,872,14,,2969,7,204,0,2012
208010,0,1,t,136,5,872,14,,2969,7,48,1,2012
208011,0,2,t,101,6,872,14,,2969,7,182,0,2012
208012,0,4,t,75,7,872,14,,2969,7,198,0,2012
208013,0,1,t,54,8,872,14,,2969,7,141,1,2012
208014,0,8,t,14,9,872,14,,2969,7,195,0,2012
208015,0,12,t,0,10,872,14,,2969,7,205,0,2012
208016,0,13,t,0,11,872,14,,2969,7,203,0,2012
208017,0,15,t,0,12,872,14,,2969,7,200,0,2012
208018,0,1,t,324,1,873,15,,2976,7,191,5,2012
208019,0,1,t,283,2,873,15,,2976,7,117,5,2012
208020,0,1,t,263,3,873,15,,2976,7,6,3,2012
208021,0,2,t,239,4,873,15,,2976,7,204,0,2012
208022,0,1,t,136,5,873,15,,2976,7,48,1,2012
208023,0,2,t,116,6,873,15,,2976,7,182,0,2012
208024,0,4,t,81,7,873,15,,2976,7,198,0,2012
208025,0,1,t,58,8,873,15,,2976,7,141,1,2012
208026,0,8,t,15,9,873,15,,2976,7,195,0,2012
208027,0,12,t,0,10,873,15,,2976,7,205,0,2012
208028,0,13,t,0,11,873,15,,2976,7,203,0,2012
208029,0,15,t,0,12,873,15,,2976,7,200,0,2012
208030,0,1,t,367,1,874,16,,2983,7,191,6,2012
208031,0,1,t,290,2,874,16,,2983,7,6,3,2012
208032,0,1,t,284,3,874,16,,2983,7,117,5,2012
208033,0,2,t,255,4,874,16,,2983,7,204,0,2012
208034,0,1,t,136,5,874,16,,2983,7,48,1,2012
208035,0,2,t,116,6,874,16,,2983,7,182,0,2012
208036,0,4,t,89,7,874,16,,2983,7,198,0,2012
208037,0,1,t,58,8,874,16,,2983,7,141,1,2012
208038,0,8,t,21,9,874,16,,2983,7,195,0,2012
208039,0,12,t,0,10,874,16,,2983,7,205,0,2012
208040,0,13,t,0,11,874,16,,2983,7,203,0,2012
208041,0,15,t,0,12,874,16,,2983,7,200,0,2012
208042,0,1,t,407,1,875,17,,2990,7,191,7,2012
208043,0,1,t,316,2,875,17,,2990,7,6,3,2012
208044,0,1,t,306,3,875,17,,2990,7,117,5,2012
208045,0,2,t,263,4,875,17,,2990,7,204,0,2012
208046,0,1,t,136,5,875,17,,2990,7,48,1,2012
208047,0,2,t,116,6,875,17,,2990,7,182,0,2012
208048,0,4,t,93,7,875,17,,2990,7,198,0,2012
208049,0,1,t,59,8,875,17,,2990,7,141,1,2012
208050,0,8,t,21,9,875,17,,2990,7,195,0,2012
208051,0,12,t,0,10,875,17,,2990,7,205,0,2012
208052,0,13,t,0,11,875,17,,2990,7,203,0,2012
208053,0,15,t,0,12,875,17,,2990,7,200,0,2012
208054,0,1,t,422,1,876,18,,2997,7,191,7,2012
208055,0,1,t,340,2,876,18,,2997,7,6,3,2012
208056,0,1,t,318,3,876,18,,2997,7,117,5,2012
208057,0,1,t,288,4,876,18,,2997,7,204,1,2012
208058,0,1,t,136,5,876,18,,2997,7,48,1,2012
208059,0,2,t,124,6,876,18,,2997,7,182,0,2012
208060,0,4,t,95,7,876,18,,2997,7,198,0,2012
208061,0,1,t,73,8,876,18,,2997,7,141,1,2012
208062,0,8,t,22,9,876,18,,2997,7,195,0,2012
208063,0,12,t,0,10,876,18,,2997,7,205,0,2012
208064,0,13,t,0,11,876,18,,2997,7,203,0,2012
208065,0,15,t,0,12,876,18,,2997,7,200,0,2012
208066,0,1,t,440,1,877,19,,3004,7,191,7,2012
208067,0,1,t,367,2,877,19,,3004,7,6,3,2012
208068,0,1,t,353,3,877,19,,3004,7,117,6,2012
208069,0,1,t,302,4,877,19,,3004,7,204,1,2012
208070,0,1,t,136,5,877,19,,3004,7,48,1,2012
208071,0,2,t,124,6,877,19,,3004,7,182,0,2012
208072,0,4,t,99,7,877,19,,3004,7,198,0,2012
208073,0,1,t,76,8,877,19,,3004,7,141,1,2012
208074,0,8,t,22,9,877,19,,3004,7,195,0,2012
208075,0,12,t,0,10,877,19,,3004,7,205,0,2012
208076,0,13,t,0,11,877,19,,3004,7,203,0,2012
208077,0,15,t,0,12,877,19,,3004,7,200,0,2012
208078,0,1,t,460,1,878,20,63,3011,7,191,7,2012
208079,0,1,t,400,2,878,20,63,3011,7,6,3,2012
208080,0,1,t,378,3,878,20,63,3011,7,117,7,2012
208081,0,1,t,303,4,878,20,63,3011,7,204,1,2012
208082,0,1,t,142,5,878,20,63,3011,7,48,1,2012
208083,0,2,t,126,6,878,20,63,3011,7,182,0,2012
208084,0,4,t,109,7,878,20,63,3011,7,198,0,2012
208085,0,1,t,76,8,878,20,63,3011,7,141,1,2012
208086,0,8,t,26,9,878,20,63,3011,7,195,0,2012
208087,0,11,t,0,10,878,20,63,3011,7,203,0,2012
208088,0,12,t,0,11,878,20,63,3011,7,205,0,2012
208089,0,15,t,0,12,878,20,63,3011,7,200,0,2012
208090,0,2,t,30,1,879,1,,3018,7,6,0,2013
208091,0,1,t,26,2,879,1,,3018,7,204,1,2013
208092,0,3,t,23,3,879,1,,3018,7,191,0,2013
208093,0,5,t,10,4,879,1,,3018,7,48,0,2013
208094,0,7,t,10,5,879,1,,3018,7,198,0,2013
208095,0,9,t,2,6,879,1,,3018,7,117,0,2013
208096,0,12,t,0,7,879,1,,3018,7,195,0,2013
208097,0,13,t,0,8,879,1,,3018,7,182,0,2013
208098,0,14,t,0,9,879,1,,3018,7,141,0,2013
208099,0,15,t,0,10,879,1,,3018,7,205,0,2013
208100,0,16,t,0,11,879,1,,3018,7,203,0,2013
208101,0,1,t,66,1,880,2,,3025,7,191,1,2013
208102,0,1,t,40,2,880,2,,3025,7,204,1,2013
208103,0,2,t,40,3,880,2,,3025,7,6,0,2013
208104,0,3,t,37,4,880,2,,3025,7,48,0,2013
208105,0,7,t,10,5,880,2,,3025,7,198,0,2013
208106,0,8,t,4,6,880,2,,3025,7,182,0,2013
208107,0,9,t,4,7,880,2,,3025,7,117,0,2013
208108,0,10,t,1,8,880,2,,3025,7,195,0,2013
208109,0,11,t,0,9,880,2,,3025,7,141,0,2013
208110,0,13,t,0,10,880,2,,3025,7,205,0,2013
208111,0,14,t,0,11,880,2,,3025,7,203,0,2013
208112,0,1,t,78,1,881,3,,3032,7,191,1,2013
208113,0,1,t,73,2,881,3,,3032,7,6,1,2013
208114,0,1,t,60,3,881,3,,3032,7,204,1,2013
208115,0,3,t,52,4,881,3,,3032,7,48,0,2013
208116,0,5,t,14,5,881,3,,3032,7,117,0,2013
208117,0,7,t,14,6,881,3,,3032,7,198,0,2013
208118,0,7,t,7,7,881,3,,3032,7,195,0,2013
208119,0,8,t,5,8,881,3,,3032,7,182,0,2013
208120,0,11,t,0,9,881,3,,3032,7,141,0,2013
208121,0,13,t,0,10,881,3,,3032,7,205,0,2013
208122,0,14,t,0,11,881,3,,3032,7,203,0,2013
208123,0,1,t,109,1,882,4,,3039,7,191,2,2013
208124,0,1,t,93,2,882,4,,3039,7,204,1,2013
208125,0,1,t,77,3,882,4,,3039,7,6,1,2013
208126,0,3,t,64,4,882,4,,3039,7,48,0,2013
208127,0,4,t,26,5,882,4,,3039,7,198,0,2013
208128,0,5,t,23,6,882,4,,3039,7,117,0,2013
208129,0,7,t,7,7,882,4,,3039,7,195,0,2013
208130,0,8,t,5,8,882,4,,3039,7,182,0,2013
208131,0,11,t,0,9,882,4,,3039,7,141,0,2013
208132,0,13,t,0,10,882,4,,3039,7,205,0,2013
208133,0,14,t,0,11,882,4,,3039,7,203,0,2013
208134,0,1,t,131,1,883,5,,3046,7,191,2,2013
208135,0,1,t,117,2,883,5,,3046,7,6,2,2013
208136,0,1,t,111,3,883,5,,3046,7,204,1,2013
208137,0,3,t,72,4,883,5,,3046,7,48,0,2013
208138,0,4,t,32,5,883,5,,3046,7,198,0,2013
208139,0,5,t,29,6,883,5,,3046,7,117,0,2013
208140,0,7,t,8,7,883,5,,3046,7,195,0,2013
208141,0,8,t,5,8,883,5,,3046,7,182,0,2013
208142,0,11,t,0,9,883,5,,3046,7,141,0,2013
208143,0,13,t,0,10,883,5,,3046,7,205,0,2013
208144,0,14,t,0,11,883,5,,3046,7,203,0,2013
208145,0,1,t,164,1,884,6,,3053,7,191,2,2013
208146,0,1,t,123,2,884,6,,3053,7,6,2,2013
208147,0,1,t,112,3,884,6,,3053,7,204,1,2013
208148,0,1,t,109,4,884,6,,3053,7,48,1,2013
208149,0,4,t,44,5,884,6,,3053,7,198,0,2013
208150,0,5,t,37,6,884,6,,3053,7,117,0,2013
208151,0,7,t,12,7,884,6,,3053,7,195,0,2013
208152,0,8,t,5,8,884,6,,3053,7,182,0,2013
208153,0,11,t,0,9,884,6,,3053,7,141,0,2013
208154,0,13,t,0,10,884,6,,3053,7,205,0,2013
208155,0,14,t,0,11,884,6,,3053,7,203,0,2013
208156,0,1,t,201,1,885,7,,3060,7,191,3,2013
208157,0,1,t,145,2,885,7,,3060,7,6,2,2013
208158,0,1,t,134,3,885,7,,3060,7,48,1,2013
208159,0,1,t,114,4,885,7,,3060,7,204,1,2013
208160,0,4,t,51,5,885,7,,3060,7,198,0,2013
208161,0,5,t,37,6,885,7,,3060,7,117,0,2013
208162,0,6,t,20,7,885,7,,3060,7,195,0,2013
208163,0,8,t,5,8,885,7,,3060,7,182,0,2013
208164,0,11,t,0,9,885,7,,3060,7,141,0,2013
208165,0,13,t,0,10,885,7,,3060,7,205,0,2013
208166,0,14,t,0,11,885,7,,3060,7,203,0,2013
208167,0,1,t,219,1,886,8,,3067,7,191,3,2013
208168,0,1,t,171,2,886,8,,3067,7,48,2,2013
208169,0,1,t,168,3,886,8,,3067,7,6,2,2013
208170,0,1,t,124,4,886,8,,3067,7,204,1,2013
208171,0,4,t,59,5,886,8,,3067,7,198,0,2013
208172,0,5,t,37,6,886,8,,3067,7,117,0,2013
208173,0,6,t,24,7,886,8,,3067,7,195,0,2013
208174,0,8,t,6,8,886,8,,3067,7,182,0,2013
208175,0,11,t,0,9,886,8,,3067,7,141,0,2013
208176,0,13,t,0,10,886,8,,3067,7,205,0,2013
208177,0,14,t,0,11,886,8,,3067,7,203,0,2013
208178,0,1,t,250,1,887,9,,3074,7,191,4,2013
208179,0,1,t,183,2,887,9,,3074,7,48,2,2013
208180,0,1,t,180,3,887,9,,3074,7,6,2,2013
208181,0,1,t,157,4,887,9,,3074,7,204,1,2013
208182,0,4,t,59,5,887,9,,3074,7,198,0,2013
208183,0,5,t,49,6,887,9,,3074,7,117,0,2013
208184,0,6,t,24,7,887,9,,3074,7,195,0,2013
208185,0,8,t,7,8,887,9,,3074,7,182,0,2013
208186,0,11,t,0,9,887,9,,3074,7,141,0,2013
208187,0,13,t,0,10,887,9,,3074,7,205,0,2013
208188,0,14,t,0,11,887,9,,3074,7,203,0,2013
208189,0,1,t,277,1,888,10,,3081,7,191,4,2013
208190,0,1,t,208,2,888,10,,3081,7,48,3,2013
208191,0,1,t,194,3,888,10,,3081,7,6,2,2013
208192,0,1,t,183,4,888,10,,3081,7,204,1,2013
208193,0,4,t,59,5,888,10,,3081,7,198,0,2013
208194,0,5,t,57,6,888,10,,3081,7,117,0,2013
208195,0,6,t,24,7,888,10,,3081,7,195,0,2013
208196,0,8,t,7,8,888,10,,3081,7,182,0,2013
208197,0,10,t,1,9,888,10,,3081,7,141,0,2013
208198,0,13,t,0,10,888,10,,3081,7,205,0,2013
208199,0,14,t,0,11,888,10,,3081,7,203,0,2013
208200,0,1,t,312,1,889,11,,3088,7,191,5,2013
208201,0,1,t,235,2,889,11,,3088,7,48,3,2013
208202,0,1,t,218,3,889,11,,3088,7,6,2,2013
208203,0,1,t,187,4,889,11,,3088,7,204,1,2013
208204,0,5,t,65,5,889,11,,3088,7,117,0,2013
208205,0,4,t,61,6,889,11,,3088,7,198,0,2013
208206,0,6,t,25,7,889,11,,3088,7,195,0,2013
208207,0,8,t,7,8,889,11,,3088,7,182,0,2013
208208,0,10,t,1,9,889,11,,3088,7,141,0,2013
208209,0,13,t,0,10,889,11,,3088,7,205,0,2013
208210,0,14,t,0,11,889,11,,3088,7,203,0,2013
208211,0,1,t,352,1,890,12,,3095,7,191,6,2013
208212,0,1,t,248,2,890,12,,3095,7,6,2,2013
208213,0,1,t,245,3,890,12,,3095,7,48,3,2013
208214,0,1,t,191,4,890,12,,3095,7,204,1,2013
208215,0,5,t,66,5,890,12,,3095,7,117,0,2013
208216,0,4,t,61,6,890,12,,3095,7,198,0,2013
208217,0,6,t,31,7,890,12,,3095,7,195,0,2013
208218,0,5,t,17,8,890,12,,3095,7,182,0,2013
208219,0,10,t,1,9,890,12,,3095,7,141,0,2013
208220,0,13,t,0,10,890,12,,3095,7,205,0,2013
208221,0,14,t,0,11,890,12,,3095,7,203,0,2013
208222,0,1,t,377,1,891,13,,3102,7,191,7,2013
208223,0,1,t,274,2,891,13,,3102,7,6,2,2013
208224,0,1,t,267,3,891,13,,3102,7,48,3,2013
208225,0,1,t,206,4,891,13,,3102,7,204,1,2013
208226,0,5,t,76,5,891,13,,3102,7,117,0,2013
208227,0,4,t,62,6,891,13,,3102,7,198,0,2013
208228,0,6,t,31,7,891,13,,3102,7,195,0,2013
208229,0,5,t,19,8,891,13,,3102,7,182,0,2013
208230,0,10,t,1,9,891,13,,3102,7,141,0,2013
208231,0,13,t,0,10,891,13,,3102,7,205,0,2013
208232,0,14,t,0,11,891,13,,3102,7,203,0,2013
208233,0,1,t,402,1,892,14,,3109,7,191,8,2013
208234,0,1,t,284,2,892,14,,3109,7,6,2,2013
208235,0,1,t,283,3,892,14,,3109,7,48,3,2013
208236,0,1,t,239,4,892,14,,3109,7,204,1,2013
208237,0,5,t,81,5,892,14,,3109,7,117,0,2013
208238,0,4,t,62,6,892,14,,3109,7,198,0,2013
208239,0,4,t,31,7,892,14,,3109,7,182,0,2013
208240,0,6,t,31,8,892,14,,3109,7,195,0,2013
208241,0,10,t,1,9,892,14,,3109,7,141,0,2013
208242,0,13,t,0,10,892,14,,3109,7,205,0,2013
208243,0,14,t,0,11,892,14,,3109,7,203,0,2013
208244,0,1,t,445,1,893,15,,3116,7,191,9,2013
208245,0,1,t,297,2,893,15,,3116,7,6,2,2013
208246,0,1,t,287,3,893,15,,3116,7,48,3,2013
208247,0,1,t,264,4,893,15,,3116,7,204,1,2013
208248,0,5,t,83,5,893,15,,3116,7,117,0,2013
208249,0,4,t,62,6,893,15,,3116,7,198,0,2013
208250,0,4,t,45,7,893,15,,3116,7,182,0,2013
208251,0,6,t,31,8,893,15,,3116,7,195,0,2013
208252,0,10,t,1,9,893,15,,3116,7,141,0,2013
208253,0,13,t,0,10,893,15,,3116,7,205,0,2013
208254,0,14,t,0,11,893,15,,3116,7,203,0,2013
208255,0,1,t,470,1,894,16,,3123,7,191,10,2013
208256,0,1,t,313,2,894,16,,3123,7,48,3,2013
208257,0,1,t,309,3,894,16,,3123,7,6,2,2013
208258,0,1,t,285,4,894,16,,3123,7,204,1,2013
208259,0,5,t,93,5,894,16,,3123,7,117,0,2013
208260,0,4,t,68,6,894,16,,3123,7,198,0,2013
208261,0,4,t,45,7,894,16,,3123,7,182,0,2013
208262,0,6,t,32,8,894,16,,3123,7,195,0,2013
208263,0,10,t,1,9,894,16,,3123,7,141,0,2013
208264,0,13,t,0,10,894,16,,3123,7,205,0,2013
208265,0,14,t,0,11,894,16,,3123,7,203,0,2013
208266,0,1,t,513,1,895,17,,3130,7,191,11,2013
208267,0,1,t,334,2,895,17,,3130,7,48,3,2013
208268,0,1,t,323,3,895,17,,3130,7,6,2,2013
208269,0,1,t,297,4,895,17,,3130,7,204,1,2013
208270,0,5,t,95,5,895,17,,3130,7,117,0,2013
208271,0,4,t,77,6,895,17,,3130,7,198,0,2013
208272,0,4,t,45,7,895,17,,3130,7,182,0,2013
208273,0,6,t,32,8,895,17,,3130,7,195,0,2013
208274,0,10,t,1,9,895,17,,3130,7,141,0,2013
208275,0,13,t,0,10,895,17,,3130,7,205,0,2013
208276,0,14,t,0,11,895,17,,3130,7,203,0,2013
208277,0,1,t,553,1,896,18,,3137,7,191,12,2013
208278,0,1,t,348,2,896,18,,3137,7,48,3,2013
208279,0,1,t,333,3,896,18,,3137,7,6,2,2013
208280,0,1,t,315,4,896,18,,3137,7,204,1,2013
208281,0,5,t,102,5,896,18,,3137,7,117,0,2013
208282,0,4,t,77,6,896,18,,3137,7,198,0,2013
208283,0,4,t,53,7,896,18,,3137,7,182,0,2013
208284,0,6,t,32,8,896,18,,3137,7,195,0,2013
208285,0,8,t,5,9,896,18,,3137,7,141,0,2013
208286,0,13,t,0,10,896,18,,3137,7,205,0,2013
208287,0,14,t,0,11,896,18,,3137,7,203,0,2013
208288,0,1,t,596,1,897,19,64,3144,7,191,13,2013
208289,0,1,t,360,2,897,19,64,3144,7,48,3,2013
208290,0,1,t,354,3,897,19,64,3144,7,6,2,2013
208291,0,1,t,315,4,897,19,64,3144,7,204,1,2013
208292,0,4,t,122,5,897,19,64,3144,7,117,0,2013
208293,0,4,t,77,6,897,19,64,3144,7,198,0,2013
208294,0,4,t,57,7,897,19,64,3144,7,182,0,2013
208295,0,6,t,33,8,897,19,64,3144,7,195,0,2013
208296,0,8,t,5,9,897,19,64,3144,7,141,0,2013
208297,0,13,t,0,10,897,19,64,3144,7,205,0,2013
208298,0,14,t,0,11,897,19,64,3144,7,203,0,2013
208299,0,2,t,33,1,898,1,,3151,7,117,0,2014
208300,0,1,t,25,2,898,1,,3151,7,48,1,2014
208301,0,4,t,18,3,898,1,,3151,7,6,0,2014
208302,0,5,t,10,4,898,1,,3151,7,141,0,2014
208303,0,6,t,9,5,898,1,,3151,7,198,0,2014
208304,0,8,t,6,6,898,1,,3151,7,195,0,2014
208305,0,11,t,0,7,898,1,,3151,7,182,0,2014
208306,0,13,t,0,8,898,1,,3151,7,205,0,2014
208307,0,,f,0,,898,1,,3151,7,204,0,2014
208308,0,,f,0,,898,1,,3151,7,203,0,2014
208309,0,,f,0,,898,1,,3151,7,191,0,2014
208310,0,1,t,68,1,899,2,,3158,7,48,2,2014
208311,0,2,t,43,2,899,2,,3158,7,117,0,2014
208312,0,4,t,30,3,899,2,,3158,7,6,0,2014
208313,0,5,t,20,4,899,2,,3158,7,141,0,2014
208314,0,5,t,19,5,899,2,,3158,7,198,0,2014
208315,0,3,t,15,6,899,2,,3158,7,191,0,2014
208316,0,8,t,7,7,899,2,,3158,7,195,0,2014
208317,0,11,t,0,8,899,2,,3158,7,182,0,2014
208318,0,11,t,0,9,899,2,,3158,7,204,0,2014
208319,0,13,t,0,10,899,2,,3158,7,203,0,2014
208320,0,13,t,0,11,899,2,,3158,7,205,0,2014
208321,0,1,t,111,1,900,3,,3165,7,48,3,2014
208322,0,3,t,44,2,900,3,,3165,7,198,0,2014
208323,0,2,t,43,3,900,3,,3165,7,117,0,2014
208324,0,3,t,35,4,900,3,,3165,7,191,0,2014
208325,0,4,t,33,5,900,3,,3165,7,6,0,2014
208326,0,5,t,30,6,900,3,,3165,7,141,0,2014
208327,0,8,t,7,7,900,3,,3165,7,195,0,2014
208328,0,11,t,0,8,900,3,,3165,7,204,0,2014
208329,0,11,t,0,9,900,3,,3165,7,182,0,2014
208330,0,13,t,0,10,900,3,,3165,7,205,0,2014
208331,0,13,t,0,11,900,3,,3165,7,203,0,2014
208332,0,1,t,154,1,901,4,,3172,7,48,4,2014
208333,0,3,t,57,2,901,4,,3172,7,191,0,2014
208334,0,3,t,54,3,901,4,,3172,7,198,0,2014
208335,0,3,t,52,4,901,4,,3172,7,6,0,2014
208336,0,2,t,43,5,901,4,,3172,7,117,0,2014
208337,0,5,t,36,6,901,4,,3172,7,141,0,2014
208338,0,8,t,8,7,901,4,,3172,7,195,0,2014
208339,0,11,t,0,8,901,4,,3172,7,204,0,2014
208340,0,11,t,0,9,901,4,,3172,7,182,0,2014
208341,0,13,t,0,10,901,4,,3172,7,205,0,2014
208342,0,13,t,0,11,901,4,,3172,7,203,0,2014
208343,0,1,t,197,1,902,5,,3179,7,48,5,2014
208344,0,3,t,84,2,902,5,,3179,7,191,0,2014
208345,0,3,t,66,3,902,5,,3179,7,6,0,2014
208346,0,3,t,57,4,902,5,,3179,7,198,0,2014
208347,0,5,t,46,5,902,5,,3179,7,141,0,2014
208348,0,2,t,43,6,902,5,,3179,7,117,0,2014
208349,0,8,t,8,7,902,5,,3179,7,195,0,2014
208350,0,8,t,4,8,902,5,,3179,7,204,0,2014
208351,0,11,t,0,9,902,5,,3179,7,182,0,2014
208352,0,13,t,0,10,902,5,,3179,7,205,0,2014
208353,0,13,t,0,11,902,5,,3179,7,203,0,2014
208354,0,1,t,240,1,903,6,,3186,7,48,6,2014
208355,0,3,t,99,2,903,6,,3186,7,191,0,2014
208356,0,3,t,78,3,903,6,,3186,7,6,0,2014
208357,0,3,t,67,4,903,6,,3186,7,198,0,2014
208358,0,2,t,52,5,903,6,,3186,7,117,0,2014
208359,0,5,t,52,6,903,6,,3186,7,141,0,2014
208360,0,8,t,8,7,903,6,,3186,7,204,0,2014
208361,0,8,t,8,8,903,6,,3186,7,195,0,2014
208362,0,9,t,2,9,903,6,,3186,7,205,0,2014
208363,0,11,t,0,10,903,6,,3186,7,182,0,2014
208364,0,11,t,0,11,903,6,,3186,7,203,0,2014
208365,0,1,t,258,1,904,7,,3193,7,48,6,2014
208366,0,1,t,139,2,904,7,,3193,7,191,1,2014
208367,0,3,t,87,3,904,7,,3193,7,6,0,2014
208368,0,3,t,77,4,904,7,,3193,7,198,0,2014
208369,0,2,t,66,5,904,7,,3193,7,117,0,2014
208370,0,5,t,58,6,904,7,,3193,7,141,0,2014
208371,0,8,t,12,7,904,7,,3193,7,195,0,2014
208372,0,8,t,8,8,904,7,,3193,7,204,0,2014
208373,0,9,t,2,9,904,7,,3193,7,205,0,2014
208374,0,11,t,0,10,904,7,,3193,7,182,0,2014
208375,0,11,t,0,11,904,7,,3193,7,203,0,2014
208376,0,1,t,301,1,905,8,,3200,7,48,7,2014
208377,0,1,t,143,2,905,8,,3200,7,191,1,2014
208378,0,3,t,98,3,905,8,,3200,7,6,0,2014
208379,0,3,t,87,4,905,8,,3200,7,198,0,2014
208380,0,3,t,85,5,905,8,,3200,7,141,0,2014
208381,0,2,t,72,6,905,8,,3200,7,117,0,2014
208382,0,8,t,12,7,905,8,,3200,7,195,0,2014
208383,0,8,t,8,8,905,8,,3200,7,204,0,2014
208384,0,9,t,2,9,905,8,,3200,7,205,0,2014
208385,0,11,t,0,10,905,8,,3200,7,182,0,2014
208386,0,11,t,0,11,905,8,,3200,7,203,0,2014
208387,0,1,t,326,1,906,9,,3207,7,48,8,2014
208388,0,1,t,168,2,906,9,,3207,7,191,1,2014
208389,0,3,t,106,3,906,9,,3207,7,6,0,2014
208390,0,2,t,103,4,906,9,,3207,7,141,0,2014
208391,0,3,t,91,5,906,9,,3207,7,198,0,2014
208392,0,2,t,90,6,906,9,,3207,7,117,0,2014
208393,0,8,t,15,7,906,9,,3207,7,195,0,2014
208394,0,8,t,8,8,906,9,,3207,7,204,0,2014
208395,0,9,t,2,9,906,9,,3207,7,205,0,2014
208396,0,11,t,0,10,906,9,,3207,7,182,0,2014
208397,0,11,t,0,11,906,9,,3207,7,203,0,2014
208398,0,1,t,366,1,907,10,,3214,7,48,9,2014
208399,0,1,t,188,2,907,10,,3214,7,191,1,2014
208400,0,2,t,121,3,907,10,,3214,7,141,0,2014
208401,0,3,t,116,4,907,10,,3214,7,6,0,2014
208402,0,3,t,98,5,907,10,,3214,7,198,0,2014
208403,0,2,t,96,6,907,10,,3214,7,117,0,2014
208404,0,8,t,15,7,907,10,,3214,7,195,0,2014
208405,0,8,t,8,8,907,10,,3214,7,204,0,2014
208406,0,9,t,2,9,907,10,,3214,7,205,0,2014
208407,0,11,t,0,10,907,10,,3214,7,182,0,2014
208408,0,11,t,0,11,907,10,,3214,7,203,0,2014
208409,0,1,t,393,1,908,11,,3221,7,48,9,2014
208410,0,1,t,219,2,908,11,,3221,7,191,2,2014
208411,0,2,t,142,3,908,11,,3221,7,6,0,2014
208412,0,2,t,135,4,908,11,,3221,7,141,0,2014
208413,0,3,t,98,5,908,11,,3221,7,198,0,2014
208414,0,2,t,97,6,908,11,,3221,7,117,0,2014
208415,0,8,t,17,7,908,11,,3221,7,195,0,2014
208416,0,8,t,8,8,908,11,,3221,7,204,0,2014
208417,0,9,t,2,9,908,11,,3221,7,205,0,2014
208418,0,11,t,0,10,908,11,,3221,7,182,0,2014
208419,0,11,t,0,11,908,11,,3221,7,203,0,2014
208420,0,1,t,411,1,909,12,,3228,7,48,9,2014
208421,0,1,t,254,2,909,12,,3228,7,191,3,2014
208422,0,2,t,160,3,909,12,,3228,7,6,0,2014
208423,0,2,t,150,4,909,12,,3228,7,141,0,2014
208424,0,2,t,105,5,909,12,,3228,7,117,0,2014
208425,0,3,t,103,6,909,12,,3228,7,198,0,2014
208426,0,8,t,19,7,909,12,,3228,7,195,0,2014
208427,0,8,t,8,8,909,12,,3228,7,204,0,2014
208428,0,9,t,2,9,909,12,,3228,7,205,0,2014
208429,0,11,t,0,10,909,12,,3228,7,182,0,2014
208430,0,11,t,0,11,909,12,,3228,7,203,0,2014
208431,0,1,t,454,1,910,13,,3235,7,48,10,2014
208432,0,1,t,272,2,910,13,,3235,7,191,3,2014
208433,0,2,t,177,3,910,13,,3235,7,141,0,2014
208434,0,2,t,162,4,910,13,,3235,7,6,0,2014
208435,0,2,t,110,5,910,13,,3235,7,117,0,2014
208436,0,3,t,109,6,910,13,,3235,7,198,0,2014
208437,0,8,t,19,7,910,13,,3235,7,195,0,2014
208438,0,8,t,8,8,910,13,,3235,7,204,0,2014
208439,0,9,t,2,9,910,13,,3235,7,205,0,2014
208440,0,11,t,0,10,910,13,,3235,7,182,0,2014
208441,0,11,t,0,11,910,13,,3235,7,203,0,2014
208442,0,1,t,479,1,911,14,,3242,7,48,11,2014
208443,0,1,t,305,2,911,14,,3242,7,191,3,2014
208444,0,2,t,187,3,911,14,,3242,7,141,0,2014
208445,0,2,t,178,4,911,14,,3242,7,6,0,2014
208446,0,3,t,117,5,911,14,,3242,7,198,0,2014
208447,0,2,t,111,6,911,14,,3242,7,117,0,2014
208448,0,6,t,27,7,911,14,,3242,7,195,0,2014
208449,0,8,t,8,8,911,14,,3242,7,204,0,2014
208450,0,9,t,2,9,911,14,,3242,7,205,0,2014
208451,0,11,t,0,10,911,14,,3242,7,182,0,2014
208452,0,11,t,0,11,911,14,,3242,7,203,0,2014
208453,0,1,t,522,1,912,15,,3249,7,48,12,2014
208454,0,1,t,332,2,912,15,,3249,7,191,3,2014
208455,0,2,t,201,3,912,15,,3249,7,141,0,2014
208456,0,2,t,178,4,912,15,,3249,7,6,0,2014
208457,0,3,t,122,5,912,15,,3249,7,198,0,2014
208458,0,2,t,121,6,912,15,,3249,7,117,0,2014
208459,0,6,t,29,7,912,15,,3249,7,195,0,2014
208460,0,8,t,8,8,912,15,,3249,7,204,0,2014
208461,0,9,t,2,9,912,15,,3249,7,205,0,2014
208462,0,11,t,0,10,912,15,,3249,7,182,0,2014
208463,0,11,t,0,11,912,15,,3249,7,203,0,2014
208464,0,1,t,565,1,913,16,,3256,7,48,13,2014
208465,0,1,t,342,2,913,16,,3256,7,191,3,2014
208466,0,2,t,216,3,913,16,,3256,7,141,0,2014
208467,0,2,t,188,4,913,16,,3256,7,6,0,2014
208468,0,2,t,143,5,913,16,,3256,7,117,0,2014
208469,0,3,t,123,6,913,16,,3256,7,198,0,2014
208470,0,6,t,29,7,913,16,,3256,7,195,0,2014
208471,0,8,t,8,8,913,16,,3256,7,204,0,2014
208472,0,9,t,2,9,913,16,,3256,7,205,0,2014
208473,0,11,t,0,10,913,16,,3256,7,182,0,2014
208474,0,11,t,0,11,913,16,,3256,7,203,0,2014
208475,0,1,t,608,1,914,17,,3263,7,48,14,2014
208476,0,1,t,363,2,914,17,,3263,7,191,3,2014
208477,0,2,t,238,3,914,17,,3263,7,141,0,2014
208478,0,2,t,196,4,914,17,,3263,7,6,0,2014
208479,0,2,t,147,5,914,17,,3263,7,117,0,2014
208480,0,3,t,123,6,914,17,,3263,7,198,0,2014
208481,0,6,t,30,7,914,17,,3263,7,195,0,2014
208482,0,8,t,10,8,914,17,,3263,7,204,0,2014
208483,0,9,t,2,9,914,17,,3263,7,205,0,2014
208484,0,11,t,0,10,914,17,,3263,7,182,0,2014
208485,0,11,t,0,11,914,17,,3263,7,203,0,2014
208486,0,1,t,651,1,915,18,,3270,7,48,15,2014
208487,0,1,t,373,2,915,18,,3270,7,191,3,2014
208488,0,2,t,254,3,915,18,,3270,7,141,0,2014
208489,0,2,t,210,4,915,18,,3270,7,6,0,2014
208490,0,2,t,161,5,915,18,,3270,7,117,0,2014
208491,0,3,t,127,6,915,18,,3270,7,198,0,2014
208492,0,6,t,30,7,915,18,,3270,7,195,0,2014
208493,0,8,t,10,8,915,18,,3270,7,204,0,2014
208494,0,9,t,2,9,915,18,,3270,7,205,0,2014
208495,0,11,t,0,10,915,18,,3270,7,182,0,2014
208496,0,11,t,0,11,915,18,,3270,7,203,0,2014
208497,0,1,t,701,1,916,19,65,3277,7,48,16,2014
208498,0,1,t,405,2,916,19,65,3277,7,191,3,2014
208499,0,2,t,320,3,916,19,65,3277,7,141,0,2014
208500,0,2,t,216,4,916,19,65,3277,7,6,0,2014
208501,0,2,t,181,5,916,19,65,3277,7,117,0,2014
208502,0,3,t,155,6,916,19,65,3277,7,198,0,2014
208503,0,6,t,30,7,916,19,65,3277,7,195,0,2014
208504,0,8,t,10,8,916,19,65,3277,7,204,0,2014
208505,0,9,t,2,9,916,19,65,3277,7,205,0,2014
208506,0,11,t,0,10,916,19,65,3277,7,182,0,2014
208507,0,11,t,0,11,916,19,65,3277,7,203,0,2014
208508,0,1,t,43,1,917,1,,3284,7,48,1,2015
208509,0,3,t,15,2,917,1,,3284,7,6,0,2015
208510,0,5,t,14,3,917,1,,3284,7,182,0,2015
208511,0,4,t,12,4,917,1,,3284,7,141,0,2015
208512,0,6,t,8,5,917,1,,3284,7,191,0,2015
208513,0,7,t,7,6,917,1,,3284,7,198,0,2015
208514,0,9,t,2,7,917,1,,3284,7,195,0,2015
208515,0,11,t,0,8,917,1,,3284,7,117,0,2015
208516,0,,f,0,,917,1,,3284,7,204,0,2015
208517,0,1,t,76,1,918,2,,3291,7,48,1,2015
208518,0,1,t,52,2,918,2,,3291,7,6,1,2015
208519,0,4,t,30,3,918,2,,3291,7,141,0,2015
208520,0,5,t,14,4,918,2,,3291,7,182,0,2015
208521,0,7,t,12,5,918,2,,3291,7,195,0,2015
208522,0,6,t,11,6,918,2,,3291,7,191,0,2015
208523,0,7,t,7,7,918,2,,3291,7,198,0,2015
208524,0,11,t,0,8,918,2,,3291,7,204,0,2015
208525,0,11,t,0,9,918,2,,3291,7,117,0,2015
208526,0,15,t,0,10,918,2,,3291,7,206,0,2015
208527,0,1,t,119,1,919,3,,3298,7,48,2,2015
208528,0,1,t,79,2,919,3,,3298,7,6,1,2015
208529,0,4,t,48,3,919,3,,3298,7,141,0,2015
208530,0,5,t,19,4,919,3,,3298,7,182,0,2015
208531,0,6,t,13,5,919,3,,3298,7,191,0,2015
208532,0,7,t,12,6,919,3,,3298,7,195,0,2015
208533,0,7,t,7,7,919,3,,3298,7,198,0,2015
208534,0,7,t,6,8,919,3,,3298,7,204,0,2015
208535,0,11,t,0,9,919,3,,3298,7,117,0,2015
208536,0,15,t,0,10,919,3,,3298,7,206,0,2015
208537,0,1,t,159,1,920,4,,3305,7,48,3,2015
208538,0,1,t,107,2,920,4,,3305,7,6,1,2015
208539,0,4,t,61,3,920,4,,3305,7,141,0,2015
208540,0,6,t,23,4,920,4,,3305,7,191,0,2015
208541,0,5,t,19,5,920,4,,3305,7,182,0,2015
208542,0,7,t,12,6,920,4,,3305,7,204,0,2015
208543,0,7,t,12,7,920,4,,3305,7,195,0,2015
208544,0,7,t,11,8,920,4,,3305,7,198,0,2015
208545,0,11,t,0,9,920,4,,3305,7,117,0,2015
208546,0,15,t,0,10,920,4,,3305,7,206,0,2015
208547,0,1,t,202,1,921,5,,3312,7,48,4,2015
208548,0,1,t,132,2,921,5,,3312,7,6,1,2015
208549,0,4,t,81,3,921,5,,3312,7,141,0,2015
208550,0,6,t,30,4,921,5,,3312,7,191,0,2015
208551,0,5,t,19,5,921,5,,3312,7,182,0,2015
208552,0,7,t,16,6,921,5,,3312,7,204,0,2015
208553,0,7,t,14,7,921,5,,3312,7,195,0,2015
208554,0,7,t,11,8,921,5,,3312,7,198,0,2015
208555,0,11,t,0,9,921,5,,3312,7,117,0,2015
208556,0,15,t,0,10,921,5,,3312,7,206,0,2015
208557,0,1,t,242,1,922,6,,3319,7,48,5,2015
208558,0,1,t,158,2,922,6,,3319,7,6,1,2015
208559,0,4,t,81,3,922,6,,3319,7,141,0,2015
208560,0,4,t,52,4,922,6,,3319,7,191,0,2015
208561,0,5,t,21,5,922,6,,3319,7,182,0,2015
208562,0,7,t,17,6,922,6,,3319,7,198,0,2015
208563,0,7,t,16,7,922,6,,3319,7,204,0,2015
208564,0,7,t,15,8,922,6,,3319,7,195,0,2015
208565,0,8,t,4,9,922,6,,3319,7,117,0,2015
208566,0,15,t,0,10,922,6,,3319,7,206,0,2015
208567,0,1,t,285,1,923,7,,3326,7,48,6,2015
208568,0,1,t,180,2,923,7,,3326,7,6,1,2015
208569,0,3,t,104,3,923,7,,3326,7,141,0,2015
208570,0,4,t,54,4,923,7,,3326,7,191,0,2015
208571,0,7,t,23,5,923,7,,3326,7,204,0,2015
208572,0,5,t,21,6,923,7,,3326,7,182,0,2015
208573,0,7,t,21,7,923,7,,3326,7,198,0,2015
208574,0,7,t,15,8,923,7,,3326,7,195,0,2015
208575,0,8,t,4,9,923,7,,3326,7,117,0,2015
208576,0,15,t,0,10,923,7,,3326,7,206,0,2015
208577,0,1,t,328,1,924,8,,3333,7,48,7,2015
208578,0,1,t,192,2,924,8,,3333,7,6,1,2015
208579,0,3,t,129,3,924,8,,3333,7,141,0,2015
208580,0,4,t,55,4,924,8,,3333,7,191,0,2015
208581,0,6,t,31,5,924,8,,3333,7,198,0,2015
208582,0,7,t,29,6,924,8,,3333,7,204,0,2015
208583,0,5,t,21,7,924,8,,3333,7,182,0,2015
208584,0,7,t,19,8,924,8,,3333,7,195,0,2015
208585,0,8,t,4,9,924,8,,3333,7,117,0,2015
208586,0,14,t,0,10,924,8,,3333,7,206,0,2015
208587,0,1,t,371,1,925,9,,3340,7,48,8,2015
208588,0,1,t,211,2,925,9,,3340,7,6,1,2015
208589,0,3,t,151,3,925,9,,3340,7,141,0,2015
208590,0,4,t,63,4,925,9,,3340,7,191,0,2015
208591,0,6,t,39,5,925,9,,3340,7,198,0,2015
208592,0,7,t,29,6,925,9,,3340,7,204,0,2015
208593,0,5,t,21,7,925,9,,3340,7,182,0,2015
208594,0,7,t,19,8,925,9,,3340,7,195,0,2015
208595,0,8,t,5,9,925,9,,3340,7,117,0,2015
208596,0,12,t,0,10,925,9,,3340,7,206,0,2015
208597,0,1,t,383,1,926,10,,3347,7,48,8,2015
208598,0,1,t,236,2,926,10,,3347,7,6,2,2015
208599,0,3,t,151,3,926,10,,3347,7,141,0,2015
208600,0,2,t,96,4,926,10,,3347,7,191,0,2015
208601,0,6,t,39,5,926,10,,3347,7,198,0,2015
208602,0,7,t,35,6,926,10,,3347,7,204,0,2015
208603,0,4,t,31,7,926,10,,3347,7,195,0,2015
208604,0,5,t,22,8,926,10,,3347,7,182,0,2015
208605,0,5,t,17,9,926,10,,3347,7,117,0,2015
208606,0,12,t,0,10,926,10,,3347,7,206,0,2015
208607,0,1,t,426,1,927,11,,3354,7,48,9,2015
208608,0,1,t,242,2,927,11,,3354,7,6,2,2015
208609,0,3,t,161,3,927,11,,3354,7,141,0,2015
208610,0,2,t,108,4,927,11,,3354,7,191,0,2015
208611,0,3,t,50,5,927,11,,3354,7,204,0,2015
208612,0,5,t,49,6,927,11,,3354,7,198,0,2015
208613,0,4,t,35,7,927,11,,3354,7,195,0,2015
208614,0,5,t,23,8,927,11,,3354,7,182,0,2015
208615,0,5,t,17,9,927,11,,3354,7,117,0,2015
208616,0,12,t,0,10,927,11,,3354,7,206,0,2015
208617,0,1,t,451,1,928,12,,3361,7,48,10,2015
208618,0,1,t,270,2,928,12,,3361,7,6,2,2015
208619,0,3,t,188,3,928,12,,3361,7,141,0,2015
208620,0,2,t,113,4,928,12,,3361,7,191,0,2015
208621,0,5,t,63,5,928,12,,3361,7,198,0,2015
208622,0,3,t,50,6,928,12,,3361,7,204,0,2015
208623,0,4,t,35,7,928,12,,3361,7,195,0,2015
208624,0,5,t,25,8,928,12,,3361,7,182,0,2015
208625,0,5,t,17,9,928,12,,3361,7,117,0,2015
208626,0,12,t,0,10,928,12,,3361,7,206,0,2015
208627,0,1,t,463,1,929,13,,3368,7,48,10,2015
208628,0,1,t,310,2,929,13,,3368,7,6,3,2015
208629,0,3,t,198,3,929,13,,3368,7,141,0,2015
208630,0,2,t,139,4,929,13,,3368,7,191,0,2015
208631,0,5,t,69,5,929,13,,3368,7,198,0,2015
208632,0,3,t,50,6,929,13,,3368,7,204,0,2015
208633,0,4,t,41,7,929,13,,3368,7,195,0,2015
208634,0,5,t,26,8,929,13,,3368,7,182,0,2015
208635,0,5,t,17,9,929,13,,3368,7,117,0,2015
208636,0,12,t,0,10,929,13,,3368,7,206,0,2015
208637,0,1,t,506,1,930,14,,3375,7,48,11,2015
208638,0,1,t,337,2,930,14,,3375,7,6,3,2015
208639,0,3,t,208,3,930,14,,3375,7,141,0,2015
208640,0,2,t,139,4,930,14,,3375,7,191,0,2015
208641,0,5,t,77,5,930,14,,3375,7,198,0,2015
208642,0,3,t,60,6,930,14,,3375,7,204,0,2015
208643,0,4,t,44,7,930,14,,3375,7,195,0,2015
208644,0,5,t,26,8,930,14,,3375,7,182,0,2015
208645,0,5,t,17,9,930,14,,3375,7,117,0,2015
208646,0,12,t,0,10,930,14,,3375,7,206,0,2015
208647,0,1,t,531,1,931,15,,3382,7,48,12,2015
208648,0,1,t,359,2,931,15,,3382,7,6,3,2015
208649,0,3,t,220,3,931,15,,3382,7,141,0,2015
208650,0,2,t,149,4,931,15,,3382,7,191,0,2015
208651,0,3,t,92,5,931,15,,3382,7,198,0,2015
208652,0,3,t,66,6,931,15,,3382,7,204,0,2015
208653,0,4,t,45,7,931,15,,3382,7,195,0,2015
208654,0,5,t,34,8,931,15,,3382,7,182,0,2015
208655,0,5,t,19,9,931,15,,3382,7,117,0,2015
208656,0,12,t,0,10,931,15,,3382,7,206,0,2015
208657,0,1,t,574,1,932,16,,3389,7,48,13,2015
208658,0,1,t,374,2,932,16,,3389,7,6,3,2015
208659,0,3,t,220,3,932,16,,3389,7,141,0,2015
208660,0,2,t,150,4,932,16,,3389,7,191,0,2015
208661,0,3,t,102,5,932,16,,3389,7,198,0,2015
208662,0,3,t,70,6,932,16,,3389,7,204,0,2015
208663,0,4,t,63,7,932,16,,3389,7,195,0,2015
208664,0,5,t,36,8,932,16,,3389,7,182,0,2015
208665,0,5,t,27,9,932,16,,3389,7,117,0,2015
208666,0,12,t,0,10,932,16,,3389,7,206,0,2015
208667,0,1,t,617,1,933,17,,3396,7,48,14,2015
208668,0,1,t,374,2,933,17,,3396,7,6,3,2015
208669,0,3,t,243,3,933,17,,3396,7,141,0,2015
208670,0,2,t,172,4,933,17,,3396,7,191,0,2015
208671,0,3,t,112,5,933,17,,3396,7,198,0,2015
208672,0,3,t,71,6,933,17,,3396,7,204,0,2015
208673,0,4,t,65,7,933,17,,3396,7,195,0,2015
208674,0,5,t,36,8,933,17,,3396,7,182,0,2015
208675,0,5,t,27,9,933,17,,3396,7,117,0,2015
208676,0,12,t,0,10,933,17,,3396,7,206,0,2015
208677,0,1,t,660,1,934,18,,3403,7,48,15,2015
208678,0,1,t,401,2,934,18,,3403,7,6,3,2015
208679,0,3,t,253,3,934,18,,3403,7,141,0,2015
208680,0,2,t,178,4,934,18,,3403,7,191,0,2015
208681,0,3,t,120,5,934,18,,3403,7,198,0,2015
208682,0,3,t,76,6,934,18,,3403,7,204,0,2015
208683,0,4,t,67,7,934,18,,3403,7,195,0,2015
208684,0,5,t,36,8,934,18,,3403,7,182,0,2015
208685,0,5,t,27,9,934,18,,3403,7,117,0,2015
208686,0,12,t,0,10,934,18,,3403,7,206,0,2015
208687,0,1,t,703,1,935,19,66,3410,7,48,16,2015
208688,0,1,t,428,2,935,19,66,3410,7,6,3,2015
208689,0,3,t,257,3,935,19,66,3410,7,141,0,2015
208690,0,2,t,187,4,935,19,66,3410,7,191,0,2015
208691,0,3,t,136,5,935,19,66,3410,7,198,0,2015
208692,0,3,t,78,6,935,19,66,3410,7,204,0,2015
208693,0,4,t,67,7,935,19,66,3410,7,195,0,2015
208694,0,5,t,36,8,935,19,66,3410,7,182,0,2015
208695,0,5,t,27,9,935,19,66,3410,7,117,0,2015
208696,0,12,t,0,10,935,19,66,3410,7,206,0,2015
208697,0,1,t,43,1,936,1,,3417,7,48,1,2016
208698,0,3,t,15,2,936,1,,3417,7,6,0,2016
208699,0,5,t,14,3,936,1,,3417,7,141,0,2016
208700,0,4,t,12,4,936,1,,3417,7,191,0,2016
208701,0,6,t,8,5,936,1,,3417,7,207,0,2016
208702,0,7,t,6,6,936,1,,3417,7,198,0,2016
208703,0,9,t,3,7,936,1,,3417,7,195,0,2016
208704,0,11,t,0,8,936,1,,3417,7,152,0,2016
208705,0,14,t,0,9,936,1,,3417,7,117,0,2016
208706,0,15,t,0,10,936,1,,3417,7,182,0,2016
208707,0,16,t,0,11,936,1,,3417,7,206,0,2016
208708,0,1,t,83,1,937,2,,3424,7,48,2,2016
208709,0,2,t,33,2,937,2,,3424,7,6,0,2016
208710,0,4,t,30,3,937,2,,3424,7,191,0,2016
208711,0,5,t,20,4,937,2,,3424,7,141,0,2016
208712,0,5,t,18,5,937,2,,3424,7,207,0,2016
208713,0,6,t,11,6,937,2,,3424,7,195,0,2016
208714,0,7,t,6,7,937,2,,3424,7,198,0,2016
208715,0,10,t,1,8,937,2,,3424,7,117,0,2016
208716,0,11,t,0,9,937,2,,3424,7,152,0,2016
208717,0,12,t,0,10,937,2,,3424,7,182,0,2016
208718,0,13,t,0,11,937,2,,3424,7,206,0,2016
208719,0,1,t,114,1,938,3,,3431,7,48,3,2016
208720,0,2,t,61,2,938,3,,3431,7,6,0,2016
208721,0,3,t,57,3,938,3,,3431,7,191,0,2016
208722,0,5,t,29,4,938,3,,3431,7,141,0,2016
208723,0,5,t,18,5,938,3,,3431,7,207,0,2016
208724,0,6,t,17,6,938,3,,3431,7,195,0,2016
208725,0,7,t,6,7,938,3,,3431,7,198,0,2016
208726,0,10,t,1,8,938,3,,3431,7,117,0,2016
208727,0,11,t,0,9,938,3,,3431,7,152,0,2016
208728,0,12,t,0,10,938,3,,3431,7,182,0,2016
208729,0,13,t,0,11,938,3,,3431,7,206,0,2016
208730,0,1,t,157,1,939,4,,3438,7,48,4,2016
208731,0,2,t,76,2,939,4,,3438,7,6,0,2016
208732,0,3,t,57,3,939,4,,3438,7,191,0,2016
208733,0,4,t,51,4,939,4,,3438,7,141,0,2016
208734,0,5,t,22,5,939,4,,3438,7,207,0,2016
208735,0,6,t,17,6,939,4,,3438,7,195,0,2016
208736,0,6,t,10,7,939,4,,3438,7,117,0,2016
208737,0,7,t,8,8,939,4,,3438,7,198,0,2016
208738,0,7,t,6,9,939,4,,3438,7,152,0,2016
208739,0,12,t,0,10,939,4,,3438,7,182,0,2016
208740,0,13,t,0,11,939,4,,3438,7,206,0,2016
208741,0,1,t,157,1,940,5,,3445,7,48,4,2016
208742,0,2,t,109,2,940,5,,3445,7,6,0,2016
208743,0,1,t,94,3,940,5,,3445,7,191,1,2016
208744,0,4,t,65,4,940,5,,3445,7,141,0,2016
208745,0,6,t,26,5,940,5,,3445,7,195,0,2016
208746,0,5,t,22,6,940,5,,3445,7,207,0,2016
208747,0,7,t,14,7,940,5,,3445,7,198,0,2016
208748,0,6,t,12,8,940,5,,3445,7,117,0,2016
208749,0,7,t,6,9,940,5,,3445,7,152,0,2016
208750,0,12,t,0,10,940,5,,3445,7,182,0,2016
208751,0,13,t,0,11,940,5,,3445,7,206,0,2016
208752,0,1,t,188,1,941,6,,3452,7,48,5,2016
208753,0,2,t,121,2,941,6,,3452,7,6,0,2016
208754,0,1,t,112,3,941,6,,3452,7,191,1,2016
208755,0,4,t,66,4,941,6,,3452,7,141,0,2016
208756,0,3,t,37,5,941,6,,3452,7,198,0,2016
208757,0,6,t,30,6,941,6,,3452,7,195,0,2016
208758,0,5,t,24,7,941,6,,3452,7,117,0,2016
208759,0,5,t,22,8,941,6,,3452,7,207,0,2016
208760,0,7,t,6,9,941,6,,3452,7,152,0,2016
208761,0,12,t,0,10,941,6,,3452,7,182,0,2016
208762,0,13,t,0,11,941,6,,3452,7,206,0,2016
208763,0,1,t,223,1,942,7,,3459,7,48,6,2016
208764,0,2,t,147,2,942,7,,3459,7,6,0,2016
208765,0,1,t,130,3,942,7,,3459,7,191,1,2016
208766,0,3,t,81,4,942,7,,3459,7,141,0,2016
208767,0,3,t,42,5,942,7,,3459,7,198,0,2016
208768,0,6,t,32,6,942,7,,3459,7,195,0,2016
208769,0,5,t,24,7,942,7,,3459,7,117,0,2016
208770,0,5,t,22,8,942,7,,3459,7,207,0,2016
208771,0,7,t,6,9,942,7,,3459,7,152,0,2016
208772,0,12,t,0,10,942,7,,3459,7,182,0,2016
208773,0,13,t,0,11,942,7,,3459,7,206,0,2016
208774,0,1,t,258,1,943,8,,3466,7,48,7,2016
208775,0,2,t,177,2,943,8,,3466,7,6,0,2016
208776,0,1,t,140,3,943,8,,3466,7,191,1,2016
208777,0,3,t,90,4,943,8,,3466,7,141,0,2016
208778,0,3,t,59,5,943,8,,3466,7,198,0,2016
208779,0,6,t,32,6,943,8,,3466,7,195,0,2016
208780,0,5,t,24,7,943,8,,3466,7,117,0,2016
208781,0,5,t,22,8,943,8,,3466,7,207,0,2016
208782,0,7,t,6,9,943,8,,3466,7,152,0,2016
208783,0,12,t,0,10,943,8,,3466,7,182,0,2016
208784,0,13,t,0,11,943,8,,3466,7,206,0,2016
208785,0,1,t,295,1,944,9,,3473,7,48,8,2016
208786,0,2,t,192,2,944,9,,3473,7,6,0,2016
208787,0,1,t,168,3,944,9,,3473,7,191,1,2016
208788,0,3,t,92,4,944,9,,3473,7,141,0,2016
208789,0,3,t,59,5,944,9,,3473,7,198,0,2016
208790,0,6,t,36,6,944,9,,3473,7,195,0,2016
208791,0,5,t,32,7,944,9,,3473,7,117,0,2016
208792,0,5,t,28,8,944,9,,3473,7,207,0,2016
208793,0,7,t,6,9,944,9,,3473,7,152,0,2016
208794,0,10,t,1,10,944,9,,3473,7,206,0,2016
208795,0,12,t,0,11,944,9,,3473,7,182,0,2016
208796,0,1,t,335,1,945,10,,3480,7,48,9,2016
208797,0,2,t,204,2,945,10,,3480,7,6,0,2016
208798,0,1,t,198,3,945,10,,3480,7,191,1,2016
208799,0,3,t,92,4,945,10,,3480,7,141,0,2016
208800,0,3,t,73,5,945,10,,3480,7,198,0,2016
208801,0,6,t,41,6,945,10,,3480,7,195,0,2016
208802,0,5,t,32,7,945,10,,3480,7,117,0,2016
208803,0,5,t,28,8,945,10,,3480,7,207,0,2016
208804,0,7,t,6,9,945,10,,3480,7,152,0,2016
208805,0,10,t,1,10,945,10,,3480,7,206,0,2016
208806,0,12,t,0,11,945,10,,3480,7,182,0,2016
208807,0,1,t,378,1,946,11,,3487,7,48,10,2016
208808,0,2,t,224,2,946,11,,3487,7,6,0,2016
208809,0,1,t,223,3,946,11,,3487,7,191,1,2016
208810,0,3,t,94,4,946,11,,3487,7,141,0,2016
208811,0,3,t,74,5,946,11,,3487,7,198,0,2016
208812,0,6,t,45,6,946,11,,3487,7,195,0,2016
208813,0,5,t,38,7,946,11,,3487,7,117,0,2016
208814,0,5,t,28,8,946,11,,3487,7,207,0,2016
208815,0,7,t,6,9,946,11,,3487,7,152,0,2016
208816,0,10,t,1,10,946,11,,3487,7,206,0,2016
208817,0,12,t,0,11,946,11,,3487,7,182,0,2016
208818,0,1,t,415,1,947,12,,3494,7,48,11,2016
208819,0,1,t,256,2,947,12,,3494,7,191,1,2016
208820,0,2,t,242,3,947,12,,3494,7,6,0,2016
208821,0,3,t,96,4,947,12,,3494,7,141,0,2016
208822,0,3,t,81,5,947,12,,3494,7,198,0,2016
208823,0,6,t,45,6,947,12,,3494,7,195,0,2016
208824,0,5,t,42,7,947,12,,3494,7,117,0,2016
208825,0,5,t,28,8,947,12,,3494,7,207,0,2016
208826,0,7,t,6,9,947,12,,3494,7,152,0,2016
208827,0,10,t,1,10,947,12,,3494,7,206,0,2016
208828,0,12,t,0,11,947,12,,3494,7,182,0,2016
208829,0,1,t,455,1,948,13,,3501,7,48,12,2016
208830,0,1,t,274,2,948,13,,3501,7,191,1,2016
208831,0,2,t,252,3,948,13,,3501,7,6,0,2016
208832,0,3,t,103,4,948,13,,3501,7,198,0,2016
208833,0,3,t,101,5,948,13,,3501,7,141,0,2016
208834,0,5,t,48,6,948,13,,3501,7,117,0,2016
208835,0,6,t,45,7,948,13,,3501,7,195,0,2016
208836,0,5,t,28,8,948,13,,3501,7,207,0,2016
208837,0,7,t,6,9,948,13,,3501,7,152,0,2016
208838,0,10,t,1,10,948,13,,3501,7,206,0,2016
208839,0,12,t,0,11,948,13,,3501,7,182,0,2016
208840,0,1,t,498,1,949,14,,3508,7,48,13,2016
208841,0,1,t,290,2,949,14,,3508,7,191,1,2016
208842,0,2,t,279,3,949,14,,3508,7,6,0,2016
208843,0,3,t,111,4,949,14,,3508,7,141,0,2016
208844,0,3,t,108,5,949,14,,3508,7,198,0,2016
208845,0,5,t,48,6,949,14,,3508,7,117,0,2016
208846,0,6,t,45,7,949,14,,3508,7,195,0,2016
208847,0,5,t,28,8,949,14,,3508,7,207,0,2016
208848,0,7,t,6,9,949,14,,3508,7,152,0,2016
208849,0,10,t,1,10,949,14,,3508,7,206,0,2016
208850,0,12,t,0,11,949,14,,3508,7,182,0,2016
208851,0,1,t,538,1,950,15,,3515,7,48,14,2016
208852,0,1,t,316,2,950,15,,3515,7,191,1,2016
208853,0,2,t,301,3,950,15,,3515,7,6,0,2016
208854,0,3,t,112,4,950,15,,3515,7,198,0,2016
208855,0,3,t,111,5,950,15,,3515,7,141,0,2016
208856,0,5,t,54,6,950,15,,3515,7,117,0,2016
208857,0,6,t,47,7,950,15,,3515,7,195,0,2016
208858,0,5,t,28,8,950,15,,3515,7,207,0,2016
208859,0,7,t,7,9,950,15,,3515,7,152,0,2016
208860,0,10,t,1,10,950,15,,3515,7,206,0,2016
208861,0,12,t,0,11,950,15,,3515,7,182,0,2016
208862,0,1,t,553,1,951,16,,3522,7,48,14,2016
208863,0,1,t,359,2,951,16,,3522,7,191,2,2016
208864,0,2,t,313,3,951,16,,3522,7,6,0,2016
208865,0,3,t,124,4,951,16,,3522,7,198,0,2016
208866,0,3,t,121,5,951,16,,3522,7,141,0,2016
208867,0,5,t,62,6,951,16,,3522,7,117,0,2016
208868,0,6,t,47,7,951,16,,3522,7,195,0,2016
208869,0,5,t,28,8,951,16,,3522,7,207,0,2016
208870,0,7,t,8,9,951,16,,3522,7,152,0,2016
208871,0,10,t,1,10,951,16,,3522,7,206,0,2016
208872,0,12,t,0,11,951,16,,3522,7,182,0,2016
208873,0,1,t,593,1,952,17,,3529,7,48,15,2016
208874,0,1,t,385,2,952,17,,3529,7,191,2,2016
208875,0,2,t,335,3,952,17,,3529,7,6,0,2016
208876,0,3,t,134,4,952,17,,3529,7,198,0,2016
208877,0,3,t,124,5,952,17,,3529,7,141,0,2016
208878,0,5,t,62,6,952,17,,3529,7,117,0,2016
208879,0,6,t,47,7,952,17,,3529,7,195,0,2016
208880,0,5,t,28,8,952,17,,3529,7,207,0,2016
208881,0,7,t,8,9,952,17,,3529,7,152,0,2016
208882,0,10,t,1,10,952,17,,3529,7,206,0,2016
208883,0,12,t,0,11,952,17,,3529,7,182,0,2016
208884,0,1,t,636,1,953,18,,3536,7,48,16,2016
208885,0,1,t,400,2,953,18,,3536,7,191,2,2016
208886,0,2,t,347,3,953,18,,3536,7,6,0,2016
208887,0,3,t,138,4,953,18,,3536,7,198,0,2016
208888,0,3,t,130,5,953,18,,3536,7,141,0,2016
208889,0,5,t,74,6,953,18,,3536,7,117,0,2016
208890,0,6,t,55,7,953,18,,3536,7,195,0,2016
208891,0,5,t,29,8,953,18,,3536,7,207,0,2016
208892,0,7,t,8,9,953,18,,3536,7,152,0,2016
208893,0,10,t,1,10,953,18,,3536,7,206,0,2016
208894,0,12,t,0,11,953,18,,3536,7,182,0,2016
208895,0,1,t,679,1,954,19,,3543,7,48,17,2016
208896,0,1,t,427,2,954,19,,3543,7,191,2,2016
208897,0,2,t,365,3,954,19,,3543,7,6,0,2016
208898,0,3,t,145,4,954,19,,3543,7,198,0,2016
208899,0,3,t,136,5,954,19,,3543,7,141,0,2016
208900,0,5,t,74,6,954,19,,3543,7,117,0,2016
208901,0,6,t,55,7,954,19,,3543,7,195,0,2016
208902,0,5,t,29,8,954,19,,3543,7,207,0,2016
208903,0,7,t,8,9,954,19,,3543,7,152,0,2016
208904,0,10,t,1,10,954,19,,3543,7,206,0,2016
208905,0,11,t,0,11,954,19,,3543,7,182,0,2016
208906,0,1,t,722,1,955,20,,3550,7,48,18,2016
208907,0,1,t,446,2,955,20,,3550,7,191,2,2016
208908,0,2,t,375,3,955,20,,3550,7,6,0,2016
208909,0,3,t,163,4,955,20,,3550,7,198,0,2016
208910,0,3,t,136,5,955,20,,3550,7,141,0,2016
208911,0,5,t,75,6,955,20,,3550,7,117,0,2016
208912,0,6,t,63,7,955,20,,3550,7,195,0,2016
208913,0,5,t,29,8,955,20,,3550,7,207,0,2016
208914,0,7,t,8,9,955,20,,3550,7,152,0,2016
208915,0,9,t,2,10,955,20,,3550,7,182,0,2016
208916,0,10,t,1,11,955,20,,3550,7,206,0,2016
208917,0,1,t,765,1,956,21,67,3557,7,48,19,2016
208918,0,1,t,468,2,956,21,67,3557,7,191,2,2016
208919,0,2,t,398,3,956,21,67,3557,7,6,0,2016
208920,0,3,t,173,4,956,21,67,3557,7,198,0,2016
208921,0,3,t,138,5,956,21,67,3557,7,141,0,2016
208922,0,5,t,76,6,956,21,67,3557,7,117,0,2016
208923,0,6,t,63,7,956,21,67,3557,7,195,0,2016
208924,0,5,t,29,8,956,21,67,3557,7,207,0,2016
208925,0,7,t,8,9,956,21,67,3557,7,152,0,2016
208926,0,9,t,2,10,956,21,67,3557,7,182,0,2016
208927,0,10,t,1,11,956,21,67,3557,7,206,0,2016
208928,0,1,t,37,1,957,1,,3564,7,6,1,2017
208929,0,2,t,33,2,957,1,,3564,7,48,0,2017
208930,0,5,t,10,3,957,1,,3564,7,191,0,2017
208931,0,6,t,8,4,957,1,,3564,7,141,0,2017
208932,0,7,t,7,5,957,1,,3564,7,198,0,2017
208933,0,8,t,6,6,957,1,,3564,7,195,0,2017
208934,0,11,t,0,7,957,1,,3564,7,152,0,2017
208935,0,12,t,0,8,957,1,,3564,7,182,0,2017
208936,0,13,t,0,9,957,1,,3564,7,117,0,2017
208937,0,,f,0,,957,1,,3564,7,207,0,2017
208938,0,1,t,66,1,958,2,,3571,7,48,1,2017
208939,0,1,t,65,2,958,2,,3571,7,6,1,2017
208940,0,3,t,37,3,958,2,,3571,7,191,0,2017
208941,0,7,t,12,4,958,2,,3571,7,195,0,2017
208942,0,7,t,10,5,958,2,,3571,7,198,0,2017
208943,0,6,t,8,6,958,2,,3571,7,141,0,2017
208944,0,8,t,4,7,958,2,,3571,7,207,0,2017
208945,0,11,t,0,8,958,2,,3571,7,152,0,2017
208946,0,12,t,0,9,958,2,,3571,7,182,0,2017
208947,0,13,t,0,10,958,2,,3571,7,117,0,2017
208948,0,1,t,102,1,959,3,,3578,7,6,2,2017
208949,0,1,t,99,2,959,3,,3578,7,48,1,2017
208950,0,3,t,47,3,959,3,,3578,7,191,0,2017
208951,0,7,t,17,4,959,3,,3578,7,198,0,2017
208952,0,6,t,16,5,959,3,,3578,7,141,0,2017
208953,0,7,t,12,6,959,3,,3578,7,195,0,2017
208954,0,8,t,8,7,959,3,,3578,7,207,0,2017
208955,0,9,t,2,8,959,3,,3578,7,152,0,2017
208956,0,11,t,0,9,959,3,,3578,7,182,0,2017
208957,0,13,t,0,10,959,3,,3578,7,117,0,2017
208958,0,1,t,136,1,960,4,,3585,7,48,2,2017
208959,0,1,t,135,2,960,4,,3585,7,6,2,2017
208960,0,3,t,57,3,960,4,,3585,7,191,0,2017
208961,0,6,t,31,4,960,4,,3585,7,198,0,2017
208962,0,6,t,18,5,960,4,,3585,7,141,0,2017
208963,0,7,t,13,6,960,4,,3585,7,195,0,2017
208964,0,8,t,8,7,960,4,,3585,7,207,0,2017
208965,0,8,t,6,8,960,4,,3585,7,152,0,2017
208966,0,11,t,0,9,960,4,,3585,7,182,0,2017
208967,0,13,t,0,10,960,4,,3585,7,117,0,2017
208968,0,1,t,161,1,961,5,,3592,7,48,3,2017
208969,0,1,t,153,2,961,5,,3592,7,6,2,2017
208970,0,3,t,72,3,961,5,,3592,7,191,0,2017
208971,0,4,t,53,4,961,5,,3592,7,198,0,2017
208972,0,7,t,21,5,961,5,,3592,7,195,0,2017
208973,0,6,t,18,6,961,5,,3592,7,141,0,2017
208974,0,6,t,14,7,961,5,,3592,7,152,0,2017
208975,0,8,t,9,8,961,5,,3592,7,207,0,2017
208976,0,8,t,4,9,961,5,,3592,7,182,0,2017
208977,0,12,t,0,10,961,5,,3592,7,117,0,2017
208978,0,1,t,196,1,962,6,,3599,7,6,3,2017
208979,0,1,t,179,2,962,6,,3599,7,48,3,2017
208980,0,3,t,97,3,962,6,,3599,7,191,0,2017
208981,0,4,t,53,4,962,6,,3599,7,198,0,2017
208982,0,6,t,29,5,962,6,,3599,7,195,0,2017
208983,0,6,t,20,6,962,6,,3599,7,141,0,2017
208984,0,6,t,14,7,962,6,,3599,7,152,0,2017
208985,0,8,t,14,8,962,6,,3599,7,207,0,2017
208986,0,8,t,4,9,962,6,,3599,7,182,0,2017
208987,0,12,t,0,10,962,6,,3599,7,117,0,2017
208988,0,1,t,222,1,963,7,,3606,7,48,4,2017
208989,0,1,t,214,2,963,7,,3606,7,6,3,2017
208990,0,3,t,112,3,963,7,,3606,7,191,0,2017
208991,0,4,t,71,4,963,7,,3606,7,198,0,2017
208992,0,6,t,29,5,963,7,,3606,7,195,0,2017
208993,0,6,t,22,6,963,7,,3606,7,141,0,2017
208994,0,6,t,18,7,963,7,,3606,7,152,0,2017
208995,0,8,t,15,8,963,7,,3606,7,207,0,2017
208996,0,8,t,4,9,963,7,,3606,7,182,0,2017
208997,0,12,t,0,10,963,7,,3606,7,117,0,2017
208998,0,1,t,250,1,964,8,,3613,7,48,4,2017
208999,0,1,t,226,2,964,8,,3613,7,6,3,2017
209000,0,1,t,137,3,964,8,,3613,7,191,1,2017
209001,0,4,t,79,4,964,8,,3613,7,198,0,2017
209002,0,3,t,37,5,964,8,,3613,7,141,0,2017
209003,0,6,t,33,6,964,8,,3613,7,195,0,2017
209004,0,7,t,21,7,964,8,,3613,7,207,0,2017
209005,0,6,t,18,8,964,8,,3613,7,152,0,2017
209006,0,8,t,5,9,964,8,,3613,7,182,0,2017
209007,0,9,t,2,10,964,8,,3613,7,117,0,2017
209008,0,1,t,287,1,965,9,,3620,7,48,5,2017
209009,0,1,t,254,2,965,9,,3620,7,6,3,2017
209010,0,1,t,152,3,965,9,,3620,7,191,1,2017
209011,0,4,t,89,4,965,9,,3620,7,198,0,2017
209012,0,3,t,40,5,965,9,,3620,7,141,0,2017
209013,0,6,t,33,6,965,9,,3620,7,195,0,2017
209014,0,6,t,29,7,965,9,,3620,7,207,0,2017
209015,0,6,t,18,8,965,9,,3620,7,152,0,2017
209016,0,8,t,5,9,965,9,,3620,7,182,0,2017
209017,0,9,t,2,10,965,9,,3620,7,117,0,2017
209018,0,1,t,330,1,966,10,,3627,7,48,6,2017
209019,0,1,t,275,2,966,10,,3627,7,6,3,2017
209020,0,1,t,174,3,966,10,,3627,7,191,1,2017
209021,0,4,t,95,4,966,10,,3627,7,198,0,2017
209022,0,3,t,41,5,966,10,,3627,7,141,0,2017
209023,0,6,t,33,6,966,10,,3627,7,195,0,2017
209024,0,6,t,29,7,966,10,,3627,7,207,0,2017
209025,0,6,t,26,8,966,10,,3627,7,152,0,2017
209026,0,8,t,5,9,966,10,,3627,7,182,0,2017
209027,0,9,t,2,10,966,10,,3627,7,117,0,2017
209028,0,1,t,357,1,967,11,,3634,7,48,6,2017
209029,0,1,t,318,2,967,11,,3634,7,6,4,2017
209030,0,1,t,184,3,967,11,,3634,7,191,1,2017
209031,0,4,t,101,4,967,11,,3634,7,198,0,2017
209032,0,3,t,41,5,967,11,,3634,7,141,0,2017
209033,0,6,t,39,6,967,11,,3634,7,195,0,2017
209034,0,6,t,29,7,967,11,,3634,7,207,0,2017
209035,0,6,t,26,8,967,11,,3634,7,152,0,2017
209036,0,6,t,11,9,967,11,,3634,7,117,0,2017
209037,0,8,t,5,10,967,11,,3634,7,182,0,2017
209038,0,1,t,392,1,968,12,,3641,7,48,7,2017
209039,0,1,t,348,2,968,12,,3641,7,6,4,2017
209040,0,1,t,199,3,968,12,,3641,7,191,1,2017
209041,0,4,t,103,4,968,12,,3641,7,198,0,2017
209042,0,3,t,45,5,968,12,,3641,7,141,0,2017
209043,0,6,t,40,6,968,12,,3641,7,195,0,2017
209044,0,6,t,35,7,968,12,,3641,7,207,0,2017
209045,0,6,t,34,8,968,12,,3641,7,152,0,2017
209046,0,6,t,11,9,968,12,,3641,7,117,0,2017
209047,0,8,t,5,10,968,12,,3641,7,182,0,2017
209048,0,1,t,435,1,969,13,,3648,7,48,8,2017
209049,0,1,t,373,2,969,13,,3648,7,6,4,2017
209050,0,1,t,212,3,969,13,,3648,7,191,1,2017
209051,0,4,t,113,4,969,13,,3648,7,198,0,2017
209052,0,3,t,55,5,969,13,,3648,7,141,0,2017
209053,0,6,t,40,6,969,13,,3648,7,195,0,2017
209054,0,6,t,35,7,969,13,,3648,7,207,0,2017
209055,0,6,t,34,8,969,13,,3648,7,152,0,2017
209056,0,6,t,11,9,969,13,,3648,7,117,0,2017
209057,0,8,t,5,10,969,13,,3648,7,182,0,2017
209058,0,1,t,475,1,970,14,,3655,7,48,9,2017
209059,0,1,t,373,2,970,14,,3655,7,6,4,2017
209060,0,1,t,230,3,970,14,,3655,7,191,1,2017
209061,0,4,t,124,4,970,14,,3655,7,198,0,2017
209062,0,3,t,59,5,970,14,,3655,7,141,0,2017
209063,0,4,t,52,6,970,14,,3655,7,195,0,2017
209064,0,6,t,42,7,970,14,,3655,7,152,0,2017
209065,0,6,t,37,8,970,14,,3655,7,207,0,2017
209066,0,6,t,17,9,970,14,,3655,7,117,0,2017
209067,0,8,t,5,10,970,14,,3655,7,182,0,2017
209068,0,1,t,503,1,971,15,,3662,7,48,9,2017
209069,0,1,t,385,2,971,15,,3662,7,6,4,2017
209070,0,1,t,270,3,971,15,,3662,7,191,2,2017
209071,0,4,t,133,4,971,15,,3662,7,198,0,2017
209072,0,3,t,65,5,971,15,,3662,7,141,0,2017
209073,0,4,t,52,6,971,15,,3662,7,195,0,2017
209074,0,6,t,42,7,971,15,,3662,7,152,0,2017
209075,0,6,t,37,8,971,15,,3662,7,207,0,2017
209076,0,6,t,23,9,971,15,,3662,7,117,0,2017
209077,0,8,t,5,10,971,15,,3662,7,182,0,2017
209078,0,1,t,540,1,972,16,,3669,7,48,10,2017
209079,0,1,t,395,2,972,16,,3669,7,6,4,2017
209080,0,1,t,303,3,972,16,,3669,7,191,2,2017
209081,0,4,t,147,4,972,16,,3669,7,198,0,2017
209082,0,3,t,66,5,972,16,,3669,7,141,0,2017
209083,0,4,t,52,6,972,16,,3669,7,195,0,2017
209084,0,6,t,43,7,972,16,,3669,7,207,0,2017
209085,0,6,t,42,8,972,16,,3669,7,152,0,2017
209086,0,6,t,23,9,972,16,,3669,7,117,0,2017
209087,0,8,t,5,10,972,16,,3669,7,182,0,2017
209088,0,1,t,575,1,973,17,,3676,7,48,11,2017
209089,0,1,t,428,2,973,17,,3676,7,6,4,2017
209090,0,1,t,315,3,973,17,,3676,7,191,2,2017
209091,0,4,t,159,4,973,17,,3676,7,198,0,2017
209092,0,3,t,68,5,973,17,,3676,7,141,0,2017
209093,0,4,t,53,6,973,17,,3676,7,195,0,2017
209094,0,6,t,48,7,973,17,,3676,7,152,0,2017
209095,0,6,t,43,8,973,17,,3676,7,207,0,2017
209096,0,6,t,23,9,973,17,,3676,7,117,0,2017
209097,0,8,t,5,10,973,17,,3676,7,182,0,2017
209098,0,1,t,595,1,974,18,,3683,7,48,11,2017
209099,0,1,t,455,2,974,18,,3683,7,6,4,2017
209100,0,1,t,340,3,974,18,,3683,7,191,3,2017
209101,0,4,t,175,4,974,18,,3683,7,198,0,2017
209102,0,3,t,76,5,974,18,,3683,7,141,0,2017
209103,0,4,t,53,6,974,18,,3683,7,195,0,2017
209104,0,6,t,48,7,974,18,,3683,7,152,0,2017
209105,0,6,t,47,8,974,18,,3683,7,207,0,2017
209106,0,6,t,24,9,974,18,,3683,7,117,0,2017
209107,0,8,t,5,10,974,18,,3683,7,182,0,2017
209108,0,1,t,625,1,975,19,,3690,7,48,11,2017
209109,0,1,t,495,2,975,19,,3690,7,6,5,2017
209110,0,1,t,358,3,975,19,,3690,7,191,3,2017
209111,0,4,t,177,4,975,19,,3690,7,198,0,2017
209112,0,3,t,82,5,975,19,,3690,7,141,0,2017
209113,0,4,t,53,6,975,19,,3690,7,195,0,2017
209114,0,6,t,49,7,975,19,,3690,7,152,0,2017
209115,0,6,t,47,8,975,19,,3690,7,207,0,2017
209116,0,6,t,28,9,975,19,,3690,7,117,0,2017
209117,0,8,t,5,10,975,19,,3690,7,182,0,2017
209118,0,1,t,668,1,976,20,68,3697,7,48,12,2017
209119,0,1,t,522,2,976,20,68,3697,7,6,5,2017
209120,0,1,t,368,3,976,20,68,3697,7,191,3,2017
209121,0,4,t,187,4,976,20,68,3697,7,198,0,2017
209122,0,3,t,83,5,976,20,68,3697,7,141,0,2017
209123,0,6,t,57,6,976,20,68,3697,7,152,0,2017
209124,0,4,t,53,7,976,20,68,3697,7,195,0,2017
209125,0,6,t,47,8,976,20,68,3697,7,207,0,2017
209126,0,6,t,30,9,976,20,68,3697,7,117,0,2017
209127,0,8,t,5,10,976,20,68,3697,7,182,0,2017
209128,0,1,t,40,1,977,1,,3704,7,6,1,2018
209129,0,2,t,22,2,977,1,,3704,7,48,0,2018
209130,0,4,t,20,3,977,1,,3704,7,191,0,2018
209131,0,5,t,12,4,977,1,,3704,7,117,0,2018
209132,0,7,t,7,5,977,1,,3704,7,152,0,2018
209133,0,11,t,0,6,977,1,,3704,7,198,0,2018
209134,0,13,t,0,7,977,1,,3704,7,182,0,2018
209135,0,14,t,0,8,977,1,,3704,7,141,0,2018
209136,0,15,t,0,9,977,1,,3704,7,195,0,2018
209137,0,,f,0,,977,1,,3704,7,207,0,2018
209138,0,1,t,65,1,978,2,,3711,7,6,2,2018
209139,0,2,t,55,2,978,2,,3711,7,48,0,2018
209140,0,5,t,22,3,978,2,,3711,7,117,0,2018
209141,0,4,t,20,4,978,2,,3711,7,191,0,2018
209142,0,6,t,15,5,978,2,,3711,7,152,0,2018
209143,0,4,t,12,6,978,2,,3711,7,195,0,2018
209144,0,5,t,10,7,978,2,,3711,7,207,0,2018
209145,0,9,t,2,8,978,2,,3711,7,182,0,2018
209146,0,10,t,1,9,978,2,,3711,7,198,0,2018
209147,0,14,t,0,10,978,2,,3711,7,141,0,2018
209148,0,2,t,85,1,979,3,,3718,7,48,0,2018
209149,0,1,t,84,2,979,3,,3718,7,6,2,2018
209150,0,1,t,55,3,979,3,,3718,7,191,1,2018
209151,0,5,t,28,4,979,3,,3718,7,117,0,2018
209152,0,6,t,25,5,979,3,,3718,7,152,0,2018
209153,0,4,t,12,6,979,3,,3718,7,195,0,2018
209154,0,5,t,11,7,979,3,,3718,7,207,0,2018
209155,0,9,t,2,8,979,3,,3718,7,182,0,2018
209156,0,10,t,1,9,979,3,,3718,7,198,0,2018
209157,0,14,t,0,10,979,3,,3718,7,141,0,2018
209158,0,1,t,114,1,980,4,,3725,7,6,2,2018
209159,0,1,t,110,2,980,4,,3725,7,48,1,2018
209160,0,1,t,55,3,980,4,,3725,7,191,1,2018
209161,0,5,t,36,4,980,4,,3725,7,117,0,2018
209162,0,5,t,35,5,980,4,,3725,7,152,0,2018
209163,0,3,t,16,6,980,4,,3725,7,198,0,2018
209164,0,4,t,13,7,980,4,,3725,7,195,0,2018
209165,0,5,t,11,8,980,4,,3725,7,207,0,2018
209166,0,6,t,10,9,980,4,,3725,7,182,0,2018
209167,0,8,t,4,10,980,4,,3725,7,141,0,2018
209168,0,1,t,153,1,981,5,,3732,7,48,2,2018
209169,0,1,t,126,2,981,5,,3732,7,6,2,2018
209170,0,1,t,80,3,981,5,,3732,7,191,1,2018
209171,0,5,t,41,4,981,5,,3732,7,152,0,2018
209172,0,5,t,40,5,981,5,,3732,7,117,0,2018
209173,0,5,t,19,6,981,5,,3732,7,207,0,2018
209174,0,3,t,18,7,981,5,,3732,7,198,0,2018
209175,0,4,t,13,8,981,5,,3732,7,195,0,2018
209176,0,6,t,11,9,981,5,,3732,7,182,0,2018
209177,0,8,t,4,10,981,5,,3732,7,141,0,2018
209178,0,1,t,178,1,982,6,,3739,7,48,2,2018
209179,0,1,t,156,2,982,6,,3739,7,6,2,2018
209180,0,1,t,107,3,982,6,,3739,7,191,2,2018
209181,0,5,t,46,4,982,6,,3739,7,152,0,2018
209182,0,5,t,40,5,982,6,,3739,7,117,0,2018
209183,0,3,t,26,6,982,6,,3739,7,198,0,2018
209184,0,4,t,19,7,982,6,,3739,7,195,0,2018
209185,0,5,t,19,8,982,6,,3739,7,207,0,2018
209186,0,6,t,11,9,982,6,,3739,7,182,0,2018
209187,0,8,t,4,10,982,6,,3739,7,141,0,2018
209188,0,1,t,206,1,983,7,,3746,7,48,2,2018
209189,0,1,t,189,2,983,7,,3746,7,6,3,2018
209190,0,1,t,134,3,983,7,,3746,7,191,2,2018
209191,0,5,t,56,4,983,7,,3746,7,152,0,2018
209192,0,5,t,40,5,983,7,,3746,7,117,0,2018
209193,0,3,t,28,6,983,7,,3746,7,198,0,2018
209194,0,4,t,19,7,983,7,,3746,7,195,0,2018
209195,0,5,t,19,8,983,7,,3746,7,207,0,2018
209196,0,6,t,12,9,983,7,,3746,7,182,0,2018
209197,0,8,t,4,10,983,7,,3746,7,141,0,2018
209198,0,1,t,237,1,984,8,,3753,7,48,3,2018
209199,0,1,t,214,2,984,8,,3753,7,6,3,2018
209200,0,1,t,164,3,984,8,,3753,7,191,2,2018
209201,0,5,t,62,4,984,8,,3753,7,152,0,2018
209202,0,5,t,40,5,984,8,,3753,7,117,0,2018
209203,0,3,t,28,6,984,8,,3753,7,198,0,2018
209204,0,5,t,27,7,984,8,,3753,7,207,0,2018
209205,0,4,t,19,8,984,8,,3753,7,195,0,2018
209206,0,6,t,13,9,984,8,,3753,7,182,0,2018
209207,0,8,t,4,10,984,8,,3753,7,141,0,2018
209208,0,1,t,247,1,985,9,,3760,7,6,3,2018
209209,0,1,t,237,2,985,9,,3760,7,48,3,2018
209210,0,1,t,189,3,985,9,,3760,7,191,3,2018
209211,0,5,t,62,4,985,9,,3760,7,152,0,2018
209212,0,4,t,49,5,985,9,,3760,7,207,0,2018
209213,0,5,t,44,6,985,9,,3760,7,117,0,2018
209214,0,3,t,42,7,985,9,,3760,7,198,0,2018
209215,0,4,t,19,8,985,9,,3760,7,195,0,2018
209216,0,6,t,16,9,985,9,,3760,7,182,0,2018
209217,0,8,t,4,10,985,9,,3760,7,141,0,2018
209218,0,1,t,287,1,986,10,,3767,7,6,4,2018
209219,0,1,t,267,2,986,10,,3767,7,48,3,2018
209220,0,1,t,199,3,986,10,,3767,7,191,3,2018
209221,0,5,t,70,4,986,10,,3767,7,152,0,2018
209222,0,4,t,51,5,986,10,,3767,7,207,0,2018
209223,0,3,t,49,6,986,10,,3767,7,198,0,2018
209224,0,5,t,48,7,986,10,,3767,7,117,0,2018
209225,0,4,t,19,8,986,10,,3767,7,195,0,2018
209226,0,6,t,16,9,986,10,,3767,7,182,0,2018
209227,0,8,t,4,10,986,10,,3767,7,141,0,2018
209228,0,1,t,310,1,987,11,,3774,7,48,4,2018
209229,0,1,t,302,2,987,11,,3774,7,6,4,2018
209230,0,1,t,211,3,987,11,,3774,7,191,3,2018
209231,0,5,t,80,4,987,11,,3774,7,152,0,2018
209232,0,3,t,59,5,987,11,,3774,7,198,0,2018
209233,0,4,t,59,6,987,11,,3774,7,207,0,2018
209234,0,5,t,48,7,987,11,,3774,7,117,0,2018
209235,0,4,t,20,8,987,11,,3774,7,195,0,2018
209236,0,6,t,18,9,987,11,,3774,7,182,0,2018
209237,0,8,t,4,10,987,11,,3774,7,141,0,2018
209238,0,1,t,345,1,988,12,,3781,7,48,5,2018
209239,0,1,t,335,2,988,12,,3781,7,6,4,2018
209240,0,1,t,223,3,988,12,,3781,7,191,3,2018
209241,0,5,t,82,4,988,12,,3781,7,152,0,2018
209242,0,4,t,66,5,988,12,,3781,7,207,0,2018
209243,0,3,t,59,6,988,12,,3781,7,198,0,2018
209244,0,5,t,52,7,988,12,,3781,7,117,0,2018
209245,0,4,t,28,8,988,12,,3781,7,195,0,2018
209246,0,6,t,18,9,988,12,,3781,7,182,0,2018
209247,0,8,t,4,10,988,12,,3781,7,141,0,2018
209248,0,1,t,375,1,989,13,,3788,7,48,5,2018
209249,0,1,t,360,2,989,13,,3788,7,6,5,2018
209250,0,1,t,238,3,989,13,,3788,7,191,3,2018
209251,0,5,t,82,4,989,13,,3788,7,152,0,2018
209252,0,3,t,77,5,989,13,,3788,7,198,0,2018
209253,0,4,t,76,6,989,13,,3788,7,207,0,2018
209254,0,5,t,52,7,989,13,,3788,7,117,0,2018
209255,0,4,t,30,8,989,13,,3788,7,195,0,2018
209256,0,6,t,19,9,989,13,,3788,7,182,0,2018
209257,0,8,t,4,10,989,13,,3788,7,141,0,2018
209258,0,1,t,415,1,990,14,,3795,7,48,6,2018
209259,0,1,t,390,2,990,14,,3795,7,6,5,2018
209260,0,1,t,248,3,990,14,,3795,7,191,3,2018
209261,0,3,t,91,4,990,14,,3795,7,198,0,2018
209262,0,5,t,86,5,990,14,,3795,7,152,0,2018
209263,0,4,t,76,6,990,14,,3795,7,207,0,2018
209264,0,5,t,52,7,990,14,,3795,7,117,0,2018
209265,0,4,t,30,8,990,14,,3795,7,195,0,2018
209266,0,6,t,19,9,990,14,,3795,7,182,0,2018
209267,0,8,t,7,10,990,14,,3795,7,141,0,2018
209268,0,1,t,452,1,991,15,,3802,7,48,7,2018
209269,0,1,t,415,2,991,15,,3802,7,6,5,2018
209270,0,1,t,274,3,991,15,,3802,7,191,3,2018
209271,0,3,t,91,4,991,15,,3802,7,198,0,2018
209272,0,5,t,91,5,991,15,,3802,7,152,0,2018
209273,0,4,t,76,6,991,15,,3802,7,207,0,2018
209274,0,5,t,58,7,991,15,,3802,7,117,0,2018
209275,0,4,t,30,8,991,15,,3802,7,195,0,2018
209276,0,6,t,21,9,991,15,,3802,7,182,0,2018
209277,0,8,t,7,10,991,15,,3802,7,141,0,2018
209278,0,1,t,495,1,992,16,,3809,7,48,8,2018
209279,0,1,t,442,2,992,16,,3809,7,6,5,2018
209280,0,1,t,292,3,992,16,,3809,7,191,3,2018
209281,0,3,t,94,4,992,16,,3809,7,198,0,2018
209282,0,5,t,91,5,992,16,,3809,7,152,0,2018
209283,0,4,t,80,6,992,16,,3809,7,207,0,2018
209284,0,5,t,58,7,992,16,,3809,7,117,0,2018
209285,0,4,t,30,8,992,16,,3809,7,195,0,2018
209286,0,6,t,27,9,992,16,,3809,7,182,0,2018
209287,0,8,t,7,10,992,16,,3809,7,141,0,2018
209288,0,1,t,538,1,993,17,,3816,7,48,9,2018
209289,0,1,t,460,2,993,17,,3816,7,6,5,2018
209290,0,1,t,319,3,993,17,,3816,7,191,3,2018
209291,0,3,t,102,4,993,17,,3816,7,198,0,2018
209292,0,5,t,92,5,993,17,,3816,7,152,0,2018
209293,0,4,t,84,6,993,17,,3816,7,207,0,2018
209294,0,5,t,58,7,993,17,,3816,7,117,0,2018
209295,0,4,t,30,8,993,17,,3816,7,195,0,2018
209296,0,6,t,27,9,993,17,,3816,7,182,0,2018
209297,0,8,t,7,10,993,17,,3816,7,141,0,2018
209298,0,1,t,563,1,994,18,,3823,7,48,9,2018
209299,0,1,t,497,2,994,18,,3823,7,6,6,2018
209300,0,1,t,337,3,994,18,,3823,7,191,3,2018
209301,0,3,t,106,4,994,18,,3823,7,198,0,2018
209302,0,5,t,106,5,994,18,,3823,7,152,0,2018
209303,0,4,t,84,6,994,18,,3823,7,207,0,2018
209304,0,5,t,58,7,994,18,,3823,7,117,0,2018
209305,0,4,t,32,8,994,18,,3823,7,195,0,2018
209306,0,6,t,28,9,994,18,,3823,7,182,0,2018
209307,0,8,t,7,10,994,18,,3823,7,141,0,2018
209308,0,1,t,585,1,995,19,,3830,7,48,9,2018
209309,0,1,t,530,2,995,19,,3830,7,6,6,2018
209310,0,1,t,362,3,995,19,,3830,7,191,4,2018
209311,0,5,t,114,4,995,19,,3830,7,152,0,2018
209312,0,3,t,106,5,995,19,,3830,7,198,0,2018
209313,0,4,t,84,6,995,19,,3830,7,207,0,2018
209314,0,5,t,62,7,995,19,,3830,7,117,0,2018
209315,0,6,t,36,8,995,19,,3830,7,182,0,2018
209316,0,4,t,33,9,995,19,,3830,7,195,0,2018
209317,0,8,t,7,10,995,19,,3830,7,141,0,2018
209318,0,1,t,620,1,996,20,,3837,7,48,10,2018
209319,0,1,t,553,2,996,20,,3837,7,6,6,2018
209320,0,1,t,392,3,996,20,,3837,7,191,4,2018
209321,0,5,t,114,4,996,20,,3837,7,152,0,2018
209322,0,3,t,107,5,996,20,,3837,7,198,0,2018
209323,0,4,t,90,6,996,20,,3837,7,207,0,2018
209324,0,5,t,62,7,996,20,,3837,7,117,0,2018
209325,0,6,t,42,8,996,20,,3837,7,182,0,2018
209326,0,4,t,33,9,996,20,,3837,7,195,0,2018
209327,0,8,t,7,10,996,20,,3837,7,141,0,2018
209328,0,1,t,655,1,997,21,69,3844,7,48,11,2018
209329,0,1,t,571,2,997,21,69,3844,7,6,6,2018
209330,0,1,t,419,3,997,21,69,3844,7,191,4,2018
209331,0,5,t,122,4,997,21,69,3844,7,152,0,2018
209332,0,3,t,111,5,997,21,69,3844,7,198,0,2018
209333,0,4,t,93,6,997,21,69,3844,7,207,0,2018
209334,0,5,t,62,7,997,21,69,3844,7,117,0,2018
209335,0,6,t,48,8,997,21,69,3844,7,182,0,2018
209336,0,4,t,33,9,997,21,69,3844,7,195,0,2018
209337,0,8,t,7,10,997,21,69,3844,7,141,0,2018
209338,0,1,t,44,1,998,1,,3851,7,48,1,2019
209339,0,4,t,22,2,998,1,,3851,7,6,0,2019
209340,0,3,t,15,3,998,1,,3851,7,191,0,2019
209341,0,6,t,8,4,998,1,,3851,7,207,0,2019
209342,0,7,t,6,5,998,1,,3851,7,152,0,2019
209343,0,8,t,4,6,998,1,,3851,7,1,0,2019
209344,0,9,t,2,7,998,1,,3851,7,208,0,2019
209345,0,10,t,1,8,998,1,,3851,7,195,0,2019
209346,0,12,t,0,9,998,1,,3851,7,117,0,2019
209347,0,16,t,0,10,998,1,,3851,7,141,0,2019
209348,0,1,t,87,1,999,2,,3858,7,48,2,2019
209349,0,3,t,48,2,999,2,,3858,7,6,0,2019
209350,0,3,t,31,3,999,2,,3858,7,191,0,2019
209351,0,7,t,10,4,999,2,,3858,7,1,0,2019
209352,0,6,t,8,5,999,2,,3858,7,117,0,2019
209353,0,6,t,8,6,999,2,,3858,7,207,0,2019
209354,0,7,t,6,7,999,2,,3858,7,152,0,2019
209355,0,9,t,3,8,999,2,,3858,7,195,0,2019
209356,0,9,t,3,9,999,2,,3858,7,208,0,2019
209357,0,15,t,0,10,999,2,,3858,7,141,0,2019
209358,0,1,t,130,1,1000,3,,3865,7,48,3,2019
209359,0,3,t,73,2,1000,3,,3865,7,6,0,2019
209360,0,3,t,52,3,1000,3,,3865,7,191,0,2019
209361,0,7,t,12,4,1000,3,,3865,7,152,0,2019
209362,0,7,t,12,5,1000,3,,3865,7,1,0,2019
209363,0,6,t,8,6,1000,3,,3865,7,207,0,2019
209364,0,6,t,8,7,1000,3,,3865,7,117,0,2019
209365,0,8,t,7,8,1000,3,,3865,7,208,0,2019
209366,0,9,t,4,9,1000,3,,3865,7,195,0,2019
209367,0,15,t,0,10,1000,3,,3865,7,141,0,2019
209368,0,1,t,173,1,1001,4,,3872,7,48,4,2019
209369,0,3,t,99,2,1001,4,,3872,7,6,0,2019
209370,0,3,t,64,3,1001,4,,3872,7,191,0,2019
209371,0,6,t,18,4,1001,4,,3872,7,117,0,2019
209372,0,6,t,17,5,1001,4,,3872,7,208,0,2019
209373,0,7,t,13,6,1001,4,,3872,7,1,0,2019
209374,0,7,t,12,7,1001,4,,3872,7,152,0,2019
209375,0,6,t,8,8,1001,4,,3872,7,207,0,2019
209376,0,9,t,4,9,1001,4,,3872,7,195,0,2019
209377,0,15,t,0,10,1001,4,,3872,7,141,0,2019
209378,0,1,t,217,1,1002,5,,3879,7,48,5,2019
209379,0,3,t,121,2,1002,5,,3879,7,6,0,2019
209380,0,3,t,87,3,1002,5,,3879,7,191,0,2019
209381,0,6,t,22,4,1002,5,,3879,7,117,0,2019
209382,0,6,t,17,5,1002,5,,3879,7,208,0,2019
209383,0,6,t,15,6,1002,5,,3879,7,207,0,2019
209384,0,7,t,13,7,1002,5,,3879,7,1,0,2019
209385,0,7,t,12,8,1002,5,,3879,7,152,0,2019
209386,0,9,t,6,9,1002,5,,3879,7,195,0,2019
209387,0,15,t,0,10,1002,5,,3879,7,141,0,2019
209388,0,1,t,257,1,1003,6,,3886,7,48,6,2019
209389,0,2,t,139,2,1003,6,,3886,7,6,0,2019
209390,0,3,t,110,3,1003,6,,3886,7,191,0,2019
209391,0,6,t,30,4,1003,6,,3886,7,117,0,2019
209392,0,6,t,17,5,1003,6,,3886,7,208,0,2019
209393,0,6,t,16,6,1003,6,,3886,7,207,0,2019
209394,0,7,t,16,7,1003,6,,3886,7,195,0,2019
209395,0,7,t,14,8,1003,6,,3886,7,152,0,2019
209396,0,7,t,13,9,1003,6,,3886,7,1,0,2019
209397,0,15,t,0,10,1003,6,,3886,7,141,0,2019
209398,0,1,t,295,1,1004,7,,3893,7,48,7,2019
209399,0,2,t,172,2,1004,7,,3893,7,6,0,2019
209400,0,3,t,124,3,1004,7,,3893,7,191,0,2019
209401,0,6,t,30,4,1004,7,,3893,7,117,0,2019
209402,0,6,t,28,5,1004,7,,3893,7,152,0,2019
209403,0,6,t,19,6,1004,7,,3893,7,208,0,2019
209404,0,7,t,17,7,1004,7,,3893,7,195,0,2019
209405,0,6,t,16,8,1004,7,,3893,7,207,0,2019
209406,0,7,t,13,9,1004,7,,3893,7,1,0,2019
209407,0,15,t,0,10,1004,7,,3893,7,141,0,2019
209408,0,1,t,338,1,1005,8,,3900,7,48,8,2019
209409,0,2,t,198,2,1005,8,,3900,7,6,0,2019
209410,0,3,t,137,3,1005,8,,3900,7,191,0,2019
209411,0,6,t,40,4,1005,8,,3900,7,117,0,2019
209412,0,6,t,32,5,1005,8,,3900,7,152,0,2019
209413,0,6,t,19,6,1005,8,,3900,7,208,0,2019
209414,0,7,t,19,7,1005,8,,3900,7,1,0,2019
209415,0,7,t,17,8,1005,8,,3900,7,195,0,2019
209416,0,6,t,16,9,1005,8,,3900,7,207,0,2019
209417,0,15,t,0,10,1005,8,,3900,7,141,0,2019
209418,0,1,t,363,1,1006,9,,3907,7,48,8,2019
209419,0,2,t,228,2,1006,9,,3907,7,6,0,2019
209420,0,1,t,169,3,1006,9,,3907,7,191,1,2019
209421,0,6,t,52,4,1006,9,,3907,7,117,0,2019
209422,0,6,t,32,5,1006,9,,3907,7,152,0,2019
209423,0,7,t,22,6,1006,9,,3907,7,1,0,2019
209424,0,6,t,19,7,1006,9,,3907,7,208,0,2019
209425,0,7,t,17,8,1006,9,,3907,7,195,0,2019
209426,0,6,t,16,9,1006,9,,3907,7,207,0,2019
209427,0,15,t,0,10,1006,9,,3907,7,141,0,2019
209428,0,1,t,407,1,1007,10,,3914,7,48,9,2019
209429,0,2,t,243,2,1007,10,,3914,7,6,0,2019
209430,0,1,t,191,3,1007,10,,3914,7,191,1,2019
209431,0,6,t,60,4,1007,10,,3914,7,117,0,2019
209432,0,6,t,39,5,1007,10,,3914,7,152,0,2019
209433,0,7,t,26,6,1007,10,,3914,7,1,0,2019
209434,0,6,t,19,7,1007,10,,3914,7,208,0,2019
209435,0,7,t,19,8,1007,10,,3914,7,195,0,2019
209436,0,6,t,16,9,1007,10,,3914,7,207,0,2019
209437,0,14,t,0,10,1007,10,,3914,7,141,0,2019
209438,0,1,t,409,1,1008,11,,3921,7,48,9,2019
209439,0,2,t,261,2,1008,11,,3921,7,6,0,2019
209440,0,1,t,217,3,1008,11,,3921,7,191,2,2019
209441,0,5,t,70,4,1008,11,,3921,7,117,0,2019
209442,0,3,t,42,5,1008,11,,3921,7,195,0,2019
209443,0,6,t,39,6,1008,11,,3921,7,152,0,2019
209444,0,4,t,31,7,1008,11,,3921,7,208,0,2019
209445,0,6,t,26,8,1008,11,,3921,7,207,0,2019
209446,0,7,t,26,9,1008,11,,3921,7,1,0,2019
209447,0,10,t,1,10,1008,11,,3921,7,141,0,2019
209448,0,1,t,438,1,1009,12,,3928,7,48,10,2019
209449,0,2,t,288,2,1009,12,,3928,7,6,0,2019
209450,0,1,t,244,3,1009,12,,3928,7,191,2,2019
209451,0,5,t,82,4,1009,12,,3928,7,117,0,2019
209452,0,3,t,43,5,1009,12,,3928,7,195,0,2019
209453,0,6,t,39,6,1009,12,,3928,7,152,0,2019
209454,0,7,t,32,7,1009,12,,3928,7,1,0,2019
209455,0,4,t,31,8,1009,12,,3928,7,208,0,2019
209456,0,6,t,26,9,1009,12,,3928,7,207,0,2019
209457,0,10,t,1,10,1009,12,,3928,7,141,0,2019
209458,0,1,t,471,1,1010,13,,3935,7,48,10,2019
209459,0,1,t,326,2,1010,13,,3935,7,6,1,2019
209460,0,1,t,254,3,1010,13,,3935,7,191,2,2019
209461,0,5,t,82,4,1010,13,,3935,7,117,0,2019
209462,0,3,t,51,5,1010,13,,3935,7,195,0,2019
209463,0,6,t,43,6,1010,13,,3935,7,152,0,2019
209464,0,4,t,40,7,1010,13,,3935,7,208,0,2019
209465,0,7,t,32,8,1010,13,,3935,7,1,0,2019
209466,0,6,t,26,9,1010,13,,3935,7,207,0,2019
209467,0,10,t,1,10,1010,13,,3935,7,141,0,2019
209468,0,1,t,505,1,1011,14,,3942,7,48,10,2019
209469,0,1,t,351,2,1011,14,,3942,7,6,2,2019
209470,0,1,t,266,3,1011,14,,3942,7,191,2,2019
209471,0,5,t,83,4,1011,14,,3942,7,117,0,2019
209472,0,4,t,65,5,1011,14,,3942,7,152,0,2019
209473,0,3,t,51,6,1011,14,,3942,7,195,0,2019
209474,0,4,t,46,7,1011,14,,3942,7,208,0,2019
209475,0,7,t,34,8,1011,14,,3942,7,1,0,2019
209476,0,6,t,26,9,1011,14,,3942,7,207,0,2019
209477,0,10,t,1,10,1011,14,,3942,7,141,0,2019
209478,0,1,t,527,1,1012,15,,3949,7,48,10,2019
209479,0,1,t,394,2,1012,15,,3949,7,6,3,2019
209480,0,1,t,289,3,1012,15,,3949,7,191,2,2019
209481,0,5,t,89,4,1012,15,,3949,7,117,0,2019
209482,0,4,t,67,5,1012,15,,3949,7,152,0,2019
209483,0,3,t,55,6,1012,15,,3949,7,195,0,2019
209484,0,4,t,46,7,1012,15,,3949,7,208,0,2019
209485,0,7,t,35,8,1012,15,,3949,7,1,0,2019
209486,0,6,t,26,9,1012,15,,3949,7,207,0,2019
209487,0,10,t,1,10,1012,15,,3949,7,141,0,2019
209488,0,1,t,571,1,1013,16,,3956,7,48,11,2019
209489,0,1,t,409,2,1013,16,,3956,7,6,3,2019
209490,0,1,t,311,3,1013,16,,3956,7,191,2,2019
209491,0,5,t,101,4,1013,16,,3956,7,117,0,2019
209492,0,4,t,68,5,1013,16,,3956,7,152,0,2019
209493,0,3,t,55,6,1013,16,,3956,7,195,0,2019
209494,0,4,t,52,7,1013,16,,3956,7,208,0,2019
209495,0,7,t,35,8,1013,16,,3956,7,1,0,2019
209496,0,6,t,28,9,1013,16,,3956,7,207,0,2019
209497,0,10,t,1,10,1013,16,,3956,7,141,0,2019
209498,0,1,t,612,1,1014,17,,3963,7,48,12,2019
209499,0,1,t,435,2,1014,17,,3963,7,6,3,2019
209500,0,1,t,323,3,1014,17,,3963,7,191,2,2019
209501,0,5,t,111,4,1014,17,,3963,7,117,0,2019
209502,0,4,t,68,5,1014,17,,3963,7,152,0,2019
209503,0,3,t,62,6,1014,17,,3963,7,195,0,2019
209504,0,4,t,58,7,1014,17,,3963,7,208,0,2019
209505,0,7,t,35,8,1014,17,,3963,7,1,0,2019
209506,0,6,t,28,9,1014,17,,3963,7,207,0,2019
209507,0,10,t,1,10,1014,17,,3963,7,141,0,2019
209508,0,1,t,652,1,1015,18,,3970,7,48,13,2019
209509,0,1,t,466,2,1015,18,,3970,7,6,3,2019
209510,0,1,t,341,3,1015,18,,3970,7,191,2,2019
209511,0,5,t,111,4,1015,18,,3970,7,117,0,2019
209512,0,4,t,73,5,1015,18,,3970,7,152,0,2019
209513,0,3,t,64,6,1015,18,,3970,7,195,0,2019
209514,0,4,t,64,7,1015,18,,3970,7,208,0,2019
209515,0,7,t,35,8,1015,18,,3970,7,1,0,2019
209516,0,6,t,28,9,1015,18,,3970,7,207,0,2019
209517,0,10,t,1,10,1015,18,,3970,7,141,0,2019
209518,0,1,t,695,1,1016,19,,3977,7,48,14,2019
209519,0,1,t,479,2,1016,19,,3977,7,6,3,2019
209520,0,1,t,366,3,1016,19,,3977,7,191,2,2019
209521,0,5,t,121,4,1016,19,,3977,7,117,0,2019
209522,0,4,t,83,5,1016,19,,3977,7,152,0,2019
209523,0,4,t,65,6,1016,19,,3977,7,208,0,2019
209524,0,3,t,64,7,1016,19,,3977,7,195,0,2019
209525,0,7,t,35,8,1016,19,,3977,7,1,0,2019
209526,0,6,t,28,9,1016,19,,3977,7,207,0,2019
209527,0,10,t,1,10,1016,19,,3977,7,141,0,2019
209528,0,1,t,701,1,1017,20,,3984,7,48,14,2019
209529,0,1,t,479,2,1017,20,,3984,7,6,3,2019
209530,0,1,t,391,3,1017,20,,3984,7,191,3,2019
209531,0,3,t,140,4,1017,20,,3984,7,117,0,2019
209532,0,4,t,91,5,1017,20,,3984,7,152,0,2019
209533,0,2,t,83,6,1017,20,,3984,7,195,0,2019
209534,0,4,t,67,7,1017,20,,3984,7,208,0,2019
209535,0,4,t,57,8,1017,20,,3984,7,1,0,2019
209536,0,6,t,28,9,1017,20,,3984,7,207,0,2019
209537,0,10,t,1,10,1017,20,,3984,7,141,0,2019
209538,0,1,t,739,1,1018,21,70,3991,7,48,15,2019
209539,0,1,t,504,2,1018,21,70,3991,7,6,3,2019
209540,0,1,t,417,3,1018,21,70,3991,7,191,3,2019
209541,0,3,t,145,4,1018,21,70,3991,7,117,0,2019
209542,0,4,t,91,5,1018,21,70,3991,7,152,0,2019
209543,0,2,t,85,6,1018,21,70,3991,7,195,0,2019
209544,0,4,t,73,7,1018,21,70,3991,7,208,0,2019
209545,0,4,t,57,8,1018,21,70,3991,7,1,0,2019
209546,0,6,t,28,9,1018,21,70,3991,7,207,0,2019
209547,0,10,t,1,10,1018,21,70,3991,7,141,0,2019
209548,0,1,t,37,1,1019,1,,3998,7,48,1,2020
209549,0,3,t,26,2,1019,1,,3998,7,117,0,2020
209550,0,2,t,19,3,1019,1,,3998,7,6,0,2020
209551,0,7,t,6,4,1019,1,,3998,7,209,0,2020
209552,0,8,t,4,5,1019,1,,3998,7,152,0,2020
209553,0,9,t,2,6,1019,1,,3998,7,1,0,2020
209554,1,6,t,0,7,1019,1,,3998,7,208,0,2020
209555,0,11,t,0,8,1019,1,,3998,7,141,0,2020
209556,0,13,t,0,9,1019,1,,3998,7,191,0,2020
209557,0,,f,0,,1019,1,,3998,7,207,0,2020
209558,0,1,t,80,1,1020,2,,4005,7,48,2,2020
209559,0,3,t,39,2,1020,2,,4005,7,117,0,2020
209560,0,3,t,27,3,1020,2,,4005,7,191,0,2020
209561,0,2,t,19,4,1020,2,,4005,7,6,0,2020
209562,0,8,t,8,5,1020,2,,4005,7,152,0,2020
209563,1,6,t,7,6,1020,2,,4005,7,208,0,2020
209564,0,7,t,7,7,1020,2,,4005,7,209,0,2020
209565,0,9,t,2,8,1020,2,,4005,7,1,0,2020
209566,0,11,t,0,9,1020,2,,4005,7,141,0,2020
209567,0,12,t,0,10,1020,2,,4005,7,207,0,2020
209568,0,1,t,121,1,1021,3,,4012,7,48,3,2020
209569,0,2,t,55,2,1021,3,,4012,7,191,0,2020
209570,0,3,t,41,3,1021,3,,4012,7,117,0,2020
209571,0,2,t,27,4,1021,3,,4012,7,6,0,2020
209572,1,4,t,25,5,1021,3,,4012,7,208,0,2020
209573,0,8,t,12,6,1021,3,,4012,7,152,0,2020
209574,0,7,t,7,7,1021,3,,4012,7,209,0,2020
209575,0,9,t,2,8,1021,3,,4012,7,1,0,2020
209576,0,10,t,1,9,1021,3,,4012,7,207,0,2020
209577,0,11,t,0,10,1021,3,,4012,7,141,0,2020
209578,0,1,t,146,1,1022,4,,4019,7,48,4,2020
209579,0,2,t,78,2,1022,4,,4019,7,191,0,2020
209580,0,3,t,51,3,1022,4,,4019,7,117,0,2020
209581,0,2,t,43,4,1022,4,,4019,7,6,0,2020
209582,0,4,t,32,5,1022,4,,4019,7,152,0,2020
209583,1,4,t,27,6,1022,4,,4019,7,208,0,2020
209584,0,7,t,13,7,1022,4,,4019,7,209,0,2020
209585,0,9,t,2,8,1022,4,,4019,7,1,0,2020
209586,0,10,t,1,9,1022,4,,4019,7,207,0,2020
209587,0,11,t,0,10,1022,4,,4019,7,141,0,2020
209588,0,1,t,180,1,1023,5,,4026,7,48,4,2020
209589,0,1,t,113,2,1023,5,,4026,7,191,1,2020
209590,0,2,t,55,3,1023,5,,4026,7,6,0,2020
209591,0,3,t,53,4,1023,5,,4026,7,117,0,2020
209592,1,4,t,41,5,1023,5,,4026,7,208,0,2020
209593,0,4,t,36,6,1023,5,,4026,7,152,0,2020
209594,0,7,t,14,7,1023,5,,4026,7,209,0,2020
209595,0,9,t,2,8,1023,5,,4026,7,1,0,2020
209596,0,10,t,1,9,1023,5,,4026,7,207,0,2020
209597,0,11,t,0,10,1023,5,,4026,7,141,0,2020
209598,0,1,t,221,1,1024,6,,4033,7,48,5,2020
209599,0,1,t,135,2,1024,6,,4033,7,191,1,2020
209600,1,4,t,63,3,1024,6,,4033,7,208,0,2020
209601,0,3,t,62,4,1024,6,,4033,7,117,0,2020
209602,0,2,t,61,5,1024,6,,4033,7,6,0,2020
209603,0,4,t,36,6,1024,6,,4033,7,152,0,2020
209604,0,7,t,16,7,1024,6,,4033,7,209,0,2020
209605,0,9,t,2,8,1024,6,,4033,7,1,0,2020
209606,0,10,t,1,9,1024,6,,4033,7,207,0,2020
209607,0,11,t,0,10,1024,6,,4033,7,141,0,2020
209608,0,1,t,264,1,1025,7,,4040,7,48,6,2020
209609,0,1,t,158,2,1025,7,,4040,7,191,1,2020
209610,0,3,t,68,3,1025,7,,4040,7,117,0,2020
209611,1,4,t,66,4,1025,7,,4040,7,208,0,2020
209612,0,2,t,61,5,1025,7,,4040,7,6,0,2020
209613,0,4,t,59,6,1025,7,,4040,7,152,0,2020
209614,0,7,t,20,7,1025,7,,4040,7,209,0,2020
209615,0,9,t,2,8,1025,7,,4040,7,1,0,2020
209616,0,10,t,1,9,1025,7,,4040,7,207,0,2020
209617,0,11,t,0,10,1025,7,,4040,7,141,0,2020
209618,0,1,t,281,1,1026,8,,4047,7,48,6,2020
209619,0,1,t,158,2,1026,8,,4047,7,191,1,2020
209620,0,2,t,98,3,1026,8,,4047,7,117,0,2020
209621,1,3,t,82,4,1026,8,,4047,7,208,0,2020
209622,0,4,t,71,5,1026,8,,4047,7,152,0,2020
209623,0,2,t,61,6,1026,8,,4047,7,6,0,2020
209624,0,1,t,47,7,1026,8,,4047,7,209,1,2020
209625,0,9,t,2,8,1026,8,,4047,7,1,0,2020
209626,0,10,t,1,9,1026,8,,4047,7,207,0,2020
209627,0,11,t,0,10,1026,8,,4047,7,141,0,2020
209628,0,1,t,325,1,1027,9,,4054,7,48,7,2020
209629,0,1,t,173,2,1027,9,,4054,7,191,1,2020
209630,0,2,t,106,3,1027,9,,4054,7,117,0,2020
209631,1,3,t,92,4,1027,9,,4054,7,208,0,2020
209632,0,4,t,83,5,1027,9,,4054,7,152,0,2020
209633,0,2,t,66,6,1027,9,,4054,7,6,0,2020
209634,0,1,t,53,7,1027,9,,4054,7,209,1,2020
209635,0,9,t,4,8,1027,9,,4054,7,1,0,2020
209636,0,10,t,1,9,1027,9,,4054,7,207,0,2020
209637,0,11,t,0,10,1027,9,,4054,7,141,0,2020
209638,0,1,t,366,1,1028,10,,4061,7,48,8,2020
209639,0,1,t,192,2,1028,10,,4061,7,191,1,2020
209640,0,2,t,106,3,1028,10,,4061,7,117,0,2020
209641,1,3,t,104,4,1028,10,,4061,7,208,0,2020
209642,0,4,t,99,5,1028,10,,4061,7,152,0,2020
209643,0,2,t,74,6,1028,10,,4061,7,6,0,2020
209644,0,1,t,59,7,1028,10,,4061,7,209,1,2020
209645,0,9,t,4,8,1028,10,,4061,7,1,0,2020
209646,0,10,t,1,9,1028,10,,4061,7,207,0,2020
209647,0,11,t,0,10,1028,10,,4061,7,141,0,2020
209648,0,1,t,391,1,1029,11,,4068,7,48,9,2020
209649,0,1,t,211,2,1029,11,,4068,7,191,1,2020
209650,1,3,t,120,3,1029,11,,4068,7,208,0,2020
209651,0,2,t,116,4,1029,11,,4068,7,117,0,2020
209652,0,3,t,114,5,1029,11,,4068,7,152,0,2020
209653,0,2,t,80,6,1029,11,,4068,7,6,0,2020
209654,0,1,t,67,7,1029,11,,4068,7,209,1,2020
209655,0,9,t,5,8,1029,11,,4068,7,1,0,2020
209656,0,9,t,3,9,1029,11,,4068,7,207,0,2020
209657,0,11,t,0,10,1029,11,,4068,7,141,0,2020
209658,0,1,t,435,1,1030,12,,4075,7,48,10,2020
209659,0,1,t,226,2,1030,12,,4075,7,191,1,2020
209660,1,3,t,126,3,1030,12,,4075,7,208,0,2020
209661,0,2,t,124,4,1030,12,,4075,7,117,0,2020
209662,0,3,t,120,5,1030,12,,4075,7,152,0,2020
209663,0,2,t,93,6,1030,12,,4075,7,6,0,2020
209664,0,1,t,77,7,1030,12,,4075,7,209,1,2020
209665,0,9,t,5,8,1030,12,,4075,7,1,0,2020
209666,0,9,t,3,9,1030,12,,4075,7,207,0,2020
209667,0,11,t,0,10,1030,12,,4075,7,141,0,2020
209668,0,1,t,479,1,1031,13,,4082,7,48,11,2020
209669,0,1,t,226,2,1031,13,,4082,7,191,1,2020
209670,0,3,t,135,3,1031,13,,4082,7,152,0,2020
209671,0,2,t,134,4,1031,13,,4082,7,117,0,2020
209672,1,3,t,134,5,1031,13,,4082,7,208,0,2020
209673,0,2,t,103,6,1031,13,,4082,7,6,0,2020
209674,0,1,t,89,7,1031,13,,4082,7,209,1,2020
209675,0,9,t,8,8,1031,13,,4082,7,1,0,2020
209676,0,9,t,3,9,1031,13,,4082,7,207,0,2020
209677,0,11,t,0,10,1031,13,,4082,7,141,0,2020
209678,0,1,t,504,1,1032,14,,4089,7,48,12,2020
209679,0,1,t,240,2,1032,14,,4089,7,191,1,2020
209680,1,2,t,154,3,1032,14,,4089,7,208,0,2020
209681,0,2,t,149,4,1032,14,,4089,7,117,0,2020
209682,0,3,t,136,5,1032,14,,4089,7,152,0,2020
209683,0,2,t,130,6,1032,14,,4089,7,6,0,2020
209684,0,1,t,89,7,1032,14,,4089,7,209,1,2020
209685,0,9,t,8,8,1032,14,,4089,7,1,0,2020
209686,0,9,t,3,9,1032,14,,4089,7,207,0,2020
209687,0,11,t,0,10,1032,14,,4089,7,141,0,2020
209688,0,1,t,533,1,1033,15,,4096,7,48,13,2020
209689,0,1,t,274,2,1033,15,,4096,7,191,1,2020
209690,0,2,t,171,3,1033,15,,4096,7,117,0,2020
209691,1,2,t,154,4,1033,15,,4096,7,208,0,2020
209692,0,3,t,144,5,1033,15,,4096,7,152,0,2020
209693,0,2,t,131,6,1033,15,,4096,7,6,0,2020
209694,0,1,t,97,7,1033,15,,4096,7,209,1,2020
209695,0,9,t,8,8,1033,15,,4096,7,1,0,2020
209696,0,9,t,3,9,1033,15,,4096,7,207,0,2020
209697,0,11,t,0,10,1033,15,,4096,7,141,0,2020
209698,0,1,t,540,1,1034,16,,4103,7,48,13,2020
209699,0,1,t,282,2,1034,16,,4103,7,191,1,2020
209700,1,1,t,194,3,1034,16,,4103,7,208,1,2020
209701,0,2,t,184,4,1034,16,,4103,7,117,0,2020
209702,0,2,t,172,5,1034,16,,4103,7,152,0,2020
209703,0,2,t,131,6,1034,16,,4103,7,6,0,2020
209704,0,1,t,103,7,1034,16,,4103,7,209,1,2020
209705,0,9,t,8,8,1034,16,,4103,7,1,0,2020
209706,0,9,t,3,9,1034,16,,4103,7,207,0,2020
209707,0,11,t,0,10,1034,16,,4103,7,141,0,2020
209708,0,1,t,573,1,1035,17,71,4110,7,48,13,2020
209709,0,1,t,319,2,1035,17,71,4110,7,191,2,2020
209710,0,2,t,202,3,1035,17,71,4110,7,117,0,2020
209711,1,1,t,195,4,1035,17,71,4110,7,208,1,2020
209712,0,2,t,181,5,1035,17,71,4110,7,152,0,2020
209713,0,2,t,131,6,1035,17,71,4110,7,6,0,2020
209714,0,1,t,107,7,1035,17,71,4110,7,209,1,2020
209715,0,9,t,8,8,1035,17,71,4110,7,1,0,2020
209716,0,9,t,3,9,1035,17,71,4110,7,207,0,2020
209717,0,11,t,0,10,1035,17,71,4110,7,141,0,2020
209718,0,1,t,41,1,1036,1,,4117,7,48,1,2021
209719,0,2,t,28,2,1036,1,,4117,7,191,0,2021
209720,0,4,t,18,3,1036,1,,4117,7,117,0,2021
209721,0,6,t,12,4,1036,1,,4117,7,6,0,2021
209722,0,9,t,2,5,1036,1,,4117,7,209,0,2021
209723,0,10,t,1,6,1036,1,,4117,7,64,0,2021
209724,0,11,t,0,7,1036,1,,4117,7,1,0,2021
209725,0,13,t,0,8,1036,1,,4117,7,210,0,2021
209726,0,14,t,0,9,1036,1,,4117,7,141,0,2021
209727,0,16,t,0,10,1036,1,,4117,7,207,0,2021
209728,0,1,t,60,1,1037,2,,4124,7,48,1,2021
209729,0,1,t,53,2,1037,2,,4124,7,191,1,2021
209730,0,3,t,41,3,1037,2,,4124,7,117,0,2021
209731,0,4,t,34,4,1037,2,,4124,7,6,0,2021
209732,0,7,t,8,5,1037,2,,4124,7,209,0,2021
209733,0,8,t,5,6,1037,2,,4124,7,64,0,2021
209734,0,9,t,3,7,1037,2,,4124,7,210,0,2021
209735,0,11,t,0,8,1037,2,,4124,7,1,0,2021
209736,0,14,t,0,9,1037,2,,4124,7,141,0,2021
209737,0,16,t,0,10,1037,2,,4124,7,207,0,2021
209738,0,1,t,101,1,1038,3,,4131,7,48,2,2021
209739,0,1,t,83,2,1038,3,,4131,7,191,1,2021
209740,0,3,t,53,3,1038,3,,4131,7,117,0,2021
209741,0,4,t,42,4,1038,3,,4131,7,6,0,2021
209742,0,7,t,13,5,1038,3,,4131,7,210,0,2021
209743,0,7,t,9,6,1038,3,,4131,7,209,0,2021
209744,0,8,t,5,7,1038,3,,4131,7,64,0,2021
209745,0,11,t,0,8,1038,3,,4131,7,1,0,2021
209746,0,14,t,0,9,1038,3,,4131,7,141,0,2021
209747,0,16,t,0,10,1038,3,,4131,7,207,0,2021
209748,0,1,t,141,1,1039,4,,4138,7,48,3,2021
209749,0,1,t,112,2,1039,4,,4138,7,191,1,2021
209750,0,3,t,65,3,1039,4,,4138,7,117,0,2021
209751,0,4,t,60,4,1039,4,,4138,7,6,0,2021
209752,0,7,t,15,5,1039,4,,4138,7,210,0,2021
209753,0,7,t,10,6,1039,4,,4138,7,209,0,2021
209754,0,8,t,5,7,1039,4,,4138,7,64,0,2021
209755,0,11,t,0,8,1039,4,,4138,7,1,0,2021
209756,0,14,t,0,9,1039,4,,4138,7,141,0,2021
209757,0,16,t,0,10,1039,4,,4138,7,207,0,2021
209758,0,1,t,149,1,1040,5,,4145,7,191,2,2021
209759,0,1,t,148,2,1040,5,,4145,7,48,3,2021
209760,0,3,t,80,3,1040,5,,4145,7,117,0,2021
209761,0,2,t,78,4,1040,5,,4145,7,6,0,2021
209762,0,5,t,19,5,1040,5,,4145,7,64,0,2021
209763,0,6,t,18,6,1040,5,,4145,7,209,0,2021
209764,0,7,t,17,7,1040,5,,4145,7,210,0,2021
209765,0,10,t,1,8,1040,5,,4145,7,1,0,2021
209766,0,14,t,0,9,1040,5,,4145,7,141,0,2021
209767,0,16,t,0,10,1040,5,,4145,7,207,0,2021
209768,0,1,t,174,1,1041,6,,4152,7,191,3,2021
209769,0,1,t,148,2,1041,6,,4152,7,48,3,2021
209770,0,2,t,94,3,1041,6,,4152,7,6,0,2021
209771,0,3,t,92,4,1041,6,,4152,7,117,0,2021
209772,0,3,t,39,5,1041,6,,4152,7,209,0,2021
209773,0,2,t,37,6,1041,6,,4152,7,64,0,2021
209774,0,6,t,25,7,1041,6,,4152,7,210,0,2021
209775,0,10,t,2,8,1041,6,,4152,7,1,0,2021
209776,0,13,t,0,9,1041,6,,4152,7,207,0,2021
209777,0,14,t,0,10,1041,6,,4152,7,141,0,2021
209778,0,1,t,215,1,1042,7,,4159,7,191,4,2021
209779,0,1,t,178,2,1042,7,,4159,7,48,3,2021
209780,0,3,t,110,3,1042,7,,4159,7,117,0,2021
209781,0,2,t,94,4,1042,7,,4159,7,6,0,2021
209782,0,3,t,45,5,1042,7,,4159,7,209,0,2021
209783,0,2,t,40,6,1042,7,,4159,7,64,0,2021
209784,0,6,t,29,7,1042,7,,4159,7,210,0,2021
209785,0,10,t,2,8,1042,7,,4159,7,1,0,2021
209786,0,12,t,0,9,1042,7,,4159,7,141,0,2021
209787,0,13,t,0,10,1042,7,,4159,7,207,0,2021
209788,0,1,t,252,1,1043,8,,4166,7,191,5,2021
209789,0,1,t,212,2,1043,8,,4166,7,48,3,2021
209790,0,3,t,120,3,1043,8,,4166,7,117,0,2021
209791,0,2,t,108,4,1043,8,,4166,7,6,0,2021
209792,0,3,t,46,5,1043,8,,4166,7,209,0,2021
209793,0,2,t,44,6,1043,8,,4166,7,64,0,2021
209794,0,6,t,31,7,1043,8,,4166,7,210,0,2021
209795,0,10,t,2,8,1043,8,,4166,7,1,0,2021
209796,0,12,t,0,9,1043,8,,4166,7,141,0,2021
209797,0,13,t,0,10,1043,8,,4166,7,207,0,2021
209798,0,1,t,286,1,1044,9,,4173,7,191,6,2021
209799,0,1,t,242,2,1044,9,,4173,7,48,3,2021
209800,0,3,t,141,3,1044,9,,4173,7,117,0,2021
209801,0,2,t,122,4,1044,9,,4173,7,6,0,2021
209802,0,3,t,48,5,1044,9,,4173,7,209,0,2021
209803,0,2,t,44,6,1044,9,,4173,7,64,0,2021
209804,0,6,t,32,7,1044,9,,4173,7,210,0,2021
209805,0,10,t,2,8,1044,9,,4173,7,1,0,2021
209806,0,11,t,0,9,1044,9,,4173,7,141,0,2021
209807,0,13,t,0,10,1044,9,,4173,7,207,0,2021
209808,0,1,t,289,1,,10,,4186,6,191,6,2021
209809,0,1,t,245,2,,10,,4186,6,48,3,2021
209810,0,3,t,141,3,,10,,4186,6,117,0,2021
209811,0,2,t,122,4,,10,,4186,6,6,0,2021
209812,0,3,t,48,5,,10,,4186,6,209,0,2021
209813,0,2,t,44,6,,10,,4186,6,64,0,2021
209814,0,6,t,32,7,,10,,4186,6,210,0,2021
209815,0,10,t,2,8,,10,,4186,6,1,0,2021
209816,0,11,t,0,9,,10,,4186,6,141,0,2021
209817,0,13,t,0,10,,10,,4186,6,207,0,2021
209818,0,1,t,289,1,1045,10,,4180,7,191,6,2021
209819,0,1,t,285,2,1045,10,,4180,7,48,4,2021
209820,0,3,t,163,3,1045,10,,4180,7,117,0,2021
209821,0,2,t,148,4,1045,10,,4180,7,6,0,2021
209822,0,3,t,49,5,1045,10,,4180,7,209,0,2021
209823,0,2,t,48,6,1045,10,,4180,7,64,0,2021
209824,0,6,t,40,7,1045,10,,4180,7,210,0,2021
209825,0,10,t,2,8,1045,10,,4180,7,1,0,2021
209826,0,11,t,0,9,1045,10,,4180,7,141,0,2021
209827,0,13,t,0,10,1045,10,,4180,7,207,0,2021
209828,0,1,t,303,1,1046,11,,4187,7,48,4,2021
209829,0,1,t,291,2,1046,11,,4187,7,191,6,2021
209830,0,2,t,163,3,1046,11,,4187,7,6,0,2021
209831,0,3,t,163,4,1046,11,,4187,7,117,0,2021
209832,0,1,t,77,5,1046,11,,4187,7,210,1,2021
209833,0,3,t,68,6,1046,11,,4187,7,209,0,2021
209834,0,2,t,48,7,1046,11,,4187,7,64,0,2021
209835,0,7,t,10,8,1046,11,,4187,7,141,0,2021
209836,0,10,t,3,9,1046,11,,4187,7,1,0,2021
209837,0,12,t,0,10,1046,11,,4187,7,207,0,2021
209838,0,1,t,310.5,1,1047,12,,4194,7,48,4,2021
209839,0,1,t,303.5,2,1047,12,,4194,7,191,7,2021
209840,0,3,t,169,3,1047,12,,4194,7,117,0,2021
209841,0,2,t,165.5,4,1047,12,,4194,7,6,0,2021
209842,0,1,t,80,5,1047,12,,4194,7,210,1,2021
209843,0,3,t,72,6,1047,12,,4194,7,209,0,2021
209844,0,2,t,53,7,1047,12,,4194,7,64,0,2021
209845,0,2,t,20,8,1047,12,,4194,7,141,0,2021
209846,0,10,t,3,9,1047,12,,4194,7,1,0,2021
209847,0,12,t,0,10,1047,12,,4194,7,207,0,2021
209848,0,1,t,344.5,1,1048,13,,4201,7,48,4,2021
209849,0,1,t,332.5,2,1048,13,,4201,7,191,8,2021
209850,0,2,t,181.5,3,1048,13,,4201,7,6,0,2021
209851,0,3,t,170,4,1048,13,,4201,7,117,0,2021
209852,0,1,t,90,5,1048,13,,4201,7,210,1,2021
209853,0,3,t,84,6,1048,13,,4201,7,209,0,2021
209854,0,2,t,53,7,1048,13,,4201,7,64,0,2021
209855,0,2,t,20,8,1048,13,,4201,7,141,0,2021
209856,0,10,t,3,9,1048,13,,4201,7,1,0,2021
209857,0,12,t,0,10,1048,13,,4201,7,207,0,2021
209858,0,1,t,347.5,1,,14,,4214,6,48,4,2021
209859,0,1,t,334.5,2,,14,,4214,6,191,8,2021
209860,0,2,t,181.5,3,,14,,4214,6,6,0,2021
209861,0,3,t,171,4,,14,,4214,6,117,0,2021
209862,0,1,t,90,5,,14,,4214,6,210,1,2021
209863,0,3,t,84,6,,14,,4214,6,209,0,2021
209864,0,2,t,53,7,,14,,4214,6,64,0,2021
209865,0,2,t,20,8,,14,,4214,6,141,0,2021
209866,0,10,t,3,9,,14,,4214,6,1,0,2021
209867,0,12,t,0,10,,14,,4214,6,207,0,2021
209868,0,1,t,362.5,1,1049,14,,4208,7,48,4,2021
209869,0,1,t,344.5,2,1049,14,,4208,7,191,8,2021
209870,0,1,t,215,3,1049,14,,4208,7,117,1,2021
209871,0,2,t,201.5,4,1049,14,,4208,7,6,0,2021
209872,0,1,t,95,5,1049,14,,4208,7,210,1,2021
209873,0,3,t,84,6,1049,14,,4208,7,209,0,2021
209874,0,2,t,59,7,1049,14,,4208,7,64,0,2021
209875,0,2,t,22,8,1049,14,,4208,7,141,0,2021
209876,0,10,t,3,9,1049,14,,4208,7,1,0,2021
209877,0,12,t,0,10,1049,14,,4208,7,207,0,2021
209878,0,1,t,397.5,1,1050,15,,4215,7,48,5,2021
209879,0,1,t,364.5,2,1050,15,,4215,7,191,8,2021
209880,0,1,t,234,3,1050,15,,4215,7,117,1,2021
209881,0,2,t,216.5,4,1050,15,,4215,7,6,0,2021
209882,0,1,t,103,5,1050,15,,4215,7,210,1,2021
209883,0,3,t,84,6,1050,15,,4215,7,209,0,2021
209884,0,2,t,59,7,1050,15,,4215,7,64,0,2021
209885,0,2,t,23,8,1050,15,,4215,7,141,0,2021
209886,0,8,t,7,9,1050,15,,4215,7,1,0,2021
209887,0,12,t,0,10,1050,15,,4215,7,207,0,2021
209888,0,1,t,433.5,1,1051,16,,4222,7,48,6,2021
209889,0,1,t,397.5,2,1051,16,,4222,7,191,8,2021
209890,0,1,t,240,3,1051,16,,4222,7,117,1,2021
209891,0,2,t,232.5,4,1051,16,,4222,7,6,0,2021
209892,0,1,t,104,5,1051,16,,4222,7,210,1,2021
209893,0,3,t,92,6,1051,16,,4222,7,209,0,2021
209894,0,2,t,61,7,1051,16,,4222,7,64,0,2021
209895,0,2,t,23,8,1051,16,,4222,7,141,0,2021
209896,0,8,t,7,9,1051,16,,4222,7,1,0,2021
209897,0,12,t,0,10,1051,16,,4222,7,207,0,2021
209898,0,1,t,460.5,1,1052,17,,4229,7,48,6,2021
209899,0,1,t,437.5,2,1052,17,,4229,7,191,9,2021
209900,0,1,t,254,3,1052,17,,4229,7,117,1,2021
209901,0,2,t,250.5,4,1052,17,,4229,7,6,0,2021
209902,0,1,t,104,5,1052,17,,4229,7,210,1,2021
209903,0,3,t,94,6,1052,17,,4229,7,209,0,2021
209904,0,2,t,62,7,1052,17,,4229,7,64,0,2021
209905,0,2,t,23,8,1052,17,,4229,7,141,0,2021
209906,0,8,t,7,9,1052,17,,4229,7,1,0,2021
209907,0,12,t,0,10,1052,17,,4229,7,207,0,2021
209908,0,1,t,478.5,1,1053,18,,4236,7,48,6,2021
209909,0,1,t,477.5,2,1053,18,,4236,7,191,10,2021
209910,0,2,t,268.5,3,1053,18,,4236,7,6,0,2021
209911,0,1,t,255,4,1053,18,,4236,7,117,1,2021
209912,0,1,t,106,5,1053,18,,4236,7,210,1,2021
209913,0,3,t,106,6,1053,18,,4236,7,209,0,2021
209914,0,2,t,68,7,1053,18,,4236,7,64,0,2021
209915,0,2,t,23,8,1053,18,,4236,7,141,0,2021
209916,0,8,t,11,9,1053,18,,4236,7,1,0,2021
209917,0,12,t,0,10,1053,18,,4236,7,207,0,2021
209918,0,1,t,481.5,1,,19,,4249,6,48,6,2021
209919,0,1,t,479.5,2,,19,,4249,6,191,10,2021
209920,0,2,t,269.5,3,,19,,4249,6,6,0,2021
209921,0,1,t,255,4,,19,,4249,6,117,1,2021
209922,0,1,t,106,5,,19,,4249,6,210,1,2021
209923,0,3,t,106,6,,19,,4249,6,209,0,2021
209924,0,2,t,68,7,,19,,4249,6,64,0,2021
209925,0,2,t,23,8,,19,,4249,6,141,0,2021
209926,0,8,t,11,9,,19,,4249,6,1,0,2021
209927,0,12,t,0,10,,19,,4249,6,207,0,2021
209928,0,1,t,521.5,1,1054,19,,4243,7,48,7,2021
209929,0,1,t,510.5,2,1054,19,,4243,7,191,10,2021
209930,0,2,t,287.5,3,1054,19,,4243,7,6,0,2021
209931,0,1,t,256,4,1054,19,,4243,7,117,1,2021
209932,0,1,t,112,5,1054,19,,4243,7,210,1,2021
209933,0,3,t,112,6,1054,19,,4243,7,209,0,2021
209934,0,2,t,68,7,1054,19,,4243,7,64,0,2021
209935,0,2,t,23,8,1054,19,,4243,7,141,0,2021
209936,0,8,t,11,9,1054,19,,4243,7,1,0,2021
209937,0,12,t,0,10,1054,19,,4243,7,207,0,2021
209938,0,1,t,546.5,1,1055,20,,4250,7,48,8,2021
209939,0,1,t,541.5,2,1055,20,,4250,7,191,10,2021
209940,0,2,t,297.5,3,1055,20,,4250,7,6,0,2021
209941,0,1,t,258,4,1055,20,,4250,7,117,1,2021
209942,0,1,t,137,5,1055,20,,4250,7,210,1,2021
209943,0,3,t,112,6,1055,20,,4250,7,209,0,2021
209944,0,2,t,77,7,1055,20,,4250,7,64,0,2021
209945,0,2,t,23,8,1055,20,,4250,7,141,0,2021
209946,0,8,t,11,9,1055,20,,4250,7,1,0,2021
209947,0,12,t,0,10,1055,20,,4250,7,207,0,2021
209948,0,1,t,587.5,1,1056,21,,4257,7,48,9,2021
209949,0,1,t,559.5,2,1056,21,,4257,7,191,10,2021
209950,0,2,t,307.5,3,1056,21,,4257,7,6,0,2021
209951,0,1,t,269,4,1056,21,,4257,7,117,1,2021
209952,0,1,t,149,5,1056,21,,4257,7,210,1,2021
209953,0,3,t,120,6,1056,21,,4257,7,209,0,2021
209954,0,2,t,77,7,1056,21,,4257,7,64,0,2021
209955,0,2,t,23,8,1056,21,,4257,7,141,0,2021
209956,0,8,t,13,9,1056,21,,4257,7,1,0,2021
209957,0,12,t,0,10,1056,21,,4257,7,207,0,2021
209958,0,1,t,613.5,1,1057,22,72,4264,7,48,9,2021
209959,0,1,t,585.5,2,1057,22,72,4264,7,191,11,2021
209960,0,2,t,323.5,3,1057,22,72,4264,7,6,0,2021
209961,0,1,t,275,4,1057,22,72,4264,7,117,1,2021
209962,0,1,t,155,5,1057,22,72,4264,7,210,1,2021
209963,0,3,t,142,6,1057,22,72,4264,7,209,0,2021
209964,0,2,t,77,7,1057,22,72,4264,7,64,0,2021
209965,0,2,t,23,8,1057,22,72,4264,7,141,0,2021
209966,0,8,t,13,9,1057,22,72,4264,7,1,0,2021
209967,0,12,t,0,10,1057,22,72,4264,7,207,0,2021
209968,0,1,t,44,1,1058,1,,4271,7,6,1,2022
209969,0,3,t,27,2,1058,1,,4271,7,48,0,2022
209970,0,5,t,10,3,1058,1,,4271,7,207,0,2022
209971,0,6,t,9,4,1058,1,,4271,7,1,0,2022
209972,0,7,t,8,5,1058,1,,4271,7,210,0,2022
209973,0,8,t,4,6,1058,1,,4271,7,209,0,2022
209974,0,12,t,0,7,1058,1,,4271,7,64,0,2022
209975,0,13,t,0,8,1058,1,,4271,7,141,0,2022
209976,0,14,t,0,9,1058,1,,4271,7,117,0,2022
209977,0,18,t,0,10,1058,1,,4271,7,191,0,2022
209978,0,1,t,78,1,1059,2,,4278,7,6,1,2022
209979,0,3,t,38,2,1059,2,,4278,7,48,0,2022
209980,0,1,t,37,3,1059,2,,4278,7,191,1,2022
209981,0,6,t,16,4,1059,2,,4278,7,210,0,2022
209982,0,5,t,12,5,1059,2,,4278,7,207,0,2022
209983,0,6,t,9,6,1059,2,,4278,7,1,0,2022
209984,0,8,t,8,7,1059,2,,4278,7,209,0,2022
209985,0,7,t,6,8,1059,2,,4278,7,117,0,2022
209986,0,12,t,0,9,1059,2,,4278,7,64,0,2022
209987,0,13,t,0,10,1059,2,,4278,7,141,0,2022
209988,0,1,t,104,1,1060,3,,4285,7,6,2,2022
209989,0,3,t,65,2,1060,3,,4285,7,48,0,2022
209990,0,1,t,55,3,1060,3,,4285,7,191,1,2022
209991,0,5,t,24,4,1060,3,,4285,7,117,0,2022
209992,0,6,t,22,5,1060,3,,4285,7,210,0,2022
209993,0,6,t,13,6,1060,3,,4285,7,1,0,2022
209994,0,5,t,12,7,1060,3,,4285,7,207,0,2022
209995,0,8,t,10,8,1060,3,,4285,7,209,0,2022
209996,0,10,t,1,9,1060,3,,4285,7,141,0,2022
209997,0,12,t,0,10,1060,3,,4285,7,64,0,2022
209998,0,1,t,116,1,,4,,4298,6,6,2,2022
209999,0,1,t,69,2,,4,,4298,6,191,1,2022
210000,0,3,t,65,3,,4,,4298,6,48,0,2022
210001,0,5,t,31,4,,4,,4298,6,117,0,2022
210002,0,6,t,22,5,,4,,4298,6,210,0,2022
210003,0,6,t,15,6,,4,,4298,6,1,0,2022
210004,0,5,t,13,7,,4,,4298,6,207,0,2022
210005,0,8,t,10,8,,4,,4298,6,209,0,2022
210006,0,10,t,1,9,,4,,4298,6,141,0,2022
210007,0,12,t,0,10,,4,,4298,6,64,0,2022
210008,0,1,t,124,1,1061,4,,4292,7,6,2,2022
210009,0,1,t,113,2,1061,4,,4292,7,191,2,2022
210010,0,3,t,77,3,1061,4,,4292,7,48,0,2022
210011,0,3,t,46,4,1061,4,,4292,7,117,0,2022
210012,0,5,t,25,5,1061,4,,4292,7,1,0,2022
210013,0,6,t,22,6,1061,4,,4292,7,210,0,2022
210014,0,7,t,16,7,1061,4,,4292,7,209,0,2022
210015,0,5,t,15,8,1061,4,,4292,7,207,0,2022
210016,0,8,t,5,9,1061,4,,4292,7,64,0,2022
210017,0,10,t,1,10,1061,4,,4292,7,141,0,2022
210018,0,1,t,157,1,1062,5,,4299,7,6,2,2022
210019,0,1,t,151,2,1062,5,,4299,7,191,3,2022
210020,0,3,t,95,3,1062,5,,4299,7,48,0,2022
210021,0,3,t,46,4,1062,5,,4299,7,117,0,2022
210022,0,5,t,31,5,1062,5,,4299,7,1,0,2022
210023,0,6,t,26,6,1062,5,,4299,7,210,0,2022
210024,0,7,t,16,7,1062,5,,4299,7,209,0,2022
210025,0,5,t,15,8,1062,5,,4299,7,207,0,2022
210026,0,8,t,6,9,1062,5,,4299,7,64,0,2022
210027,0,9,t,3,10,1062,5,,4299,7,141,0,2022
210028,0,1,t,195,1,1063,6,,4306,7,191,4,2022
210029,0,1,t,169,2,1063,6,,4306,7,6,2,2022
210030,0,3,t,120,3,1063,6,,4306,7,48,0,2022
210031,0,3,t,50,4,1063,6,,4306,7,117,0,2022
210032,0,5,t,39,5,1063,6,,4306,7,1,0,2022
210033,0,6,t,34,6,1063,6,,4306,7,210,0,2022
210034,0,7,t,17,7,1063,6,,4306,7,209,0,2022
210035,0,5,t,15,8,1063,6,,4306,7,207,0,2022
210036,0,8,t,6,9,1063,6,,4306,7,64,0,2022
210037,0,9,t,3,10,1063,6,,4306,7,141,0,2022
210038,0,1,t,235,1,1064,7,,4313,7,191,5,2022
210039,0,1,t,199,2,1064,7,,4313,7,6,2,2022
210040,0,3,t,134,3,1064,7,,4313,7,48,0,2022
210041,0,3,t,59,4,1064,7,,4313,7,117,0,2022
210042,0,5,t,41,5,1064,7,,4313,7,1,0,2022
210043,0,6,t,40,6,1064,7,,4313,7,210,0,2022
210044,0,7,t,17,7,1064,7,,4313,7,209,0,2022
210045,0,5,t,15,8,1064,7,,4313,7,207,0,2022
210046,0,8,t,7,9,1064,7,,4313,7,64,0,2022
210047,0,9,t,3,10,1064,7,,4313,7,141,0,2022
210048,0,1,t,279,1,1065,8,,4320,7,191,6,2022
210049,0,1,t,199,2,1065,8,,4320,7,6,2,2022
210050,0,3,t,161,3,1065,8,,4320,7,48,0,2022
210051,0,3,t,65,4,1065,8,,4320,7,117,0,2022
210052,0,6,t,47,5,1065,8,,4320,7,210,0,2022
210053,0,5,t,41,6,1065,8,,4320,7,1,0,2022
210054,0,5,t,27,7,1065,8,,4320,7,209,0,2022
210055,0,5,t,15,8,1065,8,,4320,7,207,0,2022
210056,0,6,t,15,9,1065,8,,4320,7,64,0,2022
210057,0,9,t,3,10,1065,8,,4320,7,141,0,2022
210058,0,1,t,304,1,1066,9,,4327,7,191,7,2022
210059,0,1,t,228,2,1066,9,,4327,7,6,2,2022
210060,0,3,t,188,3,1066,9,,4327,7,48,0,2022
210061,0,3,t,65,4,1066,9,,4327,7,117,0,2022
210062,0,6,t,57,5,1066,9,,4327,7,210,0,2022
210063,0,5,t,51,6,1066,9,,4327,7,1,0,2022
210064,0,5,t,27,7,1066,9,,4327,7,209,0,2022
210065,0,6,t,16,8,1066,9,,4327,7,64,0,2022
210066,0,5,t,15,9,1066,9,,4327,7,207,0,2022
210067,0,9,t,3,10,1066,9,,4327,7,141,0,2022
210068,0,1,t,328,1,1067,10,,4334,7,191,7,2022
210069,0,1,t,265,2,1067,10,,4334,7,6,3,2022
210070,0,3,t,204,3,1067,10,,4334,7,48,0,2022
210071,0,3,t,73,4,1067,10,,4334,7,117,0,2022
210072,0,5,t,67,5,1067,10,,4334,7,210,0,2022
210073,0,5,t,51,6,1067,10,,4334,7,1,0,2022
210074,0,5,t,27,7,1067,10,,4334,7,209,0,2022
210075,0,5,t,20,8,1067,10,,4334,7,207,0,2022
210076,0,6,t,18,9,1067,10,,4334,7,64,0,2022
210077,0,9,t,3,10,1067,10,,4334,7,141,0,2022
210078,0,1,t,340,1,,11,,4347,6,191,7,2022
210079,0,1,t,278,2,,11,,4347,6,6,3,2022
210080,0,3,t,210,3,,11,,4347,6,48,0,2022
210081,0,3,t,73,4,,11,,4347,6,117,0,2022
210082,0,5,t,70,5,,11,,4347,6,210,0,2022
210083,0,5,t,51,6,,11,,4347,6,1,0,2022
210084,0,5,t,27,7,,11,,4347,6,209,0,2022
210085,0,5,t,22,8,,11,,4347,6,207,0,2022
210086,0,6,t,18,9,,11,,4347,6,64,0,2022
210087,0,9,t,3,10,,11,,4347,6,141,0,2022
210088,0,1,t,359,1,1068,11,,4341,7,191,7,2022
210089,0,1,t,303,2,1068,11,,4341,7,6,4,2022
210090,0,3,t,237,3,1068,11,,4341,7,48,0,2022
210091,0,3,t,81,4,1068,11,,4341,7,117,0,2022
210092,0,5,t,81,5,1068,11,,4341,7,210,0,2022
210093,0,5,t,51,6,1068,11,,4341,7,1,0,2022
210094,0,5,t,34,7,1068,11,,4341,7,207,0,2022
210095,0,5,t,27,8,1068,11,,4341,7,209,0,2022
210096,0,6,t,18,9,1068,11,,4341,7,64,0,2022
210097,0,9,t,3,10,1068,11,,4341,7,141,0,2022
210098,0,1,t,396,1,1069,12,,4348,7,191,8,2022
210099,0,1,t,314,2,1069,12,,4348,7,6,4,2022
210100,0,2,t,270,3,1069,12,,4348,7,48,0,2022
210101,0,5,t,93,4,1069,12,,4348,7,210,0,2022
210102,0,3,t,89,5,1069,12,,4348,7,117,0,2022
210103,0,5,t,51,6,1069,12,,4348,7,1,0,2022
210104,0,5,t,34,7,1069,12,,4348,7,207,0,2022
210105,0,5,t,27,8,1069,12,,4348,7,209,0,2022
210106,0,6,t,19,9,1069,12,,4348,7,64,0,2022
210107,0,9,t,3,10,1069,12,,4348,7,141,0,2022
210108,0,1,t,431,1,1070,13,,4355,7,191,9,2022
210109,0,1,t,334,2,1070,13,,4355,7,6,4,2022
210110,0,2,t,304,3,1070,13,,4355,7,48,0,2022
210111,0,5,t,99,4,1070,13,,4355,7,210,0,2022
210112,0,3,t,95,5,1070,13,,4355,7,117,0,2022
210113,0,5,t,51,6,1070,13,,4355,7,1,0,2022
210114,0,5,t,34,7,1070,13,,4355,7,207,0,2022
210115,0,5,t,27,8,1070,13,,4355,7,209,0,2022
210116,0,6,t,20,9,1070,13,,4355,7,64,0,2022
210117,0,9,t,3,10,1070,13,,4355,7,141,0,2022
210118,0,1,t,475,1,1071,14,,4362,7,191,10,2022
210119,0,1,t,357,2,1071,14,,4362,7,6,4,2022
210120,0,2,t,316,3,1071,14,,4362,7,48,0,2022
210121,0,5,t,115,4,1071,14,,4362,7,210,0,2022
210122,0,3,t,95,5,1071,14,,4362,7,117,0,2022
210123,0,5,t,51,6,1071,14,,4362,7,1,0,2022
210124,0,5,t,34,7,1071,14,,4362,7,207,0,2022
210125,0,5,t,29,8,1071,14,,4362,7,209,0,2022
210126,0,6,t,24,9,1071,14,,4362,7,64,0,2022
210127,0,9,t,4,10,1071,14,,4362,7,141,0,2022
210128,0,1,t,511,1,1072,15,,4369,7,191,11,2022
210129,0,1,t,376,2,1072,15,,4369,7,6,4,2022
210130,0,2,t,346,3,1072,15,,4369,7,48,0,2022
210131,0,5,t,125,4,1072,15,,4369,7,210,0,2022
210132,0,3,t,101,5,1072,15,,4369,7,117,0,2022
210133,0,5,t,51,6,1072,15,,4369,7,1,0,2022
210134,0,5,t,34,7,1072,15,,4369,7,207,0,2022
210135,0,5,t,29,8,1072,15,,4369,7,209,0,2022
210136,0,6,t,25,9,1072,15,,4369,7,64,0,2022
210137,0,9,t,4,10,1072,15,,4369,7,141,0,2022
210138,0,1,t,545,1,1073,16,,4376,7,191,12,2022
210139,0,1,t,406,2,1073,16,,4376,7,6,4,2022
210140,0,2,t,371,3,1073,16,,4376,7,48,0,2022
210141,0,5,t,125,4,1073,16,,4376,7,210,0,2022
210142,0,3,t,107,5,1073,16,,4376,7,117,0,2022
210143,0,5,t,52,6,1073,16,,4376,7,1,0,2022
210144,0,5,t,34,7,1073,16,,4376,7,207,0,2022
210145,0,5,t,33,8,1073,16,,4376,7,209,0,2022
210146,0,6,t,25,9,1073,16,,4376,7,64,0,2022
210147,0,9,t,6,10,1073,16,,4376,7,141,0,2022
210148,0,1,t,576,1,1074,17,,4383,7,191,13,2022
210149,0,1,t,439,2,1074,17,,4383,7,6,4,2022
210150,0,2,t,373,3,1074,17,,4383,7,48,0,2022
210151,0,3,t,129,4,1074,17,,4383,7,117,0,2022
210152,0,5,t,125,5,1074,17,,4383,7,210,0,2022
210153,0,5,t,52,6,1074,17,,4383,7,1,0,2022
210154,0,6,t,37,7,1074,17,,4383,7,64,0,2022
210155,0,5,t,34,8,1074,17,,4383,7,207,0,2022
210156,0,5,t,34,9,1074,17,,4383,7,209,0,2022
210157,0,9,t,6,10,1074,17,,4383,7,141,0,2022
210158,0,1,t,619,1,1075,18,,4390,7,191,14,2022
210159,0,1,t,454,2,1075,18,,4390,7,6,4,2022
210160,0,2,t,387,3,1075,18,,4390,7,48,0,2022
210161,0,4,t,143,4,1075,18,,4390,7,210,0,2022
210162,0,3,t,130,5,1075,18,,4390,7,117,0,2022
210163,0,5,t,52,6,1075,18,,4390,7,1,0,2022
210164,0,6,t,45,7,1075,18,,4390,7,64,0,2022
210165,0,5,t,34,8,1075,18,,4390,7,207,0,2022
210166,0,5,t,34,9,1075,18,,4390,7,209,0,2022
210167,0,9,t,8,10,1075,18,,4390,7,141,0,2022
210168,0,1,t,656,1,1076,19,,4397,7,191,15,2022
210169,0,1,t,469,2,1076,19,,4397,7,6,4,2022
210170,0,2,t,416,3,1076,19,,4397,7,48,0,2022
210171,0,4,t,149,4,1076,19,,4397,7,210,0,2022
210172,0,3,t,138,5,1076,19,,4397,7,117,0,2022
210173,0,5,t,52,6,1076,19,,4397,7,1,0,2022
210174,0,6,t,49,7,1076,19,,4397,7,64,0,2022
210175,0,5,t,36,8,1076,19,,4397,7,207,0,2022
210176,0,5,t,35,9,1076,19,,4397,7,209,0,2022
210177,0,9,t,8,10,1076,19,,4397,7,141,0,2022
210178,0,1,t,696,1,1077,20,,4404,7,191,16,2022
210179,0,1,t,487,2,1077,20,,4404,7,6,4,2022
210180,0,2,t,447,3,1077,20,,4404,7,48,0,2022
210181,0,4,t,153,4,1077,20,,4404,7,210,0,2022
210182,0,3,t,146,5,1077,20,,4404,7,117,0,2022
210183,0,5,t,53,6,1077,20,,4404,7,1,0,2022
210184,0,6,t,49,7,1077,20,,4404,7,64,0,2022
210185,0,5,t,36,8,1077,20,,4404,7,207,0,2022
210186,0,5,t,35,9,1077,20,,4404,7,209,0,2022
210187,0,9,t,8,10,1077,20,,4404,7,141,0,2022
210188,0,1,t,705,1,,21,,4417,6,191,16,2022
210189,0,1,t,497,2,,21,,4417,6,6,4,2022
210190,0,2,t,461,3,,21,,4417,6,48,0,2022
210191,0,4,t,153,4,,21,,4417,6,210,0,2022
210192,0,3,t,148,5,,21,,4417,6,117,0,2022
210193,0,5,t,53,6,,21,,4417,6,1,0,2022
210194,0,6,t,49,7,,21,,4417,6,64,0,2022
210195,0,5,t,37,8,,21,,4417,6,207,0,2022
210196,0,5,t,35,9,,21,,4417,6,209,0,2022
210197,0,9,t,8,10,,21,,4417,6,141,0,2022
210198,0,1,t,719,1,1078,21,,4411,7,191,16,2022
210199,0,1,t,524,2,1078,21,,4411,7,6,4,2022
210200,0,1,t,505,3,1078,21,,4411,7,48,1,2022
210201,0,4,t,167,4,1078,21,,4411,7,210,0,2022
210202,0,3,t,148,5,1078,21,,4411,7,117,0,2022
210203,0,5,t,55,6,1078,21,,4411,7,1,0,2022
210204,0,6,t,50,7,1078,21,,4411,7,64,0,2022
210205,0,5,t,37,8,1078,21,,4411,7,207,0,2022
210206,0,5,t,35,9,1078,21,,4411,7,209,0,2022
210207,0,9,t,8,10,1078,21,,4411,7,141,0,2022
210208,0,1,t,759,1,1079,22,73,4418,7,191,17,2022
210209,0,1,t,554,2,1079,22,73,4418,7,6,4,2022
210210,0,1,t,515,3,1079,22,73,4418,7,48,1,2022
210211,0,4,t,173,4,1079,22,73,4418,7,210,0,2022
210212,0,3,t,159,5,1079,22,73,4418,7,117,0,2022
210213,0,5,t,55,6,1079,22,73,4418,7,1,0,2022
210214,0,6,t,55,7,1079,22,73,4418,7,64,0,2022
210215,0,5,t,37,8,1079,22,73,4418,7,207,0,2022
210216,0,5,t,35,9,1079,22,73,4418,7,209,0,2022
210217,0,9,t,8,10,1079,22,73,4418,7,141,0,2022
210218,0,1,t,43,1,1080,1,,4425,7,191,1,2023
210219,0,3,t,23,2,1080,1,,4425,7,64,0,2023
210220,0,5,t,16,3,1080,1,,4425,7,48,0,2023
210221,0,4,t,12,4,1080,1,,4425,7,6,0,2023
210222,0,8,t,4,5,1080,1,,4425,7,1,0,2023
210223,0,9,t,2,6,1080,1,,4425,7,210,0,2023
210224,0,10,t,1,7,1080,1,,4425,7,141,0,2023
210225,0,11,t,0,8,1080,1,,4425,7,209,0,2023
210226,0,13,t,0,9,1080,1,,4425,7,207,0,2023
210227,0,17,t,0,10,1080,1,,4425,7,117,0,2023
210228,0,1,t,87,1,1081,2,,4432,7,191,2,2023
210229,0,3,t,38,2,1081,2,,4432,7,64,0,2023
210230,0,4,t,38,3,1081,2,,4432,7,48,0,2023
210231,0,4,t,26,4,1081,2,,4432,7,6,0,2023
210232,0,8,t,8,5,1081,2,,4432,7,210,0,2023
210233,0,8,t,4,6,1081,2,,4432,7,1,0,2023
210234,0,10,t,1,7,1081,2,,4432,7,207,0,2023
210235,0,10,t,1,8,1081,2,,4432,7,141,0,2023
210236,0,11,t,0,9,1081,2,,4432,7,209,0,2023
210237,0,15,t,0,10,1081,2,,4432,7,117,0,2023
210238,0,1,t,123,1,1082,3,,4439,7,191,3,2023
210239,0,3,t,65,2,1082,3,,4439,7,64,0,2023
210240,0,2,t,56,3,1082,3,,4439,7,48,0,2023
210241,0,4,t,26,4,1082,3,,4439,7,6,0,2023
210242,0,6,t,12,5,1082,3,,4439,7,117,0,2023
210243,0,8,t,8,6,1082,3,,4439,7,210,0,2023
210244,0,7,t,7,7,1082,3,,4439,7,207,0,2023
210245,0,8,t,6,8,1082,3,,4439,7,1,0,2023
210246,0,10,t,1,9,1082,3,,4439,7,209,0,2023
210247,0,10,t,1,10,1082,3,,4439,7,141,0,2023
210248,0,1,t,137,1,,4,,4454,8,191,3,2023
210249,0,3,t,69,2,,4,,4454,8,64,0,2023
210250,0,2,t,63,3,,4,,4454,8,48,0,2023
210251,0,4,t,37,4,,4,,4454,8,6,0,2023
210252,0,6,t,12,5,,4,,4454,8,117,0,2023
210253,0,8,t,8,6,,4,,4454,8,210,0,2023
210254,0,7,t,7,7,,4,,4454,8,207,0,2023
210255,0,8,t,6,8,,4,,4454,8,1,0,2023
210256,0,10,t,1,9,,4,,4454,8,209,0,2023
210257,0,10,t,1,10,,4,,4454,8,141,0,2023
210258,0,1,t,180,1,1083,4,,4446,9,191,4,2023
210259,0,3,t,87,2,1083,4,,4446,9,64,0,2023
210260,0,2,t,76,3,1083,4,,4446,9,48,0,2023
210261,0,3,t,62,4,1083,4,,4446,9,6,0,2023
210262,0,6,t,14,5,1083,4,,4446,9,117,0,2023
210263,0,8,t,8,6,1083,4,,4446,9,210,0,2023
210264,0,7,t,7,7,1083,4,,4446,9,207,0,2023
210265,0,8,t,6,8,1083,4,,4446,9,1,0,2023
210266,0,10,t,2,9,1083,4,,4446,9,209,0,2023
210267,0,10,t,1,10,1083,4,,4446,9,141,0,2023
210268,0,1,t,224,1,1084,5,,4455,7,191,5,2023
210269,0,3,t,102,2,1084,5,,4455,7,64,0,2023
210270,0,2,t,96,3,1084,5,,4455,7,48,0,2023
210271,0,3,t,78,4,1084,5,,4455,7,6,0,2023
210272,0,6,t,14,5,1084,5,,4455,7,117,0,2023
210273,0,8,t,14,6,1084,5,,4455,7,210,0,2023
210274,0,7,t,8,7,1084,5,,4455,7,207,0,2023
210275,0,8,t,6,8,1084,5,,4455,7,1,0,2023
210276,0,10,t,2,9,1084,5,,4455,7,209,0,2023
210277,0,10,t,1,10,1084,5,,4455,7,141,0,2023
210278,0,1,t,249,1,1085,6,,4462,7,191,6,2023
210279,0,2,t,120,2,1085,6,,4462,7,64,0,2023
210280,0,2,t,119,3,1085,6,,4462,7,48,0,2023
210281,0,3,t,90,4,1085,6,,4462,7,6,0,2023
210282,0,3,t,35,5,1085,6,,4462,7,210,0,2023
210283,0,6,t,17,6,1085,6,,4462,7,117,0,2023
210284,0,7,t,8,7,1085,6,,4462,7,207,0,2023
210285,0,8,t,6,8,1085,6,,4462,7,1,0,2023
210286,0,10,t,2,9,1085,6,,4462,7,209,0,2023
210287,0,10,t,1,10,1085,6,,4462,7,141,0,2023
210288,0,1,t,287,1,1086,7,,4469,7,191,7,2023
210289,0,2,t,152,2,1086,7,,4469,7,48,0,2023
210290,0,2,t,134,3,1086,7,,4469,7,64,0,2023
210291,0,3,t,100,4,1086,7,,4469,7,6,0,2023
210292,0,3,t,40,5,1086,7,,4469,7,210,0,2023
210293,0,6,t,17,6,1086,7,,4469,7,117,0,2023
210294,0,7,t,8,7,1086,7,,4469,7,207,0,2023
210295,0,8,t,8,8,1086,7,,4469,7,1,0,2023
210296,0,10,t,2,9,1086,7,,4469,7,209,0,2023
210297,0,10,t,1,10,1086,7,,4469,7,141,0,2023
210298,0,1,t,321,1,1087,8,,4476,7,191,8,2023
210299,0,2,t,167,2,1087,8,,4476,7,48,0,2023
210300,0,2,t,154,3,1087,8,,4476,7,64,0,2023
210301,0,3,t,122,4,1087,8,,4476,7,6,0,2023
210302,0,3,t,44,5,1087,8,,4476,7,210,0,2023
210303,0,6,t,17,6,1087,8,,4476,7,117,0,2023
210304,0,8,t,9,7,1087,8,,4476,7,1,0,2023
210305,0,7,t,8,8,1087,8,,4476,7,207,0,2023
210306,0,7,t,7,9,1087,8,,4476,7,141,0,2023
210307,0,10,t,2,10,1087,8,,4476,7,209,0,2023
210308,0,1,t,336,1,,9,,4491,8,191,8,2023
210309,0,2,t,168,2,,9,,4491,8,48,0,2023
210310,0,2,t,163,3,,9,,4491,8,64,0,2023
210311,0,3,t,128,4,,9,,4491,8,6,0,2023
210312,0,3,t,46,5,,9,,4491,8,210,0,2023
210313,0,6,t,17,6,,9,,4491,8,117,0,2023
210314,0,7,t,11,7,,9,,4491,8,207,0,2023
210315,0,8,t,9,8,,9,,4491,8,1,0,2023
210316,0,7,t,7,9,,9,,4491,8,141,0,2023
210317,0,10,t,2,10,,9,,4491,8,209,0,2023
210318,0,1,t,377,1,1088,9,,4483,9,191,9,2023
210319,0,2,t,178,2,1088,9,,4483,9,48,0,2023
210320,0,2,t,175,3,1088,9,,4483,9,64,0,2023
210321,0,2,t,154,4,1088,9,,4483,9,6,0,2023
210322,0,3,t,47,5,1088,9,,4483,9,210,0,2023
210323,0,4,t,29,6,1088,9,,4483,9,117,0,2023
210324,0,7,t,11,7,1088,9,,4483,9,207,0,2023
210325,0,8,t,9,8,1088,9,,4483,9,1,0,2023
210326,0,7,t,7,9,1088,9,,4483,9,141,0,2023
210327,0,10,t,2,10,1088,9,,4483,9,209,0,2023
210328,0,1,t,411,1,1089,10,,4492,7,191,10,2023
210329,0,2,t,203,2,1089,10,,4492,7,48,0,2023
210330,0,2,t,181,3,1089,10,,4492,7,64,0,2023
210331,0,2,t,157,4,1089,10,,4492,7,6,0,2023
210332,0,2,t,59,5,1089,10,,4492,7,117,0,2023
210333,0,3,t,47,6,1089,10,,4492,7,210,0,2023
210334,0,7,t,11,7,1089,10,,4492,7,141,0,2023
210335,0,7,t,11,8,1089,10,,4492,7,207,0,2023
210336,0,8,t,9,9,1089,10,,4492,7,1,0,2023
210337,0,10,t,2,10,1089,10,,4492,7,209,0,2023
210338,0,1,t,452,1,1090,11,,4499,7,191,11,2023
210339,0,2,t,223,2,1090,11,,4499,7,48,0,2023
210340,0,2,t,184,3,1090,11,,4499,7,64,0,2023
210341,0,2,t,167,4,1090,11,,4499,7,6,0,2023
210342,0,2,t,87,5,1090,11,,4499,7,117,0,2023
210343,0,3,t,47,6,1090,11,,4499,7,210,0,2023
210344,0,7,t,11,7,1090,11,,4499,7,141,0,2023
210345,0,7,t,11,8,1090,11,,4499,7,207,0,2023
210346,0,8,t,9,9,1090,11,,4499,7,1,0,2023
210347,0,10,t,2,10,1090,11,,4499,7,209,0,2023
210348,0,1,t,460,1,,12,,4514,8,191,11,2023
210349,0,2,t,226,2,,12,,4514,8,48,0,2023
210350,0,2,t,184,3,,12,,4514,8,64,0,2023
210351,0,2,t,176,4,,12,,4514,8,6,0,2023
210352,0,2,t,97,5,,12,,4514,8,117,0,2023
210353,0,3,t,53,6,,12,,4514,8,210,0,2023
210354,0,7,t,11,7,,12,,4514,8,141,0,2023
210355,0,7,t,11,8,,12,,4514,8,207,0,2023
210356,0,8,t,9,9,,12,,4514,8,1,0,2023
210357,0,10,t,2,10,,12,,4514,8,209,0,2023
210358,0,1,t,503,1,1091,12,,4506,9,191,12,2023
210359,0,2,t,247,2,1091,12,,4506,9,48,0,2023
210360,0,2,t,196,3,1091,12,,4506,9,64,0,2023
210361,0,2,t,191,4,1091,12,,4506,9,6,0,2023
210362,0,2,t,103,5,1091,12,,4506,9,117,0,2023
210363,0,3,t,57,6,1091,12,,4506,9,210,0,2023
210364,0,7,t,11,7,1091,12,,4506,9,141,0,2023
210365,0,7,t,11,8,1091,12,,4506,9,207,0,2023
210366,0,8,t,9,9,1091,12,,4506,9,1,0,2023
210367,0,10,t,3,10,1091,12,,4506,9,209,0,2023
210368,0,1,t,540,1,1092,13,,4515,7,191,13,2023
210369,0,2,t,255,2,1092,13,,4515,7,48,0,2023
210370,0,2,t,215,3,1092,13,,4515,7,64,0,2023
210371,0,2,t,201,4,1092,13,,4515,7,6,0,2023
210372,0,2,t,111,5,1092,13,,4515,7,117,0,2023
210373,0,3,t,73,6,1092,13,,4515,7,210,0,2023
210374,0,7,t,15,7,1092,13,,4515,7,141,0,2023
210375,0,7,t,11,8,1092,13,,4515,7,207,0,2023
210376,0,8,t,9,9,1092,13,,4515,7,1,0,2023
210377,0,10,t,3,10,1092,13,,4515,7,209,0,2023
210378,0,1,t,583,1,1093,14,,4522,7,191,14,2023
210379,0,2,t,273,2,1093,14,,4522,7,48,0,2023
210380,0,2,t,228,3,1093,14,,4522,7,6,0,2023
210381,0,2,t,217,4,1093,14,,4522,7,64,0,2023
210382,0,2,t,115,5,1093,14,,4522,7,117,0,2023
210383,0,3,t,73,6,1093,14,,4522,7,210,0,2023
210384,0,7,t,21,7,1093,14,,4522,7,141,0,2023
210385,0,7,t,11,8,1093,14,,4522,7,207,0,2023
210386,0,8,t,10,9,1093,14,,4522,7,1,0,2023
210387,0,10,t,3,10,1093,14,,4522,7,209,0,2023
210388,0,1,t,597,1,1094,15,,4529,7,191,14,2023
210389,0,2,t,289,2,1094,15,,4529,7,48,0,2023
210390,0,1,t,265,3,1094,15,,4529,7,6,1,2023
210391,0,2,t,217,4,1094,15,,4529,7,64,0,2023
210392,0,2,t,139,5,1094,15,,4529,7,117,0,2023
210393,0,3,t,81,6,1094,15,,4529,7,210,0,2023
210394,0,7,t,21,7,1094,15,,4529,7,141,0,2023
210395,0,7,t,12,8,1094,15,,4529,7,207,0,2023
210396,0,8,t,10,9,1094,15,,4529,7,1,0,2023
210397,0,9,t,5,10,1094,15,,4529,7,209,0,2023
210398,0,1,t,623,1,1095,16,,4536,7,191,15,2023
210399,0,2,t,305,2,1095,16,,4536,7,48,0,2023
210400,0,1,t,285,3,1095,16,,4536,7,6,1,2023
210401,0,2,t,221,4,1095,16,,4536,7,64,0,2023
210402,0,2,t,172,5,1095,16,,4536,7,117,0,2023
210403,0,3,t,84,6,1095,16,,4536,7,210,0,2023
210404,0,7,t,21,7,1095,16,,4536,7,141,0,2023
210405,0,7,t,12,8,1095,16,,4536,7,207,0,2023
210406,0,8,t,10,9,1095,16,,4536,7,1,0,2023
210407,0,9,t,5,10,1095,16,,4536,7,209,0,2023
210408,0,1,t,630,1,,17,,4551,8,191,15,2023
210409,0,2,t,314,2,,17,,4551,8,48,0,2023
210410,0,1,t,288,3,,17,,4551,8,6,1,2023
210411,0,2,t,222,4,,17,,4551,8,64,0,2023
210412,0,2,t,186,5,,17,,4551,8,117,0,2023
210413,0,3,t,84,6,,17,,4551,8,210,0,2023
210414,0,7,t,23,7,,17,,4551,8,141,0,2023
210415,0,7,t,12,8,,17,,4551,8,207,0,2023
210416,0,8,t,10,9,,17,,4551,8,1,0,2023
210417,0,9,t,5,10,,17,,4551,8,209,0,2023
210418,0,1,t,657,1,1096,17,,4543,9,191,16,2023
210419,0,2,t,326,2,1096,17,,4543,9,48,0,2023
210420,0,1,t,298,3,1096,17,,4543,9,6,1,2023
210421,0,2,t,230,4,1096,17,,4543,9,64,0,2023
210422,0,2,t,219,5,1096,17,,4543,9,117,0,2023
210423,0,3,t,90,6,1096,17,,4543,9,210,0,2023
210424,0,7,t,23,7,1096,17,,4543,9,141,0,2023
210425,0,8,t,16,8,1096,17,,4543,9,1,0,2023
210426,0,7,t,12,9,1096,17,,4543,9,207,0,2023
210427,0,9,t,5,10,1096,17,,4543,9,209,0,2023
210428,0,1,t,669,1,,18,,4560,8,191,16,2023
210429,0,2,t,334,2,,18,,4560,8,48,0,2023
210430,0,1,t,307,3,,18,,4560,8,6,1,2023
210431,0,2,t,230,4,,18,,4560,8,64,0,2023
210432,0,2,t,224,5,,18,,4560,8,117,0,2023
210433,0,3,t,92,6,,18,,4560,8,210,0,2023
210434,0,7,t,23,7,,18,,4560,8,141,0,2023
210435,0,8,t,16,8,,18,,4560,8,1,0,2023
210436,0,7,t,12,9,,18,,4560,8,207,0,2023
210437,0,9,t,5,10,,18,,4560,8,209,0,2023
210438,0,1,t,706,1,1097,18,,4552,9,191,17,2023
210439,0,2,t,344,2,1097,18,,4552,9,48,0,2023
210440,0,1,t,322,3,1097,18,,4552,9,6,1,2023
210441,0,2,t,242,4,1097,18,,4552,9,117,0,2023
210442,0,2,t,236,5,1097,18,,4552,9,64,0,2023
210443,0,3,t,100,6,1097,18,,4552,9,210,0,2023
210444,0,7,t,26,7,1097,18,,4552,9,141,0,2023
210445,0,8,t,16,8,1097,18,,4552,9,1,0,2023
210446,0,7,t,12,9,1097,18,,4552,9,207,0,2023
210447,0,8,t,10,10,1097,18,,4552,9,209,0,2023
210448,0,1,t,731,1,1098,19,,4561,7,191,18,2023
210449,0,2,t,371,2,1098,19,,4561,7,48,0,2023
210450,0,1,t,349,3,1098,19,,4561,7,6,1,2023
210451,0,2,t,256,4,1098,19,,4561,7,117,0,2023
210452,0,2,t,236,5,1098,19,,4561,7,64,0,2023
210453,0,3,t,101,6,1098,19,,4561,7,210,0,2023
210454,0,7,t,28,7,1098,19,,4561,7,141,0,2023
210455,0,7,t,16,8,1098,19,,4561,7,209,0,2023
210456,0,8,t,16,9,1098,19,,4561,7,1,0,2023
210457,0,7,t,12,10,1098,19,,4561,7,207,0,2023
210458,0,1,t,745,1,,20,,4576,8,191,18,2023
210459,0,2,t,378,2,,20,,4576,8,48,0,2023
210460,0,1,t,354,3,,20,,4576,8,6,1,2023
210461,0,2,t,263,4,,20,,4576,8,117,0,2023
210462,0,2,t,236,5,,20,,4576,8,64,0,2023
210463,0,3,t,101,6,,20,,4576,8,210,0,2023
210464,0,7,t,28,7,,20,,4576,8,141,0,2023
210465,0,7,t,19,8,,20,,4576,8,209,0,2023
210466,0,8,t,16,9,,20,,4576,8,1,0,2023
210467,0,7,t,12,10,,20,,4576,8,207,0,2023
210468,0,1,t,782,1,1099,20,,4568,9,191,19,2023
210469,0,2,t,382,2,1099,20,,4568,9,48,0,2023
210470,0,1,t,362,3,1099,20,,4568,9,6,1,2023
210471,0,2,t,282,4,1099,20,,4568,9,117,0,2023
210472,0,2,t,261,5,1099,20,,4568,9,64,0,2023
210473,0,3,t,108,6,1099,20,,4568,9,210,0,2023
210474,0,7,t,28,7,1099,20,,4568,9,141,0,2023
210475,0,7,t,21,8,1099,20,,4568,9,209,0,2023
210476,0,8,t,16,9,1099,20,,4568,9,1,0,2023
210477,0,7,t,12,10,1099,20,,4568,9,207,0,2023
210478,0,1,t,822,1,1100,21,,4577,7,191,20,2023
210479,0,2,t,392,2,1100,21,,4577,7,48,0,2023
210480,0,1,t,388,3,1100,21,,4577,7,6,1,2023
210481,0,2,t,284,4,1100,21,,4577,7,117,0,2023
210482,0,2,t,273,5,1100,21,,4577,7,64,0,2023
210483,0,3,t,120,6,1100,21,,4577,7,210,0,2023
210484,0,7,t,28,7,1100,21,,4577,7,141,0,2023
210485,0,7,t,21,8,1100,21,,4577,7,209,0,2023
210486,0,8,t,16,9,1100,21,,4577,7,1,0,2023
210487,0,7,t,12,10,1100,21,,4577,7,207,0,2023
210488,0,1,t,860,1,1101,22,74,4584,7,191,21,2023
210489,0,2,t,409,2,1101,22,74,4584,7,48,0,2023
210490,0,1,t,406,3,1101,22,74,4584,7,6,1,2023
210491,0,2,t,302,4,1101,22,74,4584,7,117,0,2023
210492,0,2,t,280,5,1101,22,74,4584,7,64,0,2023
210493,0,3,t,120,6,1101,22,74,4584,7,210,0,2023
210494,0,7,t,28,7,1101,22,74,4584,7,141,0,2023
210495,0,7,t,25,8,1101,22,74,4584,7,209,0,2023
210496,0,8,t,16,9,1101,22,74,4584,7,1,0,2023
210497,0,7,t,12,10,1101,22,74,4584,7,207,0,2023
210498,0,1,t,44,1,1102,1,,4591,7,191,1,2024
210499,0,3,t,27,2,1102,1,,4591,7,6,0,2024
210500,0,5,t,16,3,1102,1,,4591,7,48,0,2024
210501,0,6,t,12,4,1102,1,,4591,7,117,0,2024
210502,0,9,t,3,5,1102,1,,4591,7,64,0,2024
210503,0,11,t,0,6,1102,1,,4591,7,182,0,2024
210504,0,12,t,0,7,1102,1,,4591,7,207,0,2024
210505,0,13,t,0,8,1102,1,,4591,7,211,0,2024
210506,0,15,t,0,9,1102,1,,4591,7,141,0,2024
210507,0,17,t,0,10,1102,1,,4591,7,210,0,2024
210508,0,1,t,87,1,1103,2,,4598,7,191,2,2024
210509,0,3,t,49,2,1103,2,,4598,7,6,0,2024
210510,0,4,t,28,3,1103,2,,4598,7,117,0,2024
210511,0,5,t,26,4,1103,2,,4598,7,48,0,2024
210512,0,5,t,13,5,1103,2,,4598,7,64,0,2024
210513,0,10,t,1,6,1103,2,,4598,7,207,0,2024
210514,0,11,t,0,7,1103,2,,4598,7,141,0,2024
210515,0,11,t,0,8,1103,2,,4598,7,182,0,2024
210516,0,13,t,0,9,1103,2,,4598,7,211,0,2024
210517,0,13,t,0,10,1103,2,,4598,7,210,0,2024
210518,0,1,t,97,1,1104,3,,4605,7,191,2,2024
210519,0,1,t,93,2,1104,3,,4605,7,6,1,2024
210520,0,3,t,55,3,1104,3,,4605,7,117,0,2024
210521,0,5,t,26,4,1104,3,,4605,7,48,0,2024
210522,0,5,t,25,5,1104,3,,4605,7,64,0,2024
210523,0,7,t,6,6,1104,3,,4605,7,211,0,2024
210524,0,9,t,4,7,1104,3,,4605,7,207,0,2024
210525,0,11,t,0,8,1104,3,,4605,7,141,0,2024
210526,0,11,t,0,9,1104,3,,4605,7,182,0,2024
210527,0,13,t,0,10,1104,3,,4605,7,210,0,2024
210528,0,1,t,141,1,1105,4,,4612,7,191,3,2024
210529,0,1,t,120,2,1105,4,,4612,7,6,1,2024
210530,0,3,t,69,3,1105,4,,4612,7,117,0,2024
210531,0,5,t,34,4,1105,4,,4612,7,48,0,2024
210532,0,5,t,33,5,1105,4,,4612,7,64,0,2024
210533,0,7,t,7,6,1105,4,,4612,7,211,0,2024
210534,0,9,t,4,7,1105,4,,4612,7,207,0,2024
210535,0,11,t,0,8,1105,4,,4612,7,141,0,2024
210536,0,11,t,0,9,1105,4,,4612,7,182,0,2024
210537,0,13,t,0,10,1105,4,,4612,7,210,0,2024
210538,0,1,t,155,1,,5,,4627,5,191,3,2024
210539,0,1,t,129,2,,5,,4627,5,6,1,2024
210540,0,3,t,74,3,,5,,4627,5,117,0,2024
210541,0,5,t,42,4,,5,,4627,5,48,0,2024
210542,0,5,t,33,5,,5,,4627,5,64,0,2024
210543,0,7,t,7,6,,5,,4627,5,211,0,2024
210544,0,9,t,4,7,,5,,4627,5,207,0,2024
210545,0,11,t,0,8,,5,,4627,5,141,0,2024
210546,0,11,t,0,9,,5,,4627,5,182,0,2024
210547,0,13,t,0,10,,5,,4627,5,210,0,2024
210548,0,1,t,195,1,1106,5,,4619,9,191,4,2024
210549,0,1,t,151,2,1106,5,,4619,9,6,1,2024
210550,0,2,t,96,3,1106,5,,4619,9,117,0,2024
210551,0,5,t,52,4,1106,5,,4619,9,48,0,2024
210552,0,5,t,40,5,1106,5,,4619,9,64,0,2024
210553,0,7,t,7,6,1106,5,,4619,9,211,0,2024
210554,0,9,t,5,7,1106,5,,4619,9,207,0,2024
210555,0,11,t,0,8,1106,5,,4619,9,141,0,2024
210556,0,11,t,0,9,1106,5,,4619,9,210,0,2024
210557,0,11,t,0,10,1106,5,,4619,9,182,0,2024
210558,0,1,t,209,1,,6,,4636,5,191,4,2024
210559,0,1,t,162,2,,6,,4636,5,6,1,2024
210560,0,2,t,99,3,,6,,4636,5,117,0,2024
210561,0,5,t,52,4,,6,,4636,5,48,0,2024
210562,0,5,t,40,5,,6,,4636,5,64,0,2024
210563,0,7,t,13,6,,6,,4636,5,211,0,2024
210564,0,9,t,7,7,,6,,4636,5,207,0,2024
210565,0,11,t,0,8,,6,,4636,5,141,0,2024
210566,0,11,t,0,9,,6,,4636,5,210,0,2024
210567,0,11,t,0,10,,6,,4636,5,182,0,2024
210568,0,1,t,239,1,1107,6,,4628,9,191,4,2024
210569,0,1,t,187,2,1107,6,,4628,9,6,1,2024
210570,0,1,t,124,3,1107,6,,4628,9,117,1,2024
210571,0,5,t,64,4,1107,6,,4628,9,48,0,2024
210572,0,5,t,42,5,1107,6,,4628,9,64,0,2024
210573,0,7,t,19,6,1107,6,,4628,9,211,0,2024
210574,0,9,t,7,7,1107,6,,4628,9,207,0,2024
210575,0,10,t,1,8,1107,6,,4628,9,210,0,2024
210576,0,11,t,0,9,1107,6,,4628,9,141,0,2024
210577,0,11,t,0,10,1107,6,,4628,9,182,0,2024
210578,0,1,t,268,1,1108,7,,4637,7,191,5,2024
210579,0,1,t,212,2,1108,7,,4637,7,6,1,2024
210580,0,1,t,154,3,1108,7,,4637,7,117,1,2024
210581,0,5,t,79,4,1108,7,,4637,7,48,0,2024
210582,0,5,t,44,5,1108,7,,4637,7,64,0,2024
210583,0,7,t,20,6,1108,7,,4637,7,211,0,2024
210584,0,9,t,7,7,1108,7,,4637,7,207,0,2024
210585,0,10,t,1,8,1108,7,,4637,7,210,0,2024
210586,0,11,t,0,9,1108,7,,4637,7,141,0,2024
210587,0,11,t,0,10,1108,7,,4637,7,182,0,2024
210588,0,1,t,276,1,1109,8,,4644,7,191,5,2024
210589,0,1,t,252,2,1109,8,,4644,7,6,2,2024
210590,0,1,t,184,3,1109,8,,4644,7,117,1,2024
210591,0,5,t,96,4,1109,8,,4644,7,48,0,2024
210592,0,5,t,44,5,1109,8,,4644,7,64,0,2024
210593,0,7,t,24,6,1109,8,,4644,7,211,0,2024
210594,0,9,t,7,7,1109,8,,4644,7,207,0,2024
210595,0,9,t,2,8,1109,8,,4644,7,141,0,2024
210596,0,10,t,2,9,1109,8,,4644,7,210,0,2024
210597,0,11,t,0,10,1109,8,,4644,7,182,0,2024
210598,0,1,t,301,1,1110,9,,4651,7,191,6,2024
210599,0,1,t,252,2,1110,9,,4651,7,6,2,2024
210600,0,1,t,212,3,1110,9,,4651,7,117,1,2024
210601,0,3,t,124,4,1110,9,,4651,7,48,0,2024
210602,0,5,t,58,5,1110,9,,4651,7,64,0,2024
210603,0,7,t,28,6,1110,9,,4651,7,211,0,2024
210604,0,9,t,7,7,1110,9,,4651,7,207,0,2024
210605,0,9,t,5,8,1110,9,,4651,7,210,0,2024
210606,0,9,t,2,9,1110,9,,4651,7,141,0,2024
210607,0,11,t,0,10,1110,9,,4651,7,182,0,2024
210608,0,1,t,330,1,1111,10,,4658,7,191,7,2024
210609,0,1,t,270,2,1111,10,,4658,7,6,2,2024
210610,0,1,t,237,3,1111,10,,4658,7,117,1,2024
210611,0,3,t,151,4,1111,10,,4658,7,48,0,2024
210612,0,5,t,58,5,1111,10,,4658,7,64,0,2024
210613,0,7,t,28,6,1111,10,,4658,7,211,0,2024
210614,0,9,t,8,7,1111,10,,4658,7,210,0,2024
210615,0,9,t,7,8,1111,10,,4658,7,207,0,2024
210616,0,9,t,2,9,1111,10,,4658,7,141,0,2024
210617,0,11,t,0,10,1111,10,,4658,7,182,0,2024
210618,0,1,t,339,1,,11,,4673,5,191,7,2024
210619,0,1,t,276,2,,11,,4673,5,6,2,2024
210620,0,1,t,250,3,,11,,4673,5,117,1,2024
210621,0,3,t,159,4,,11,,4673,5,48,0,2024
210622,0,5,t,58,5,,11,,4673,5,64,0,2024
210623,0,7,t,28,6,,11,,4673,5,211,0,2024
210624,0,9,t,8,7,,11,,4673,5,210,0,2024
210625,0,9,t,7,8,,11,,4673,5,207,0,2024
210626,0,9,t,2,9,,11,,4673,5,141,0,2024
210627,0,11,t,0,10,,11,,4673,5,182,0,2024
210628,0,1,t,355,1,1112,11,,4665,9,191,7,2024
210629,0,1,t,291,2,1112,11,,4665,9,6,2,2024
210630,0,1,t,268,3,1112,11,,4665,9,117,1,2024
210631,0,1,t,196,4,1112,11,,4665,9,48,1,2024
210632,0,5,t,58,5,1112,11,,4665,9,64,0,2024
210633,0,7,t,30,6,1112,11,,4665,9,211,0,2024
210634,0,6,t,19,7,1112,11,,4665,9,207,0,2024
210635,0,9,t,9,8,1112,11,,4665,9,210,0,2024
210636,0,9,t,2,9,1112,11,,4665,9,141,0,2024
210637,0,11,t,0,10,1112,11,,4665,9,182,0,2024
210638,0,1,t,373,1,1113,12,,4674,7,191,7,2024
210639,0,1,t,302,2,1113,12,,4674,7,6,2,2024
210640,0,1,t,295,3,1113,12,,4674,7,117,1,2024
210641,0,1,t,221,4,1113,12,,4674,7,48,2,2024
210642,0,5,t,68,5,1113,12,,4674,7,64,0,2024
210643,0,7,t,31,6,1113,12,,4674,7,211,0,2024
210644,0,6,t,27,7,1113,12,,4674,7,207,0,2024
210645,0,9,t,9,8,1113,12,,4674,7,210,0,2024
210646,0,9,t,4,9,1113,12,,4674,7,141,0,2024
210647,0,11,t,0,10,1113,12,,4674,7,182,0,2024
210648,0,1,t,389,1,1114,13,,4681,7,191,7,2024
210649,0,1,t,338,2,1114,13,,4681,7,117,2,2024
210650,0,1,t,322,3,1114,13,,4681,7,6,2,2024
210651,0,1,t,241,4,1114,13,,4681,7,48,2,2024
210652,0,5,t,69,5,1114,13,,4681,7,64,0,2024
210653,0,7,t,33,6,1114,13,,4681,7,211,0,2024
210654,0,6,t,27,7,1114,13,,4681,7,207,0,2024
210655,0,9,t,9,8,1114,13,,4681,7,210,0,2024
210656,0,9,t,4,9,1114,13,,4681,7,141,0,2024
210657,0,11,t,0,10,1114,13,,4681,7,182,0,2024
210658,0,1,t,408,1,1115,14,,4688,7,191,7,2024
210659,0,1,t,366,2,1115,14,,4688,7,117,2,2024
210660,0,1,t,345,3,1115,14,,4688,7,6,2,2024
210661,0,1,t,266,4,1115,14,,4688,7,48,3,2024
210662,0,5,t,73,5,1115,14,,4688,7,64,0,2024
210663,0,7,t,34,6,1115,14,,4688,7,211,0,2024
210664,0,6,t,27,7,1115,14,,4688,7,207,0,2024
210665,0,9,t,11,8,1115,14,,4688,7,210,0,2024
210666,0,9,t,4,9,1115,14,,4688,7,141,0,2024
210667,0,11,t,0,10,1115,14,,4688,7,182,0,2024
210668,0,1,t,434,1,1116,15,,4695,7,191,7,2024
210669,0,1,t,404,2,1116,15,,4695,7,117,3,2024
210670,0,1,t,370,3,1116,15,,4695,7,6,2,2024
210671,0,1,t,276,4,1116,15,,4695,7,48,3,2024
210672,0,5,t,74,5,1116,15,,4695,7,64,0,2024
210673,0,7,t,34,6,1116,15,,4695,7,211,0,2024
210674,0,6,t,27,7,1116,15,,4695,7,207,0,2024
210675,0,9,t,13,8,1116,15,,4695,7,210,0,2024
210676,0,9,t,4,9,1116,15,,4695,7,141,0,2024
210677,0,11,t,0,10,1116,15,,4695,7,182,0,2024
210678,0,1,t,446,1,1117,16,,4702,7,191,7,2024
210679,0,1,t,438,2,1117,16,,4702,7,117,3,2024
210680,0,1,t,407,3,1117,16,,4702,7,6,3,2024
210681,0,1,t,292,4,1117,16,,4702,7,48,3,2024
210682,0,5,t,74,5,1117,16,,4702,7,64,0,2024
210683,0,7,t,34,6,1117,16,,4702,7,211,0,2024
210684,0,6,t,28,7,1117,16,,4702,7,207,0,2024
210685,0,9,t,13,8,1117,16,,4702,7,210,0,2024
210686,0,9,t,6,9,1117,16,,4702,7,141,0,2024
210687,0,11,t,0,10,1117,16,,4702,7,182,0,2024
210688,0,1,t,476,1,1118,17,,4709,7,117,4,2024
210689,0,1,t,456,2,1118,17,,4709,7,191,7,2024
210690,0,1,t,425,3,1118,17,,4709,7,6,3,2024
210691,0,1,t,309,4,1118,17,,4709,7,48,3,2024
210692,0,5,t,82,5,1118,17,,4709,7,64,0,2024
210693,0,7,t,34,6,1118,17,,4709,7,211,0,2024
210694,0,6,t,29,7,1118,17,,4709,7,207,0,2024
210695,0,7,t,16,8,1118,17,,4709,7,141,0,2024
210696,0,9,t,13,9,1118,17,,4709,7,210,0,2024
210697,0,11,t,0,10,1118,17,,4709,7,182,0,2024
210698,0,1,t,516,1,1119,18,,4716,7,117,5,2024
210699,0,1,t,475,2,1119,18,,4716,7,191,7,2024
210700,0,1,t,441,3,1119,18,,4716,7,6,3,2024
210701,0,1,t,329,4,1119,18,,4716,7,48,3,2024
210702,0,5,t,86,5,1119,18,,4716,7,64,0,2024
210703,0,7,t,34,6,1119,18,,4716,7,211,0,2024
210704,0,6,t,31,7,1119,18,,4716,7,207,0,2024
210705,0,7,t,16,8,1119,18,,4716,7,141,0,2024
210706,0,9,t,13,9,1119,18,,4716,7,210,0,2024
210707,0,11,t,0,10,1119,18,,4716,7,182,0,2024
210708,0,1,t,522,1,,19,,4731,5,117,5,2024
210709,0,1,t,483,2,,19,,4731,5,191,7,2024
210710,0,1,t,453,3,,19,,4731,5,6,3,2024
210711,0,1,t,336,4,,19,,4731,5,48,3,2024
210712,0,5,t,86,5,,19,,4731,5,64,0,2024
210713,0,6,t,34,6,,19,,4731,5,207,0,2024
210714,0,7,t,34,7,,19,,4731,5,211,0,2024
210715,0,7,t,16,8,,19,,4731,5,141,0,2024
210716,0,9,t,13,9,,19,,4731,5,210,0,2024
210717,0,11,t,0,10,,19,,4731,5,182,0,2024
210718,0,1,t,544,1,1120,19,,4723,9,117,5,2024
210719,0,1,t,504,2,1120,19,,4723,9,191,7,2024
210720,0,1,t,496,3,1120,19,,4723,9,6,4,2024
210721,0,1,t,344,4,1120,19,,4723,9,48,3,2024
210722,0,5,t,86,5,1120,19,,4723,9,64,0,2024
210723,0,6,t,38,6,1120,19,,4723,9,207,0,2024
210724,0,7,t,36,7,1120,19,,4723,9,211,0,2024
210725,0,7,t,17,8,1120,19,,4723,9,141,0,2024
210726,0,9,t,13,9,1120,19,,4723,9,210,0,2024
210727,0,11,t,0,10,1120,19,,4723,9,182,0,2024
210728,0,1,t,566,1,1121,20,,4732,7,117,5,2024
210729,0,1,t,537,2,1121,20,,4732,7,6,5,2024
210730,0,1,t,512,3,1121,20,,4732,7,191,7,2024
210731,0,1,t,366,4,1121,20,,4732,7,48,3,2024
210732,0,5,t,86,5,1121,20,,4732,7,64,0,2024
210733,0,6,t,46,6,1121,20,,4732,7,207,0,2024
210734,0,7,t,36,7,1121,20,,4732,7,211,0,2024
210735,0,7,t,17,8,1121,20,,4732,7,141,0,2024
210736,0,9,t,14,9,1121,20,,4732,7,210,0,2024
210737,0,11,t,0,10,1121,20,,4732,7,182,0,2024
210738,0,1,t,581,1,,21,,4747,5,117,5,2024
210739,0,1,t,547,2,,21,,4747,5,6,5,2024
210740,0,1,t,518,3,,21,,4747,5,191,7,2024
210741,0,1,t,369,4,,21,,4747,5,48,3,2024
210742,0,5,t,86,5,,21,,4747,5,64,0,2024
210743,0,6,t,46,6,,21,,4747,5,207,0,2024
210744,0,7,t,36,7,,21,,4747,5,211,0,2024
210745,0,7,t,17,8,,21,,4747,5,141,0,2024
210746,0,9,t,16,9,,21,,4747,5,210,0,2024
210747,0,11,t,0,10,,21,,4747,5,182,0,2024
210748,0,1,t,593,1,1122,21,,4739,9,117,5,2024
210749,0,1,t,557,2,1122,21,,4739,9,6,5,2024
210750,0,1,t,544,3,1122,21,,4739,9,191,8,2024
210751,0,1,t,382,4,1122,21,,4739,9,48,3,2024
210752,0,5,t,86,5,1122,21,,4739,9,64,0,2024
210753,0,2,t,49,6,1122,21,,4739,9,210,0,2024
210754,0,6,t,46,7,1122,21,,4739,9,207,0,2024
210755,0,7,t,44,8,1122,21,,4739,9,211,0,2024
210756,0,7,t,17,9,1122,21,,4739,9,141,0,2024
210757,0,11,t,0,10,1122,21,,4739,9,182,0,2024
210758,0,1,t,608,1,1123,22,,4748,7,117,5,2024
210759,0,1,t,584,2,1123,22,,4748,7,6,5,2024
210760,0,1,t,555,3,1123,22,,4748,7,191,8,2024
210761,0,1,t,425,4,1123,22,,4748,7,48,4,2024
210762,0,5,t,86,5,1123,22,,4748,7,64,0,2024
210763,0,6,t,50,6,1123,22,,4748,7,207,0,2024
210764,0,2,t,49,7,1123,22,,4748,7,210,0,2024
210765,0,7,t,46,8,1123,22,,4748,7,211,0,2024
210766,0,7,t,17,9,1123,22,,4748,7,141,0,2024
210767,0,11,t,0,10,1123,22,,4748,7,182,0,2024
210768,0,1,t,623,1,,23,,4763,5,117,5,2024
210769,0,1,t,593,2,,23,,4763,5,6,5,2024
210770,0,1,t,556,3,,23,,4763,5,191,8,2024
210771,0,1,t,434,4,,23,,4763,5,48,4,2024
210772,0,5,t,86,5,,23,,4763,5,64,0,2024
210773,0,6,t,52,6,,23,,4763,5,207,0,2024
210774,0,2,t,49,7,,23,,4763,5,210,0,2024
210775,0,7,t,46,8,,23,,4763,5,211,0,2024
210776,0,7,t,17,9,,23,,4763,5,141,0,2024
210777,0,11,t,0,10,,23,,4763,5,182,0,2024
210778,0,1,t,640,1,1124,23,,4755,9,117,5,2024
210779,0,1,t,619,2,1124,23,,4755,9,6,5,2024
210780,0,1,t,581,3,1124,23,,4755,9,191,9,2024
210781,0,1,t,446,4,1124,23,,4755,9,48,4,2024
210782,0,5,t,92,5,1124,23,,4755,9,64,0,2024
210783,0,2,t,59,6,1124,23,,4755,9,210,0,2024
210784,0,6,t,54,7,1124,23,,4755,9,207,0,2024
210785,0,7,t,46,8,1124,23,,4755,9,211,0,2024
210786,0,7,t,17,9,1124,23,,4755,9,141,0,2024
210787,0,8,t,4,10,1124,23,,4755,9,182,0,2024
210788,0,1,t,666,1,1125,24,75,4764,7,117,6,2024
210789,0,1,t,652,2,1125,24,75,4764,7,6,5,2024
210790,0,1,t,589,3,1125,24,75,4764,7,191,9,2024
210791,0,1,t,468,4,1125,24,75,4764,7,48,4,2024
210792,0,5,t,94,5,1125,24,75,4764,7,64,0,2024
210793,0,2,t,65,6,1125,24,75,4764,7,210,0,2024
210794,0,6,t,58,7,1125,24,75,4764,7,207,0,2024
210795,0,7,t,46,8,1125,24,75,4764,7,211,0,2024
210796,0,7,t,17,9,1125,24,75,4764,7,141,0,2024
210797,0,8,t,4,10,1125,24,75,4764,7,182,0,2024
210798,0,1,t,27,1,1126,1,,4777,7,117,1,2025
210799,0,3,t,27,2,1126,1,,4777,7,48,0,2025
210800,0,2,t,18,3,1126,1,,4777,7,191,0,2025
210801,0,5,t,10,4,1126,1,,4777,7,141,0,2025
210802,0,6,t,8,5,1126,1,,4777,7,64,0,2025
210803,0,7,t,6,6,1126,1,,4777,7,182,0,2025
210804,0,8,t,5,7,1126,1,,4777,7,6,0,2025
210805,0,11,t,0,8,1126,1,,4777,7,210,0,2025
210806,0,12,t,0,9,1126,1,,4777,7,211,0,2025
210807,0,13,t,0,10,1126,1,,4777,7,207,0,2025
210808,0,1,t,35,1,,2,,4782,5,117,1,2025
210809,0,3,t,34,2,,2,,4782,5,48,0,2025
210810,0,2,t,24,3,,2,,4782,5,191,0,2025
210811,0,8,t,17,4,,2,,4782,5,6,0,2025
210812,0,5,t,10,5,,2,,4782,5,141,0,2025
210813,0,6,t,8,6,,2,,4782,5,64,0,2025
210814,0,7,t,6,7,,2,,4782,5,182,0,2025
210815,0,12,t,3,8,,2,,4782,5,211,0,2025
210816,0,11,t,0,9,,2,,4782,5,210,0,2025
210817,0,13,t,0,10,,2,,4782,5,207,0,2025
210818,0,1,t,78,1,1127,2,,4786,9,117,2,2025
210819,0,3,t,57,2,1127,2,,4786,9,48,0,2025
210820,0,2,t,36,3,1127,2,,4786,9,191,0,2025
210821,0,5,t,17,4,1127,2,,4786,9,141,0,2025
210822,0,8,t,17,5,1127,2,,4786,9,6,0,2025
210823,0,5,t,14,6,1127,2,,4786,9,207,0,2025
210824,0,6,t,10,7,1127,2,,4786,9,64,0,2025
210825,0,7,t,6,8,1127,2,,4786,9,182,0,2025
210826,0,11,t,3,9,1127,2,,4786,9,211,0,2025
210827,0,11,t,0,10,1127,2,,4786,9,210,0,2025
210828,0,1,t,111,1,1128,3,,4793,7,117,2,2025
210829,0,3,t,75,2,1128,3,,4793,7,48,0,2025
210830,0,1,t,61,3,1128,3,,4793,7,191,1,2025
210831,0,4,t,35,4,1128,3,,4793,7,6,0,2025
210832,0,5,t,19,5,1128,3,,4793,7,141,0,2025
210833,0,5,t,15,6,1128,3,,4793,7,207,0,2025
210834,0,6,t,10,7,1128,3,,4793,7,64,0,2025
210835,0,8,t,7,8,1128,3,,4793,7,211,0,2025
210836,0,7,t,6,9,1128,3,,4793,7,182,0,2025
210837,0,11,t,0,10,1128,3,,4793,7,210,0,2025
210838,0,1,t,151,1,1129,4,,4800,7,117,3,2025
210839,0,2,t,93,2,1129,4,,4800,7,48,0,2025
210840,0,1,t,71,3,1129,4,,4800,7,191,1,2025
210841,0,4,t,57,4,1129,4,,4800,7,6,0,2025
210842,0,5,t,20,5,1129,4,,4800,7,207,0,2025
210843,0,5,t,19,6,1129,4,,4800,7,141,0,2025
210844,0,6,t,10,7,1129,4,,4800,7,64,0,2025
210845,0,8,t,7,8,1129,4,,4800,7,211,0,2025
210846,0,7,t,6,9,1129,4,,4800,7,210,0,2025
210847,0,7,t,6,10,1129,4,,4800,7,182,0,2025
210848,0,1,t,188,1,1130,5,,4807,7,117,4,2025
210849,0,2,t,111,2,1130,5,,4807,7,48,0,2025
210850,0,1,t,89,3,1130,5,,4807,7,191,1,2025
210851,0,3,t,78,4,1130,5,,4807,7,6,0,2025
210852,0,5,t,25,5,1130,5,,4807,7,141,0,2025
210853,0,5,t,20,6,1130,5,,4807,7,207,0,2025
210854,0,6,t,10,7,1130,5,,4807,7,64,0,2025
210855,0,8,t,8,8,1130,5,,4807,7,211,0,2025
210856,0,7,t,6,9,1130,5,,4807,7,210,0,2025
210857,0,7,t,6,10,1130,5,,4807,7,182,0,2025
210858,0,1,t,203,1,,6,,4812,5,117,4,2025
210859,0,2,t,118,2,,6,,4812,5,48,0,2025
210860,0,1,t,92,3,,6,,4812,5,191,1,2025
210861,0,3,t,84,4,,6,,4812,5,6,0,2025
210862,0,5,t,25,5,,6,,4812,5,141,0,2025
210863,0,5,t,20,6,,6,,4812,5,207,0,2025
210864,0,6,t,14,7,,6,,4812,5,64,0,2025
210865,0,8,t,8,8,,6,,4812,5,211,0,2025
210866,0,7,t,7,9,,6,,4812,5,210,0,2025
210867,0,7,t,6,10,,6,,4812,5,182,0,2025
210868,0,1,t,246,1,1131,6,,4816,9,117,5,2025
210869,0,2,t,141,2,1131,6,,4816,9,48,0,2025
210870,0,1,t,105,3,1131,6,,4816,9,191,1,2025
210871,0,3,t,94,4,1131,6,,4816,9,6,0,2025
210872,0,5,t,37,5,1131,6,,4816,9,141,0,2025
210873,0,5,t,20,6,1131,6,,4816,9,207,0,2025
210874,0,6,t,14,7,1131,6,,4816,9,64,0,2025
210875,0,8,t,8,8,1131,6,,4816,9,211,0,2025
210876,0,7,t,7,9,1131,6,,4816,9,210,0,2025
210877,0,7,t,6,10,1131,6,,4816,9,182,0,2025
210878,0,1,t,279,1,1132,7,,4823,7,117,5,2025
210879,0,2,t,147,2,1132,7,,4823,7,48,0,2025
210880,0,1,t,131,3,1132,7,,4823,7,191,2,2025
210881,0,3,t,114,4,1132,7,,4823,7,6,0,2025
210882,0,5,t,51,5,1132,7,,4823,7,141,0,2025
210883,0,5,t,20,6,1132,7,,4823,7,207,0,2025
210884,0,6,t,14,7,1132,7,,4823,7,64,0,2025
210885,0,8,t,10,8,1132,7,,4823,7,211,0,2025
210886,0,7,t,7,9,1132,7,,4823,7,210,0,2025
210887,0,7,t,6,10,1132,7,,4823,7,182,0,2025
210888,0,1,t,319,1,1133,8,,4830,7,117,6,2025
210889,0,2,t,147,2,1133,8,,4830,7,48,0,2025
210890,0,1,t,143,3,1133,8,,4830,7,191,2,2025
210891,0,2,t,142,4,1133,8,,4830,7,6,0,2025
210892,0,5,t,54,5,1133,8,,4830,7,141,0,2025
210893,0,5,t,26,6,1133,8,,4830,7,207,0,2025
210894,0,6,t,22,7,1133,8,,4830,7,211,0,2025
210895,0,6,t,14,8,1133,8,,4830,7,64,0,2025
210896,0,7,t,7,9,1133,8,,4830,7,210,0,2025
210897,0,7,t,6,10,1133,8,,4830,7,182,0,2025
210898,0,1,t,362,1,1134,9,,4837,7,117,7,2025
210899,0,2,t,165,2,1134,9,,4837,7,6,0,2025
210900,0,2,t,159,3,1134,9,,4837,7,48,0,2025
210901,0,1,t,144,4,1134,9,,4837,7,191,2,2025
210902,0,5,t,54,5,1134,9,,4837,7,141,0,2025
210903,0,6,t,28,6,1134,9,,4837,7,211,0,2025
210904,0,5,t,26,7,1134,9,,4837,7,207,0,2025
210905,0,5,t,16,8,1134,9,,4837,7,182,0,2025
210906,0,6,t,16,9,1134,9,,4837,7,64,0,2025
210907,0,7,t,11,10,1134,9,,4837,7,210,0,2025
210908,0,1,t,374,1,1135,10,,4844,7,117,7,2025
210909,0,1,t,199,2,1135,10,,4844,7,48,1,2025
210910,0,2,t,183,3,1135,10,,4844,7,6,0,2025
210911,0,1,t,162,4,1135,10,,4844,7,191,2,2025
210912,0,5,t,55,5,1135,10,,4844,7,141,0,2025
210913,0,5,t,28,6,1135,10,,4844,7,207,0,2025
210914,0,6,t,28,7,1135,10,,4844,7,211,0,2025
210915,0,6,t,22,8,1135,10,,4844,7,64,0,2025
210916,0,5,t,20,9,1135,10,,4844,7,182,0,2025
210917,0,7,t,11,10,1135,10,,4844,7,210,0,2025
210918,0,1,t,417,1,1136,11,,4851,7,117,8,2025
210919,0,2,t,210,2,1136,11,,4851,7,6,0,2025
210920,0,1,t,209,3,1136,11,,4851,7,48,1,2025
210921,0,1,t,162,4,1136,11,,4851,7,191,2,2025
210922,0,5,t,55,5,1136,11,,4851,7,141,0,2025
210923,0,6,t,36,6,1136,11,,4851,7,211,0,2025
210924,0,5,t,29,7,1136,11,,4851,7,207,0,2025
210925,0,6,t,28,8,1136,11,,4851,7,64,0,2025
210926,0,5,t,26,9,1136,11,,4851,7,182,0,2025
210927,0,7,t,11,10,1136,11,,4851,7,210,0,2025
210928,0,1,t,460,1,1137,12,,4858,7,117,9,2025
210929,0,2,t,222,2,1137,12,,4858,7,6,0,2025
210930,0,1,t,210,3,1137,12,,4858,7,48,1,2025
210931,0,1,t,172,4,1137,12,,4858,7,191,2,2025
210932,0,5,t,59,5,1137,12,,4858,7,141,0,2025
210933,0,3,t,41,6,1137,12,,4858,7,182,0,2025
210934,0,6,t,36,7,1137,12,,4858,7,211,0,2025
210935,0,6,t,36,8,1137,12,,4858,7,64,0,2025
210936,0,5,t,29,9,1137,12,,4858,7,207,0,2025
210937,0,6,t,19,10,1137,12,,4858,7,210,0,2025
210938,0,1,t,473,1,,13,,4863,5,117,9,2025
210939,0,2,t,227,2,,13,,4863,5,6,0,2025
210940,0,1,t,210,3,,13,,4863,5,48,1,2025
210941,0,1,t,180,4,,13,,4863,5,191,2,2025
210942,0,5,t,62,5,,13,,4863,5,141,0,2025
210943,0,3,t,41,6,,13,,4863,5,182,0,2025
210944,0,6,t,37,7,,13,,4863,5,211,0,2025
210945,0,6,t,36,8,,13,,4863,5,64,0,2025
210946,0,5,t,35,9,,13,,4863,5,207,0,2025
210947,0,6,t,19,10,,13,,4863,5,210,0,2025
210948,0,1,t,516,1,1138,13,,4867,9,117,10,2025
210949,0,2,t,248,2,1138,13,,4867,9,6,0,2025
210950,0,1,t,220,3,1138,13,,4867,9,48,1,2025
210951,0,1,t,192,4,1138,13,,4867,9,191,2,2025
210952,0,5,t,70,5,1138,13,,4867,9,141,0,2025
210953,0,3,t,43,6,1138,13,,4867,9,182,0,2025
210954,0,6,t,41,7,1138,13,,4867,9,211,0,2025
210955,0,6,t,36,8,1138,13,,4867,9,64,0,2025
210956,0,5,t,35,9,1138,13,,4867,9,207,0,2025
210957,0,6,t,20,10,1138,13,,4867,9,210,0,2025
210958,0,1,t,559,1,1139,14,,4874,7,117,11,2025
210959,0,2,t,260,2,1139,14,,4874,7,6,0,2025
210960,0,1,t,236,3,1139,14,,4874,7,48,1,2025
210961,0,1,t,194,4,1139,14,,4874,7,191,2,2025
210962,0,5,t,70,5,1139,14,,4874,7,141,0,2025
210963,0,5,t,52,6,1139,14,,4874,7,64,0,2025
210964,0,3,t,51,7,1139,14,,4874,7,182,0,2025
210965,0,6,t,45,8,1139,14,,4874,7,211,0,2025
210966,0,5,t,35,9,1139,14,,4874,7,207,0,2025
210967,0,6,t,20,10,1139,14,,4874,7,210,0,2025
210968,0,1,t,584,1,1140,15,,4881,7,117,12,2025
210969,0,2,t,260,2,1140,15,,4881,7,6,0,2025
210970,0,1,t,248,3,1140,15,,4881,7,48,1,2025
210971,0,1,t,214,4,1140,15,,4881,7,191,2,2025
210972,0,5,t,80,5,1140,15,,4881,7,141,0,2025
210973,0,5,t,62,6,1140,15,,4881,7,64,0,2025
210974,0,3,t,60,7,1140,15,,4881,7,211,0,2025
210975,0,3,t,51,8,1140,15,,4881,7,182,0,2025
210976,0,5,t,44,9,1140,15,,4881,7,207,0,2025
210977,0,6,t,20,10,1140,15,,4881,7,210,0,2025
210978,0,1,t,617,1,1141,16,,4888,7,117,12,2025
210979,0,2,t,280,2,1141,16,,4888,7,6,0,2025
210980,0,1,t,260,3,1141,16,,4888,7,48,1,2025
210981,0,1,t,239,4,1141,16,,4888,7,191,3,2025
210982,0,5,t,86,5,1141,16,,4888,7,141,0,2025
210983,0,5,t,62,6,1141,16,,4888,7,64,0,2025
210984,0,3,t,61,7,1141,16,,4888,7,211,0,2025
210985,0,3,t,55,8,1141,16,,4888,7,182,0,2025
210986,0,5,t,44,9,1141,16,,4888,7,207,0,2025
210987,0,6,t,20,10,1141,16,,4888,7,210,0,2025
210988,0,1,t,623,1,1142,17,,4895,7,117,12,2025
210989,0,1,t,290,2,1142,17,,4895,7,48,1,2025
210990,0,2,t,286,3,1142,17,,4895,7,6,0,2025
210991,0,1,t,272,4,1142,17,,4895,7,191,4,2025
210992,0,3,t,101,5,1142,17,,4895,7,141,0,2025
210993,0,3,t,72,6,1142,17,,4895,7,211,0,2025
210994,0,5,t,62,7,1142,17,,4895,7,64,0,2025
210995,0,3,t,55,8,1142,17,,4895,7,182,0,2025
210996,0,5,t,44,9,1142,17,,4895,7,207,0,2025
210997,0,6,t,20,10,1142,17,,4895,7,210,0,2025
210998,0,1,t,650,1,1143,18,,4902,7,117,12,2025
210999,0,1,t,325,2,1143,18,,4902,7,48,2,2025
211000,0,2,t,298,3,1143,18,,4902,7,6,0,2025
211001,0,1,t,290,4,1143,18,,4902,7,191,4,2025
211002,0,3,t,102,5,1143,18,,4902,7,141,0,2025
211003,0,3,t,72,6,1143,18,,4902,7,211,0,2025
211004,0,5,t,68,7,1143,18,,4902,7,64,0,2025
211005,0,3,t,55,8,1143,18,,4902,7,182,0,2025
211006,0,5,t,46,9,1143,18,,4902,7,207,0,2025
211007,0,6,t,20,10,1143,18,,4902,7,210,0,2025
211008,0,1,t,650,1,,19,,4907,5,117,12,2025
211009,0,1,t,333,2,,19,,4907,5,48,2,2025
211010,0,2,t,307,3,,19,,4907,5,6,0,2025
211011,0,1,t,300,4,,19,,4907,5,191,4,2025
211012,0,3,t,111,5,,19,,4907,5,141,0,2025
211013,0,3,t,72,6,,19,,4907,5,211,0,2025
211014,0,5,t,68,7,,19,,4907,5,64,0,2025
211015,0,3,t,55,8,,19,,4907,5,182,0,2025
211016,0,5,t,46,9,,19,,4907,5,207,0,2025
211017,0,6,t,20,10,,19,,4907,5,210,0,2025
211018,0,1,t,678,1,1144,19,,4950,9,117,12,2025
211019,0,1,t,341,2,1144,19,,4950,9,48,2,2025
211020,0,2,t,334,3,1144,19,,4950,9,6,0,2025
211021,0,1,t,331,4,1144,19,,4950,9,191,5,2025
211022,0,3,t,111,5,1144,19,,4950,9,141,0,2025
211023,0,3,t,72,6,1144,19,,4950,9,211,0,2025
211024,0,5,t,69,7,1144,19,,4950,9,64,0,2025
211025,0,3,t,59,8,1144,19,,4950,9,182,0,2025
211026,0,5,t,48,9,1144,19,,4950,9,207,0,2025
211027,0,6,t,20,10,1144,19,,4950,9,210,0,2025
211028,0,1,t,713,1,1145,20,,4916,7,117,13,2025
211029,0,2,t,356,2,1145,20,,4916,7,6,0,2025
211030,0,1,t,355,3,1145,20,,4916,7,48,2,2025
211031,0,1,t,346,4,1145,20,,4916,7,191,5,2025
211032,0,3,t,111,5,1145,20,,4916,7,141,0,2025
211033,0,3,t,72,6,1145,20,,4916,7,211,0,2025
211034,0,5,t,69,7,1145,20,,4916,7,64,0,2025
211035,0,4,t,62,8,1145,20,,4916,7,207,0,2025
211036,0,3,t,60,9,1145,20,,4916,7,182,0,2025
211037,0,6,t,20,10,1145,20,,4916,7,210,0,2025
211038,0,1,t,721,1,,21,,4921,5,117,13,2025
211039,0,1,t,368,2,,21,,4921,5,48,2,2025
211040,0,2,t,362,3,,21,,4921,5,6,0,2025
211041,0,1,t,351,4,,21,,4921,5,191,5,2025
211042,0,3,t,111,5,,21,,4921,5,141,0,2025
211043,0,3,t,72,6,,21,,4921,5,211,0,2025
211044,0,5,t,72,7,,21,,4921,5,64,0,2025
211045,0,4,t,62,8,,21,,4921,5,207,0,2025
211046,0,3,t,60,9,,21,,4921,5,182,0,2025
211047,0,6,t,21,10,,21,,4921,5,210,0,2025
211048,0,1,t,756,1,1146,21,,4925,9,117,14,2025
211049,0,1,t,398,2,1146,21,,4925,9,48,2,2025
211050,0,1,t,366,3,1146,21,,4925,9,191,5,2025
211051,0,2,t,362,4,1146,21,,4925,9,6,0,2025
211052,0,3,t,111,5,1146,21,,4925,9,141,0,2025
211053,0,3,t,82,6,1146,21,,4925,9,211,0,2025
211054,0,5,t,72,7,1146,21,,4925,9,64,0,2025
211055,0,4,t,70,8,1146,21,,4925,9,207,0,2025
211056,0,3,t,62,9,1146,21,,4925,9,182,0,2025
211057,0,6,t,22,10,1146,21,,4925,9,210,0,2025
211058,0,1,t,756,1,1147,22,,4932,7,117,14,2025
211059,0,1,t,431,2,1147,22,,4932,7,48,2,2025
211060,0,1,t,391,3,1147,22,,4932,7,191,6,2025
211061,0,2,t,378,4,1147,22,,4932,7,6,0,2025
211062,0,3,t,121,5,1147,22,,4932,7,141,0,2025
211063,0,3,t,90,6,1147,22,,4932,7,211,0,2025
211064,0,4,t,73,7,1147,22,,4932,7,207,0,2025
211065,0,5,t,72,8,1147,22,,4932,7,64,0,2025
211066,0,3,t,68,9,1147,22,,4932,7,182,0,2025
211067,0,6,t,22,10,1147,22,,4932,7,210,0,2025
211068,0,1,t,770,1,,23,,4937,5,117,14,2025
211069,0,1,t,441,2,,23,,4937,5,48,2,2025
211070,0,1,t,400,3,,23,,4937,5,191,6,2025
211071,0,2,t,378,4,,23,,4937,5,6,0,2025
211072,0,3,t,122,5,,23,,4937,5,141,0,2025
211073,0,3,t,90,6,,23,,4937,5,211,0,2025
211074,0,5,t,74,7,,23,,4937,5,64,0,2025
211075,0,4,t,73,8,,23,,4937,5,207,0,2025
211076,0,3,t,68,9,,23,,4937,5,182,0,2025
211077,0,6,t,22,10,,23,,4937,5,210,0,2025
211078,0,1,t,800,1,1148,23,,4941,9,117,14,2025
211079,0,1,t,459,2,1148,23,,4941,9,48,2,2025
211080,0,1,t,426,3,1148,23,,4941,9,191,7,2025
211081,0,2,t,382,4,1148,23,,4941,9,6,0,2025
211082,0,3,t,137,5,1148,23,,4941,9,141,0,2025
211083,0,3,t,92,6,1148,23,,4941,9,211,0,2025
211084,0,5,t,80,7,1148,23,,4941,9,64,0,2025
211085,0,4,t,73,8,1148,23,,4941,9,207,0,2025
211086,0,3,t,68,9,1148,23,,4941,9,182,0,2025
211087,0,6,t,22,10,1148,23,,4941,9,210,0,2025
211088,0,1,t,833,1,1149,24,76,4948,7,117,14,2025
211089,0,1,t,469,2,1149,24,76,4948,7,48,2,2025
211090,0,1,t,451,3,1149,24,76,4948,7,191,8,2025
211091,0,2,t,398,4,1149,24,76,4948,7,6,0,2025
211092,0,3,t,137,5,1149,24,76,4948,7,141,0,2025
211093,0,3,t,92,6,1149,24,76,4948,7,211,0,2025
211094,0,5,t,89,7,1149,24,76,4948,7,64,0,2025
211095,0,4,t,79,8,1149,24,76,4948,7,207,0,2025
211096,0,3,t,70,9,1149,24,76,4948,7,182,0,2025
211097,0,6,t,22,10,1149,24,76,4948,7,210,0,2025
211186,0,1,t,98,1,1175,2,,5146,9,48,2,2026
211187,0,3,t,67,2,1175,2,,5146,9,6,0,2026
211188,0,5,t,18,3,1175,2,,5146,9,117,0,2026
211189,0,5,t,17,4,1175,2,,5146,9,207,0,2026
211190,0,6,t,12,5,1175,2,,5146,9,191,0,2026
211191,0,7,t,12,6,1175,2,,5146,9,211,0,2026
211192,0,6,t,10,7,1175,2,,5146,9,210,0,2026
211193,0,9,t,2,8,1175,2,,5146,9,215,0,2026
211194,0,9,t,2,9,1175,2,,5146,9,141,0,2026
211195,0,13,t,0,10,1175,2,,5146,9,216,0,2026
211196,0,,t,0,11,1175,2,,5146,9,64,0,2026
211692,0,1,t,98,1,,3,,5150,4,48,2,2026
211693,0,3,t,67,2,,3,,5150,4,6,0,2026
211694,0,5,t,18,3,,3,,5150,4,117,0,2026
211695,0,5,t,17,4,,3,,5150,4,207,0,2026
211696,0,6,t,12,5,,3,,5150,4,191,0,2026
211697,0,7,t,12,6,,3,,5150,4,211,0,2026
211698,0,6,t,10,7,,3,,5150,4,210,0,2026
211699,0,9,t,2,8,,3,,5150,4,215,0,2026
211700,0,9,t,2,9,,3,,5150,4,141,0,2026
211701,0,13,t,0,10,,3,,5150,4,216,0,2026
211702,0,,t,0,11,,3,,5150,4,64,0,2026
211703,0,1,t,98,1,,3,,5151,5,48,2,2026
211704,0,3,t,67,2,,3,,5151,5,6,0,2026
211705,0,5,t,18,3,,3,,5151,5,117,0,2026
211706,0,5,t,17,4,,3,,5151,5,207,0,2026
211707,0,6,t,12,5,,3,,5151,5,191,0,2026
211708,0,7,t,12,6,,3,,5151,5,211,0,2026
211709,0,6,t,10,7,,3,,5151,5,210,0,2026
211710,0,9,t,2,8,,3,,5151,5,215,0,2026
211711,0,9,t,2,9,,3,,5151,5,141,0,2026
211712,0,13,t,0,10,,3,,5151,5,216,0,2026
211713,0,,t,0,11,,3,,5151,5,64,0,2026
211714,0,1,t,98,1,,3,,5152,6,48,2,2026
211715,0,3,t,67,2,,3,,5152,6,6,0,2026
211716,0,5,t,18,3,,3,,5152,6,117,0,2026
211717,0,5,t,17,4,,3,,5152,6,207,0,2026
211718,0,6,t,12,5,,3,,5152,6,191,0,2026
211719,0,7,t,12,6,,3,,5152,6,211,0,2026
211720,0,6,t,10,7,,3,,5152,6,210,0,2026
211721,0,9,t,2,8,,3,,5152,6,215,0,2026
211722,0,9,t,2,9,,3,,5152,6,141,0,2026
211723,0,13,t,0,10,,3,,5152,6,216,0,2026
211724,0,,t,0,11,,3,,5152,6,64,0,2026
211989,0,1,t,135,1,1176,3,,5153,7,48,3,2026
211990,0,3,t,90,2,1176,3,,5153,7,6,0,2026
211991,0,2,t,46,3,1176,3,,5153,7,117,0,2026
211992,0,5,t,18,4,1176,3,,5153,7,207,0,2026
211993,0,6,t,16,5,1176,3,,5153,7,210,0,2026
211994,0,6,t,16,6,1176,3,,5153,7,191,0,2026
211995,0,7,t,14,7,1176,3,,5153,7,211,0,2026
211996,0,9,t,2,8,1176,3,,5153,7,215,0,2026
211997,0,9,t,2,9,1176,3,,5153,7,141,0,2026
211998,0,13,t,0,10,1176,3,,5153,7,216,0,2026
211999,0,18,t,0,11,1176,3,,5153,7,64,0,2026
212715,0,1,t,143,1,,4,,5172,5,48,3,2026
212716,0,3,t,98,2,,4,,5172,5,6,0,2026
212717,0,2,t,61,3,,4,,5172,5,117,0,2026
212718,0,6,t,20,4,,4,,5172,5,191,0,2026
212719,0,5,t,18,5,,4,,5172,5,207,0,2026
212720,0,6,t,17,6,,4,,5172,5,210,0,2026
212721,0,7,t,14,7,,4,,5172,5,211,0,2026
212722,0,9,t,2,8,,4,,5172,5,215,0,2026
212723,0,9,t,2,9,,4,,5172,5,141,0,2026
212724,0,13,t,0,10,,4,,5172,5,216,0,2026
212725,0,18,t,0,11,,4,,5172,5,64,0,2026
213034,0,1,t,143,1,,4,,5173,6,48,3,2026
213035,0,3,t,98,2,,4,,5173,6,6,0,2026
213036,0,2,t,61,3,,4,,5173,6,117,0,2026
213037,0,6,t,20,4,,4,,5173,6,191,0,2026
213038,0,5,t,18,5,,4,,5173,6,207,0,2026
213039,0,6,t,17,6,,4,,5173,6,210,0,2026
213040,0,7,t,14,7,,4,,5173,6,211,0,2026
213041,0,9,t,2,8,,4,,5173,6,215,0,2026
213042,0,9,t,2,9,,4,,5173,6,141,0,2026
213043,0,13,t,0,10,,4,,5173,6,216,0,2026
213044,0,18,t,0,11,,4,,5173,6,64,0,2026
213045,0,1,t,143,1,,4,,5174,7,48,3,2026
213046,0,3,t,98,2,,4,,5174,7,6,0,2026
213047,0,2,t,61,3,,4,,5174,7,117,0,2026
213048,0,6,t,20,4,,4,,5174,7,191,0,2026
213049,0,5,t,18,5,,4,,5174,7,207,0,2026
213050,0,6,t,17,6,,4,,5174,7,210,0,2026
213051,0,7,t,14,7,,4,,5174,7,211,0,2026
213052,0,9,t,2,8,,4,,5174,7,215,0,2026
213053,0,9,t,2,9,,4,,5174,7,141,0,2026
213054,0,13,t,0,10,,4,,5174,7,216,0,2026
213055,0,18,t,0,11,,4,,5174,7,64,0,2026
213056,0,1,t,143,1,,4,,5175,8,48,3,2026
213057,0,3,t,98,2,,4,,5175,8,6,0,2026
213058,0,2,t,61,3,,4,,5175,8,117,0,2026
213059,0,6,t,20,4,,4,,5175,8,191,0,2026
213060,0,5,t,18,5,,4,,5175,8,207,0,2026
213061,0,6,t,17,6,,4,,5175,8,210,0,2026
213062,0,7,t,14,7,,4,,5175,8,211,0,2026
213063,0,9,t,2,8,,4,,5175,8,215,0,2026
213064,0,9,t,2,9,,4,,5175,8,141,0,2026
213065,0,13,t,0,10,,4,,5175,8,216,0,2026
213066,0,18,t,0,11,,4,,5175,8,64,0,2026
213628,0,1,t,180,1,1179,4,,5176,9,48,4,2026
213629,0,3,t,110,2,1179,4,,5176,9,6,0,2026
213630,0,2,t,94,3,1179,4,,5176,9,117,0,2026
213631,0,5,t,30,4,1179,4,,5176,9,191,0,2026
213632,0,6,t,23,5,1179,4,,5176,9,210,0,2026
213633,0,5,t,18,6,1179,4,,5176,9,207,0,2026
213634,0,7,t,14,7,1179,4,,5176,9,211,0,2026
213635,0,9,t,5,8,1179,4,,5176,9,141,0,2026
213636,0,9,t,2,9,1179,4,,5176,9,215,0,2026
213637,0,13,t,0,10,1179,4,,5176,9,216,0,2026
213638,0,15,t,0,11,1179,4,,5176,9,64,0,2026
214827,0,1,t,194,1,,5,,5181,5,48,4,2026
214828,0,3,t,117,2,,5,,5181,5,6,0,2026
214829,0,2,t,106,3,,5,,5181,5,117,0,2026
214830,0,5,t,32,4,,5,,5181,5,191,0,2026
214831,0,6,t,23,5,,5,,5181,5,210,0,2026
214832,0,5,t,18,6,,5,,5181,5,207,0,2026
214833,0,7,t,15,7,,5,,5181,5,211,0,2026
214834,0,9,t,5,8,,5,,5181,5,141,0,2026
214835,0,9,t,2,9,,5,,5181,5,215,0,2026
214836,0,13,t,0,10,,5,,5181,5,216,0,2026
214837,0,15,t,0,11,,5,,5181,5,64,0,2026
215047,0,1,t,194,1,,5,,5182,6,48,4,2026
215048,0,3,t,117,2,,5,,5182,6,6,0,2026
215049,0,2,t,106,3,,5,,5182,6,117,0,2026
215050,0,5,t,32,4,,5,,5182,6,191,0,2026
215051,0,6,t,23,5,,5,,5182,6,210,0,2026
215052,0,5,t,18,6,,5,,5182,6,207,0,2026
215053,0,7,t,15,7,,5,,5182,6,211,0,2026
215054,0,9,t,5,8,,5,,5182,6,141,0,2026
215055,0,9,t,2,9,,5,,5182,6,215,0,2026
215056,0,13,t,0,10,,5,,5182,6,216,0,2026
215057,0,15,t,0,11,,5,,5182,6,64,0,2026
215058,0,1,t,194,1,,5,,5183,7,48,4,2026
215059,0,3,t,117,2,,5,,5183,7,6,0,2026
215060,0,2,t,106,3,,5,,5183,7,117,0,2026
215061,0,5,t,32,4,,5,,5183,7,191,0,2026
215062,0,6,t,23,5,,5,,5183,7,210,0,2026
215063,0,5,t,18,6,,5,,5183,7,207,0,2026
215064,0,7,t,15,7,,5,,5183,7,211,0,2026
215065,0,9,t,5,8,,5,,5183,7,141,0,2026
215066,0,9,t,2,9,,5,,5183,7,215,0,2026
215067,0,13,t,0,10,,5,,5183,7,216,0,2026
215068,0,15,t,0,11,,5,,5183,7,64,0,2026
215069,0,1,t,194,1,,5,,5184,8,48,4,2026
215070,0,3,t,117,2,,5,,5184,8,6,0,2026
215071,0,2,t,106,3,,5,,5184,8,117,0,2026
215072,0,5,t,32,4,,5,,5184,8,191,0,2026
215073,0,6,t,23,5,,5,,5184,8,210,0,2026
215074,0,5,t,18,6,,5,,5184,8,207,0,2026
215075,0,7,t,15,7,,5,,5184,8,211,0,2026
215076,0,9,t,5,8,,5,,5184,8,141,0,2026
215077,0,9,t,2,9,,5,,5184,8,215,0,2026
215078,0,13,t,0,10,,5,,5184,8,216,0,2026
215079,0,15,t,0,11,,5,,5184,8,64,0,2026
215322,0,1,t,219,1,1180,5,,5185,9,48,5,2026
215323,0,2,t,147,2,1180,5,,5185,9,6,0,2026
215324,0,2,t,106,3,1180,5,,5185,9,117,0,2026
215325,0,3,t,57,4,1180,5,,5185,9,191,0,2026
215326,0,6,t,35,5,1180,5,,5185,9,210,0,2026
215327,0,7,t,21,6,1180,5,,5185,9,211,0,2026
215328,0,5,t,19,7,1180,5,,5185,9,207,0,2026
215329,0,9,t,7,8,1180,5,,5185,9,141,0,2026
215330,0,9,t,2,9,1180,5,,5185,9,215,0,2026
215331,0,13,t,0,10,1180,5,,5185,9,216,0,2026
215332,0,15,t,0,11,1180,5,,5185,9,64,0,2026
216598,0,1,t,219,1,,6,,5189,4,48,5,2026
216599,0,2,t,147,2,,6,,5189,4,6,0,2026
216600,0,2,t,106,3,,6,,5189,4,117,0,2026
216601,0,3,t,57,4,,6,,5189,4,191,0,2026
216602,0,6,t,35,5,,6,,5189,4,210,0,2026
216603,0,7,t,21,6,,6,,5189,4,211,0,2026
216604,0,5,t,19,7,,6,,5189,4,207,0,2026
216605,0,9,t,7,8,,6,,5189,4,141,0,2026
216606,0,9,t,2,9,,6,,5189,4,215,0,2026
216607,0,13,t,0,10,,6,,5189,4,216,0,2026
216608,0,15,t,0,11,,6,,5189,4,64,0,2026
216609,0,1,t,219,1,,6,,5190,5,48,5,2026
216610,0,2,t,147,2,,6,,5190,5,6,0,2026
216611,0,2,t,106,3,,6,,5190,5,117,0,2026
216612,0,3,t,57,4,,6,,5190,5,191,0,2026
216613,0,6,t,35,5,,6,,5190,5,210,0,2026
216614,0,7,t,21,6,,6,,5190,5,211,0,2026
216615,0,5,t,19,7,,6,,5190,5,207,0,2026
216616,0,9,t,7,8,,6,,5190,5,141,0,2026
216617,0,9,t,2,9,,6,,5190,5,215,0,2026
216618,0,13,t,0,10,,6,,5190,5,216,0,2026
216619,0,15,t,0,11,,6,,5190,5,64,0,2026
216620,0,1,t,219,1,,6,,5191,6,48,5,2026
216621,0,2,t,147,2,,6,,5191,6,6,0,2026
216622,0,2,t,106,3,,6,,5191,6,117,0,2026
216623,0,3,t,57,4,,6,,5191,6,191,0,2026
216624,0,6,t,35,5,,6,,5191,6,210,0,2026
216625,0,7,t,21,6,,6,,5191,6,211,0,2026
216626,0,5,t,19,7,,6,,5191,6,207,0,2026
216627,0,9,t,7,8,,6,,5191,6,141,0,2026
216628,0,9,t,2,9,,6,,5191,6,215,0,2026
216629,0,13,t,0,10,,6,,5191,6,216,0,2026
216630,0,15,t,0,11,,6,,5191,6,64,0,2026
216917,0,1,t,244,1,1181,6,,5192,9,48,6,2026
216918,0,2,t,165,2,1181,6,,5192,9,6,0,2026
216919,0,2,t,116,3,1181,6,,5192,9,117,0,2026
216920,0,3,t,69,4,1181,6,,5192,9,191,0,2026
216921,0,3,t,50,5,1181,6,,5192,9,210,0,2026
216922,0,6,t,35,6,1181,6,,5192,9,211,0,2026
216923,0,5,t,21,7,1181,6,,5192,9,207,0,2026
216924,0,8,t,11,8,1181,6,,5192,9,141,0,2026
216925,0,9,t,2,9,1181,6,,5192,9,215,0,2026
216926,0,13,t,0,11,1181,6,,5192,9,216,0,2026
216927,0,10,t,1,10,1181,6,,5192,9,64,0,2026
219304,0,1,t,244,1,,7,,5196,4,48,6,2026
219305,0,2,t,165,2,,7,,5196,4,6,0,2026
219306,0,2,t,116,3,,7,,5196,4,117,0,2026
219307,0,3,t,69,4,,7,,5196,4,191,0,2026
219308,0,3,t,50,5,,7,,5196,4,210,0,2026
219309,0,6,t,35,6,,7,,5196,4,211,0,2026
219310,0,5,t,21,7,,7,,5196,4,207,0,2026
219311,0,8,t,11,8,,7,,5196,4,141,0,2026
219312,0,9,t,2,9,,7,,5196,4,215,0,2026
219313,0,10,t,1,10,,7,,5196,4,64,0,2026
219314,0,13,t,0,11,,7,,5196,4,216,0,2026
219315,0,1,t,244,1,,7,,5197,5,48,6,2026
219316,0,2,t,165,2,,7,,5197,5,6,0,2026
219317,0,2,t,116,3,,7,,5197,5,117,0,2026
219318,0,3,t,69,4,,7,,5197,5,191,0,2026
219319,0,3,t,50,5,,7,,5197,5,210,0,2026
219320,0,6,t,35,6,,7,,5197,5,211,0,2026
219321,0,5,t,21,7,,7,,5197,5,207,0,2026
219322,0,8,t,11,8,,7,,5197,5,141,0,2026
219323,0,9,t,2,9,,7,,5197,5,215,0,2026
219324,0,10,t,1,10,,7,,5197,5,64,0,2026
219325,0,13,t,0,11,,7,,5197,5,216,0,2026
219326,0,1,t,244,1,,7,,5198,6,48,6,2026
219327,0,2,t,165,2,,7,,5198,6,6,0,2026
219328,0,2,t,116,3,,7,,5198,6,117,0,2026
219329,0,3,t,69,4,,7,,5198,6,191,0,2026
219330,0,3,t,50,5,,7,,5198,6,210,0,2026
219331,0,6,t,35,6,,7,,5198,6,211,0,2026
219332,0,5,t,21,7,,7,,5198,6,207,0,2026
219333,0,8,t,11,8,,7,,5198,6,141,0,2026
219334,0,9,t,2,9,,7,,5198,6,215,0,2026
219335,0,10,t,1,10,,7,,5198,6,64,0,2026
219336,0,13,t,0,11,,7,,5198,6,216,0,2026
219667,0,1,t,262,1,1182,7,,5199,7,48,6,2026
219668,0,1,t,190,2,1182,7,,5199,7,6,1,2026
219669,0,2,t,141,3,1182,7,,5199,7,117,0,2026
219670,0,3,t,89,4,1182,7,,5199,7,191,0,2026
219671,0,3,t,57,5,1182,7,,5199,7,210,0,2026
219672,0,6,t,41,6,1182,7,,5199,7,211,0,2026
219673,0,5,t,21,7,1182,7,,5199,7,207,0,2026
219674,0,8,t,11,8,1182,7,,5199,7,141,0,2026
219675,0,9,t,2,9,1182,7,,5199,7,215,0,2026
219676,0,10,t,1,10,1182,7,,5199,7,64,0,2026
219677,0,13,t,0,11,1182,7,,5199,7,216,0,2026
221383,0,1,t,262,1,,8,,5203,4,48,6,2026
221384,0,1,t,190,2,,8,,5203,4,6,1,2026
221385,0,2,t,141,3,,8,,5203,4,117,0,2026
221386,0,3,t,89,4,,8,,5203,4,191,0,2026
221387,0,3,t,57,5,,8,,5203,4,210,0,2026
221388,0,6,t,41,6,,8,,5203,4,211,0,2026
221389,0,5,t,21,7,,8,,5203,4,207,0,2026
221390,0,8,t,11,8,,8,,5203,4,141,0,2026
221391,0,9,t,2,9,,8,,5203,4,215,0,2026
221392,0,10,t,1,10,,8,,5203,4,64,0,2026
221393,0,13,t,0,11,,8,,5203,4,216,0,2026
221394,0,1,t,262,1,,8,,5204,5,48,6,2026
221395,0,1,t,190,2,,8,,5204,5,6,1,2026
221396,0,2,t,141,3,,8,,5204,5,117,0,2026
221397,0,3,t,89,4,,8,,5204,5,191,0,2026
221398,0,3,t,57,5,,8,,5204,5,210,0,2026
221399,0,6,t,41,6,,8,,5204,5,211,0,2026
221400,0,5,t,21,7,,8,,5204,5,207,0,2026
221401,0,8,t,11,8,,8,,5204,5,141,0,2026
221402,0,9,t,2,9,,8,,5204,5,215,0,2026
221403,0,10,t,1,10,,8,,5204,5,64,0,2026
221404,0,13,t,0,11,,8,,5204,5,216,0,2026
221405,0,1,t,262,1,,8,,5205,6,48,6,2026
221406,0,1,t,190,2,,8,,5205,6,6,1,2026
221407,0,2,t,141,3,,8,,5205,6,117,0,2026
221408,0,3,t,89,4,,8,,5205,6,191,0,2026
221409,0,3,t,57,5,,8,,5205,6,210,0,2026
221410,0,6,t,41,6,,8,,5205,6,211,0,2026
221411,0,5,t,21,7,,8,,5205,6,207,0,2026
221412,0,8,t,11,8,,8,,5205,6,141,0,2026
221413,0,9,t,2,9,,8,,5205,6,215,0,2026
221414,0,10,t,1,10,,8,,5205,6,64,0,2026
221415,0,13,t,0,11,,8,,5205,6,216,0,2026
221790,0,1,t,302,1,1183,8,,5206,7,48,7,2026
221791,0,1,t,204,2,1183,8,,5206,7,6,1,2026
221792,0,2,t,159,3,1183,8,,5206,7,117,0,2026
221793,0,2,t,115,4,1183,8,,5206,7,191,0,2026
221794,0,3,t,57,5,1183,8,,5206,7,210,0,2026
221795,0,6,t,44,6,1183,8,,5206,7,211,0,2026
221796,0,5,t,21,7,1183,8,,5206,7,207,0,2026
221797,0,8,t,11,8,1183,8,,5206,7,141,0,2026
221798,0,9,t,2,9,1183,8,,5206,7,215,0,2026
221799,0,10,t,1,10,1183,8,,5206,7,64,0,2026
221800,0,13,t,0,11,1183,8,,5206,7,216,0,2026
222956,0,1,t,315,1,,9,,5211,5,48,7,2026
222957,0,1,t,215,2,,9,,5211,5,6,1,2026
222958,0,2,t,167,3,,9,,5211,5,117,0,2026
222959,0,2,t,118,4,,9,,5211,5,191,0,2026
222960,0,3,t,57,5,,9,,5211,5,210,0,2026
222961,0,6,t,45,6,,9,,5211,5,211,0,2026
222962,0,5,t,21,7,,9,,5211,5,207,0,2026
222963,0,8,t,11,8,,9,,5211,5,141,0,2026
222964,0,9,t,2,9,,9,,5211,5,215,0,2026
222965,0,10,t,1,10,,9,,5211,5,64,0,2026
222966,0,13,t,0,11,,9,,5211,5,216,0,2026
223363,0,1,t,315,1,,9,,5212,6,48,7,2026
223364,0,1,t,215,2,,9,,5212,6,6,1,2026
223365,0,2,t,167,3,,9,,5212,6,117,0,2026
223366,0,2,t,118,4,,9,,5212,6,191,0,2026
223367,0,3,t,57,5,,9,,5212,6,210,0,2026
223368,0,6,t,45,6,,9,,5212,6,211,0,2026
223369,0,5,t,21,7,,9,,5212,6,207,0,2026
223370,0,8,t,11,8,,9,,5212,6,141,0,2026
223371,0,9,t,2,9,,9,,5212,6,215,0,2026
223372,0,10,t,1,10,,9,,5212,6,64,0,2026
223373,0,13,t,0,11,,9,,5212,6,216,0,2026
223374,0,1,t,315,1,,9,,5213,7,48,7,2026
223375,0,1,t,215,2,,9,,5213,7,6,1,2026
223376,0,2,t,167,3,,9,,5213,7,117,0,2026
223377,0,2,t,118,4,,9,,5213,7,191,0,2026
223378,0,3,t,57,5,,9,,5213,7,210,0,2026
223379,0,6,t,45,6,,9,,5213,7,211,0,2026
223380,0,5,t,21,7,,9,,5213,7,207,0,2026
223381,0,8,t,11,8,,9,,5213,7,141,0,2026
223382,0,9,t,2,9,,9,,5213,7,215,0,2026
223383,0,10,t,1,10,,9,,5213,7,64,0,2026
223384,0,13,t,0,11,,9,,5213,7,216,0,2026
223385,0,1,t,315,1,,9,,5214,8,48,7,2026
223386,0,1,t,215,2,,9,,5214,8,6,1,2026
223387,0,2,t,167,3,,9,,5214,8,117,0,2026
223388,0,2,t,118,4,,9,,5214,8,191,0,2026
223389,0,3,t,57,5,,9,,5214,8,210,0,2026
223390,0,6,t,45,6,,9,,5214,8,211,0,2026
223391,0,5,t,21,7,,9,,5214,8,207,0,2026
223392,0,8,t,11,8,,9,,5214,8,141,0,2026
223393,0,9,t,2,9,,9,,5214,8,215,0,2026
223394,0,10,t,1,10,,9,,5214,8,64,0,2026
223395,0,13,t,0,11,,9,,5214,8,216,0,2026
223825,0,1,t,333,1,1184,9,77,5215,9,48,7,2026
223826,0,1,t,255,2,1184,9,77,5215,9,6,2,2026
223827,0,2,t,179,3,1184,9,77,5215,9,117,0,2026
223828,0,2,t,128,4,1184,9,77,5215,9,191,0,2026
223829,0,3,t,60,5,1184,9,77,5215,9,210,0,2026
223830,0,6,t,59,6,1184,9,77,5215,9,211,0,2026
223831,0,5,t,21,7,1184,9,77,5215,9,207,0,2026
223832,0,8,t,11,8,1184,9,77,5215,9,141,0,2026
223833,0,8,t,6,9,1184,9,77,5215,9,215,0,2026
223834,0,10,t,1,10,1184,9,77,5215,9,64,0,2026
223835,0,13,t,0,11,1184,9,77,5215,9,216,0,2026
